# MagicaVoxel @ Ephtracy

# group
o 

# material
mtllib SSSS.mtl
usemtl palette

# normals
vn -1 0 0
vn 1 0 0
vn 0 0 1
vn 0 0 -1
vn 0 -1 0
vn 0 1 0

# texcoords
vt 0.0371094 0.5
vt 0.134766 0.5
vt 0.162109 0.5
vt 0.369141 0.5
vt 0.533203 0.5
vt 0.537109 0.5
vt 0.626953 0.5
vt 0.775391 0.5
vt 0.779297 0.5
vt 0.888672 0.5
vt 0.892578 0.5
vt 0.958984 0.5

# verts
v -3.1 0.7 2.9
v -3.1 0.7 2.8
v -3.1 0.8 2.8
v -3.1 0.8 2.7
v -3.1 0.9 3
v -3.1 0.9 2.9
v -3.1 1 3
v -3.1 1 2.7
v -3.1 1.3 2.8
v -3.1 1.3 2.7
v -3.1 1.3 2.6
v -3.1 1.3 2.5
v -3.1 1.3 2.3
v -3.1 1.3 2.2
v -3.1 1.3 2
v -3.1 1.3 1.9
v -3.1 1.3 -2.3
v -3.1 1.3 -2.4
v -3.1 1.3 -2.5
v -3.1 1.3 -2.6
v -3.1 1.3 -2.8
v -3.1 1.3 -2.9
v -3.1 1.4 2.6
v -3.1 1.4 2.5
v -3.1 1.4 2.4
v -3.1 1.4 2
v -3.1 1.4 1.9
v -3.1 1.4 1.8
v -3.1 1.4 -2.2
v -3.1 1.4 -2.3
v -3.1 1.4 -2.4
v -3.1 1.4 -2.7
v -3.1 1.4 -2.8
v -3.1 1.4 -2.9
v -3.1 1.4 -3
v -3.1 1.5 2.7
v -3.1 1.5 2.5
v -3.1 1.5 2.4
v -3.1 1.5 2.3
v -3.1 1.5 2.2
v -3.1 1.5 1.9
v -3.1 1.5 -2.3
v -3.1 1.5 -2.5
v -3.1 1.5 -2.6
v -3.1 1.5 -2.7
v -3.1 1.5 -2.8
v -3.1 1.5 -2.9
v -3.1 1.6 2.8
v -3.1 1.6 1.8
v -3.1 1.6 1.6
v -3.1 1.6 1.5
v -3.1 1.6 1.3
v -3.1 1.6 1.2
v -3.1 1.6 1.1
v -3.1 1.6 1
v -3.1 1.6 0.8
v -3.1 1.6 0.7
v -3.1 1.6 0.5
v -3.1 1.6 0.4
v -3.1 1.6 0.2
v -3.1 1.6 0.0999999
v -3.1 1.6 0
v -3.1 1.6 -0.0999999
v -3.1 1.6 -0.3
v -3.1 1.6 -0.4
v -3.1 1.6 -0.6
v -3.1 1.6 -0.7
v -3.1 1.6 -0.9
v -3.1 1.6 -1
v -3.1 1.6 -1.1
v -3.1 1.6 -1.2
v -3.1 1.6 -1.3
v -3.1 1.6 -1.4
v -3.1 1.6 -1.6
v -3.1 1.6 -1.7
v -3.1 1.6 -1.9
v -3.1 1.6 -2
v -3.1 1.6 -2.1
v -3.1 1.6 -2.2
v -3.1 1.6 -2.7
v -3.1 1.6 -2.8
v -3.1 1.6 -3
v -3.1 1.7 1.7
v -3.1 1.7 1.6
v -3.1 1.7 1.5
v -3.1 1.7 1.4
v -3.1 1.7 1.3
v -3.1 1.7 1.2
v -3.1 1.7 1.1
v -3.1 1.7 1
v -3.1 1.7 0.9
v -3.1 1.7 0.6
v -3.1 1.7 0.5
v -3.1 1.7 0.4
v -3.1 1.7 0.3
v -3.1 1.7 0.2
v -3.1 1.7 0.0999999
v -3.1 1.7 0
v -3.1 1.7 -0.0999999
v -3.1 1.7 -0.2
v -3.1 1.7 -0.5
v -3.1 1.7 -0.6
v -3.1 1.7 -0.7
v -3.1 1.7 -0.8
v -3.1 1.7 -0.9
v -3.1 1.7 -1
v -3.1 1.7 -1.3
v -3.1 1.7 -1.4
v -3.1 1.7 -1.5
v -3.1 1.7 -1.6
v -3.1 1.7 -1.7
v -3.1 1.7 -1.8
v -3.1 1.7 -2.7
v -3.1 1.7 -2.8
v -3.1 1.8 1.8
v -3.1 1.8 1.7
v -3.1 1.8 1.6
v -3.1 1.8 1.4
v -3.1 1.8 1.3
v -3.1 1.8 1
v -3.1 1.8 0.9
v -3.1 1.8 0.8
v -3.1 1.8 0.7
v -3.1 1.8 0.6
v -3.1 1.8 0.5
v -3.1 1.8 0.3
v -3.1 1.8 0.2
v -3.1 1.8 -0.0999999
v -3.1 1.8 -0.2
v -3.1 1.8 -0.3
v -3.1 1.8 -0.4
v -3.1 1.8 -0.5
v -3.1 1.8 -0.6
v -3.1 1.8 -0.8
v -3.1 1.8 -0.9
v -3.1 1.8 -1.1
v -3.1 1.8 -1.2
v -3.1 1.8 -1.4
v -3.1 1.8 -1.5
v -3.1 1.8 -1.7
v -3.1 1.8 -1.8
v -3.1 1.8 -1.9
v -3.1 1.8 -2
v -3.1 1.8 -2.1
v -3.1 1.9 1.8
v -3.1 1.9 -2.2
v -3 0 3
v -3 0 -3
v -3 0.3 3
v -3 0.3 -3
v -3 0.6 3
v -3 0.6 -3
v -3 0.7 3.1
v -3 0.7 3
v -3 0.7 2.9
v -3 0.7 2.8
v -3 0.8 3.1
v -3 0.8 3
v -3 0.8 2.8
v -3 0.8 2.7
v -3 0.9 3.1
v -3 0.9 3
v -3 0.9 2.9
v -3 0.9 2.7
v -3 0.9 -3
v -3 1 3.1
v -3 1 3
v -3 1 2.8
v -3 1 2.7
v -3 1.2 2.8
v -3 1.2 -3
v -3 1.3 2.8
v -3 1.3 2.7
v -3 1.3 2.6
v -3 1.3 2.5
v -3 1.3 2.3
v -3 1.3 2.2
v -3 1.3 2
v -3 1.3 1.9
v -3 1.3 -2.3
v -3 1.3 -2.4
v -3 1.3 -2.5
v -3 1.3 -2.6
v -3 1.3 -2.8
v -3 1.3 -2.9
v -3 1.3 -3
v -3 1.3 -3.1
v -3 1.4 2.6
v -3 1.4 2.5
v -3 1.4 2.4
v -3 1.4 2
v -3 1.4 1.9
v -3 1.4 1.8
v -3 1.4 -2.2
v -3 1.4 -2.3
v -3 1.4 -2.4
v -3 1.4 -2.7
v -3 1.4 -2.8
v -3 1.4 -2.9
v -3 1.4 -3
v -3 1.5 2.9
v -3 1.5 2.8
v -3 1.5 2.7
v -3 1.5 2.5
v -3 1.5 2.4
v -3 1.5 2.3
v -3 1.5 2.2
v -3 1.5 1.9
v -3 1.5 1.8
v -3 1.5 -2.2
v -3 1.5 -2.3
v -3 1.5 -2.5
v -3 1.5 -2.6
v -3 1.5 -2.7
v -3 1.5 -2.8
v -3 1.5 -2.9
v -3 1.6 2.9
v -3 1.6 2.8
v -3 1.6 1.9
v -3 1.6 1.8
v -3 1.6 1.6
v -3 1.6 1.5
v -3 1.6 1.3
v -3 1.6 1.2
v -3 1.6 1.1
v -3 1.6 1
v -3 1.6 0.8
v -3 1.6 0.7
v -3 1.6 0.5
v -3 1.6 0.4
v -3 1.6 0.2
v -3 1.6 0.0999999
v -3 1.6 0
v -3 1.6 -0.0999999
v -3 1.6 -0.3
v -3 1.6 -0.4
v -3 1.6 -0.6
v -3 1.6 -0.7
v -3 1.6 -0.9
v -3 1.6 -1
v -3 1.6 -1.1
v -3 1.6 -1.2
v -3 1.6 -1.3
v -3 1.6 -1.4
v -3 1.6 -1.6
v -3 1.6 -1.7
v -3 1.6 -1.9
v -3 1.6 -2
v -3 1.6 -2.1
v -3 1.6 -2.2
v -3 1.6 -2.6
v -3 1.6 -2.7
v -3 1.6 -2.8
v -3 1.6 -2.9
v -3 1.6 -3
v -3 1.6 -3.1
v -3 1.7 1.7
v -3 1.7 1.6
v -3 1.7 1.5
v -3 1.7 1.4
v -3 1.7 1.3
v -3 1.7 1.2
v -3 1.7 1.1
v -3 1.7 1
v -3 1.7 0.9
v -3 1.7 0.6
v -3 1.7 0.5
v -3 1.7 0.4
v -3 1.7 0.3
v -3 1.7 0.2
v -3 1.7 0.0999999
v -3 1.7 0
v -3 1.7 -0.0999999
v -3 1.7 -0.2
v -3 1.7 -0.5
v -3 1.7 -0.6
v -3 1.7 -0.7
v -3 1.7 -0.8
v -3 1.7 -0.9
v -3 1.7 -1
v -3 1.7 -1.3
v -3 1.7 -1.4
v -3 1.7 -1.5
v -3 1.7 -1.6
v -3 1.7 -1.7
v -3 1.7 -1.8
v -3 1.7 -2.2
v -3 1.7 -2.3
v -3 1.7 -2.6
v -3 1.7 -2.7
v -3 1.7 -2.8
v -3 1.7 -2.9
v -3 1.8 1.8
v -3 1.8 1.7
v -3 1.8 1.6
v -3 1.8 1.4
v -3 1.8 1.3
v -3 1.8 1
v -3 1.8 0.9
v -3 1.8 0.8
v -3 1.8 0.7
v -3 1.8 0.6
v -3 1.8 0.5
v -3 1.8 0.3
v -3 1.8 0.2
v -3 1.8 -0.0999999
v -3 1.8 -0.2
v -3 1.8 -0.3
v -3 1.8 -0.4
v -3 1.8 -0.5
v -3 1.8 -0.6
v -3 1.8 -0.8
v -3 1.8 -0.9
v -3 1.8 -1.1
v -3 1.8 -1.2
v -3 1.8 -1.4
v -3 1.8 -1.5
v -3 1.8 -1.7
v -3 1.8 -1.8
v -3 1.8 -1.9
v -3 1.8 -2
v -3 1.8 -2.1
v -3 1.9 1.9
v -3 1.9 1.8
v -3 1.9 -2.2
v -3 1.9 -2.3
v -2.9 0.8 3.1
v -2.9 0.8 3
v -2.9 0.9 3.1
v -2.9 0.9 3
v -2.9 1.4 2.9
v -2.9 1.4 2.8
v -2.9 1.5 2.9
v -2.9 1.5 2.8
v -2.9 1.6 -2.2
v -2.9 1.6 -2.3
v -2.9 1.7 -2.2
v -2.9 1.7 -2.3
v -2.9 1.9 0.9
v -2.9 1.9 0.8
v -2.9 2 0.9
v -2.9 2 0.8
v -2.8 1.3 -3
v -2.8 1.3 -3.1
v -2.8 1.4 -3
v -2.8 1.4 -3.1
v -2.8 1.7 1.9
v -2.8 1.7 1.8
v -2.8 1.8 1.9
v -2.8 1.8 1.8
v -2.8 1.9 1
v -2.8 1.9 0.9
v -2.8 1.9 0.8
v -2.8 1.9 0.7
v -2.8 1.9 -1.1
v -2.8 1.9 -1.2
v -2.8 2 1
v -2.8 2 0.9
v -2.8 2 0.8
v -2.8 2 0.7
v -2.8 2 -1.1
v -2.8 2 -1.2
v -2.8 2.1 -0.3
v -2.8 2.1 -0.7
v -2.8 2.2 -0.3
v -2.8 2.2 -0.7
v -2.8 2.4 -0.3
v -2.8 2.4 -0.7
v -2.8 2.5 -0.3
v -2.8 2.5 -0.7
v -2.8 2.6 -0.3
v -2.8 2.6 -0.4
v -2.8 2.6 -0.6
v -2.8 2.6 -0.7
v -2.8 2.7 -0.4
v -2.8 2.7 -0.6
v -2.7 0.8 3.1
v -2.7 0.8 3
v -2.7 0.9 3.1
v -2.7 0.9 3
v -2.7 1.3 2.9
v -2.7 1.3 2.8
v -2.7 1.4 2.9
v -2.7 1.4 2.8
v -2.7 1.4 -3
v -2.7 1.4 -3.1
v -2.7 1.5 -3
v -2.7 1.5 -3.1
v -2.7 1.6 1.9
v -2.7 1.6 1.8
v -2.7 1.7 1.9
v -2.7 1.7 1.8
v -2.7 1.7 -2.2
v -2.7 1.7 -2.3
v -2.7 1.8 -2.2
v -2.7 1.8 -2.3
v -2.7 1.9 -0.4
v -2.7 1.9 -0.6
v -2.7 1.9 -1
v -2.7 1.9 -1.1
v -2.7 1.9 -1.2
v -2.7 1.9 -1.3
v -2.7 2 -1
v -2.7 2 -1.1
v -2.7 2 -1.2
v -2.7 2 -1.3
v -2.7 2.1 -0.4
v -2.7 2.1 -0.6
v -2.7 2.6 -0.3
v -2.7 2.6 -0.4
v -2.7 2.6 -0.6
v -2.7 2.6 -0.7
v -2.7 2.7 -0.3
v -2.7 2.7 -0.4
v -2.7 2.7 -0.6
v -2.7 2.7 -0.7
v -2.7 2.8 -0.4
v -2.7 2.8 -0.6
v -2.6 0.7 3.1
v -2.6 0.7 3
v -2.6 0.8 3.1
v -2.6 0.8 3
v -2.6 1.6 -2.2
v -2.6 1.6 -2.3
v -2.6 1.7 -2.2
v -2.6 1.7 -2.3
v -2.5 1.3 2.9
v -2.5 1.3 2.8
v -2.5 1.3 -3
v -2.5 1.3 -3.1
v -2.5 1.4 -3
v -2.5 1.4 -3.1
v -2.5 1.5 2.9
v -2.5 1.5 2.8
v -2.5 1.7 1.9
v -2.5 1.7 1.8
v -2.5 1.7 -2.2
v -2.5 1.7 -2.3
v -2.5 1.8 1.9
v -2.5 1.8 1.8
v -2.5 1.8 -2.2
v -2.5 1.8 -2.3
v -2.4 0.7 3.1
v -2.4 0.7 3
v -2.4 0.9 3.1
v -2.4 0.9 3
v -2.4 1.4 -3
v -2.4 1.4 -3.1
v -2.4 1.5 -3
v -2.4 1.5 -3.1
v -2.4 1.6 2.6
v -2.4 1.6 2.5
v -2.4 1.7 2.6
v -2.4 1.7 2.5
v -2.3 1.3 2.9
v -2.3 1.3 2.8
v -2.3 1.5 2.9
v -2.3 1.5 2.8
v -2.3 1.6 2.7
v -2.3 1.6 2.6
v -2.3 1.6 2.5
v -2.3 1.6 2.4
v -2.3 1.7 2.7
v -2.3 1.7 2.6
v -2.3 1.7 2.5
v -2.3 1.7 2.4
v -2.2 0.7 3.1
v -2.2 0.7 3
v -2.2 0.8 3.1
v -2.2 0.8 3
v -2.2 1.3 -3
v -2.2 1.3 -3.1
v -2.2 1.4 -3
v -2.2 1.4 -3.1
v -2.1 0.8 3.1
v -2.1 0.8 3
v -2.1 0.9 3.1
v -2.1 0.9 3
v -2.1 1.4 2.9
v -2.1 1.4 2.8
v -2.1 1.4 -3
v -2.1 1.4 -3.1
v -2.1 1.5 2.9
v -2.1 1.5 2.8
v -2.1 1.5 -3
v -2.1 1.5 -3.1
v -2 0.9 -3
v -2 0.9 -3.1
v -2 1 -3
v -2 1 -3.1
v -1.9 0.7 3.1
v -1.9 0.7 3
v -1.9 0.8 -3
v -1.9 0.8 -3.1
v -1.9 0.9 3.1
v -1.9 0.9 3
v -1.9 0.9 -3
v -1.9 0.9 -3.1
v -1.9 1 -2.4
v -1.9 1 -2.5
v -1.9 1.1 2.5
v -1.9 1.1 2.4
v -1.9 1.1 -2.4
v -1.9 1.1 -2.5
v -1.9 1.2 2.5
v -1.9 1.2 2.4
v -1.9 1.3 3.1
v -1.9 1.3 2.8
v -1.9 1.4 3.1
v -1.9 1.4 2.8
v -1.9 1.4 2.7
v -1.9 1.5 2.8
v -1.9 1.5 2.7
v -1.9 1.6 3.1
v -1.9 1.6 2.8
v -1.9 1.6 2.7
v -1.9 1.7 3.1
v -1.9 1.7 2.7
v -1.9 1.9 3.1
v -1.9 1.9 3
v -1.9 1.9 2.8
v -1.9 1.9 2.7
v -1.9 2 3
v -1.9 2 2.8
v -1.8 0.7 -3
v -1.8 0.7 -3.1
v -1.8 0.8 -3
v -1.8 0.8 -3.1
v -1.8 1 3
v -1.8 1 2.8
v -1.8 1 2.5
v -1.8 1 2.4
v -1.8 1.1 2.5
v -1.8 1.1 2.4
v -1.8 1.1 -2.4
v -1.8 1.1 -2.5
v -1.8 1.2 -2.4
v -1.8 1.2 -2.5
v -1.8 1.3 3
v -1.8 1.3 2.8
v -1.8 1.3 -2
v -1.8 1.3 -2.1
v -1.8 1.4 -2
v -1.8 1.4 -2.1
v -1.8 1.9 3.1
v -1.8 1.9 3
v -1.8 1.9 2.8
v -1.8 1.9 2.7
v -1.8 2 3.1
v -1.8 2 3
v -1.8 2 2.8
v -1.8 2 2.7
v -1.8 2.1 3
v -1.8 2.1 2.8
v -1.7 0.7 3.1
v -1.7 0.7 3
v -1.7 0.8 3.1
v -1.7 0.8 3
v -1.7 1 -2.7
v -1.7 1 -2.8
v -1.7 1.1 -2.7
v -1.7 1.1 -2.8
v -1.7 1.3 1.7
v -1.7 1.3 1.6
v -1.7 1.3 -1.9
v -1.7 1.3 -2
v -1.7 1.3 -2.1
v -1.7 1.3 -2.2
v -1.7 1.4 1.7
v -1.7 1.4 1.6
v -1.7 1.4 -1.9
v -1.7 1.4 -2
v -1.7 1.4 -2.1
v -1.7 1.4 -2.2
v -1.6 0.8 3.1
v -1.6 0.8 3
v -1.6 0.9 3.1
v -1.6 0.9 3
v -1.6 1 2.5
v -1.6 1 2.4
v -1.6 1 -2.6
v -1.6 1 -2.7
v -1.6 1 -2.8
v -1.6 1 -2.9
v -1.6 1.1 2.5
v -1.6 1.1 2.4
v -1.6 1.1 -2.4
v -1.6 1.1 -2.5
v -1.6 1.1 -2.6
v -1.6 1.1 -2.7
v -1.6 1.1 -2.8
v -1.6 1.1 -2.9
v -1.6 1.2 -2.4
v -1.6 1.2 -2.5
v -1.6 1.3 1.8
v -1.6 1.3 1.7
v -1.6 1.3 1.6
v -1.6 1.3 1.5
v -1.6 1.4 1.8
v -1.6 1.4 1.7
v -1.6 1.4 1.6
v -1.6 1.4 1.5
v -1.5 0.7 -3
v -1.5 0.7 -3.1
v -1.5 0.9 -3
v -1.5 0.9 -3.1
v -1.5 1 -2.4
v -1.5 1 -2.5
v -1.5 1.1 2.5
v -1.5 1.1 2.4
v -1.5 1.1 -2.4
v -1.5 1.1 -2.5
v -1.5 1.2 2.5
v -1.5 1.2 2.4
v -1.4 0.7 3.1
v -1.4 0.7 3
v -1.4 0.9 3.1
v -1.4 0.9 3
v 0.4 0.7 -3
v 0.4 0.7 -3.1
v 0.4 0.8 -3
v 0.4 0.8 -3.1
v 0.4 0.9 3.1
v 0.4 0.9 3
v 0.4 0.9 -3
v 0.4 0.9 -3.1
v 0.4 1 3.1
v 0.4 1 -3.1
v 0.5 0.8 3.1
v 0.5 0.8 3
v 0.5 0.8 -3
v 0.5 0.8 -3.1
v 0.5 0.9 3.1
v 0.5 0.9 3
v 0.5 0.9 -3
v 0.5 0.9 -3.1
v 0.6 0.7 3.1
v 0.6 0.7 3
v 0.6 0.8 3.1
v 0.6 0.8 3
v 0.7 0.8 -3
v 0.7 0.8 -3.1
v 0.7 0.9 -3
v 0.7 0.9 -3.1
v 0.8 0.7 -3
v 0.8 0.7 -3.1
v 0.8 0.8 -3
v 0.8 0.8 -3.1
v 0.8 1 2.4
v 0.8 1 2.3
v 0.8 1 2.2
v 0.8 1 2.1
v 0.8 1 1.9
v 0.8 1 1.8
v 0.8 1 -1.2
v 0.8 1 -1.3
v 0.8 1 -1.5
v 0.8 1 -1.6
v 0.8 1 -1.8
v 0.8 1 -1.9
v 0.8 1 -2.1
v 0.8 1 -2.2
v 0.8 1.1 2.5
v 0.8 1.1 2.4
v 0.8 1.1 2.3
v 0.8 1.1 2
v 0.8 1.1 1.9
v 0.8 1.1 1.8
v 0.8 1.1 -1.7
v 0.8 1.1 -1.8
v 0.8 1.1 -1.9
v 0.8 1.2 2.6
v 0.8 1.2 2.5
v 0.8 1.2 2.4
v 0.8 1.2 2.2
v 0.8 1.2 2.1
v 0.8 1.2 2
v 0.8 1.2 1.9
v 0.8 1.2 1.8
v 0.8 1.2 -1.3
v 0.8 1.2 -1.5
v 0.8 1.2 -1.6
v 0.8 1.2 -1.7
v 0.8 1.2 -1.8
v 0.8 1.2 -2.1
v 0.8 1.2 -2.2
v 0.8 1.2 -2.3
v 0.8 1.3 2.6
v 0.8 1.3 1.8
v 0.8 1.3 -1.2
v 0.8 1.3 -2.3
v 0.9 0.7 3.1
v 0.9 0.7 3
v 0.9 0.8 3.1
v 0.9 0.8 3
v 0.9 1 2.6
v 0.9 1 2.4
v 0.9 1 2.3
v 0.9 1 2.2
v 0.9 1 2.1
v 0.9 1 1.9
v 0.9 1 1.7
v 0.9 1 1.6
v 0.9 1 1.4
v 0.9 1 1.3
v 0.9 1 1.1
v 0.9 1 1
v 0.9 1 0.8
v 0.9 1 0.7
v 0.9 1 0.5
v 0.9 1 0.4
v 0.9 1 -0.0999999
v 0.9 1 -0.2
v 0.9 1 -0.6
v 0.9 1 -0.7
v 0.9 1 -0.8
v 0.9 1 -0.9
v 0.9 1 -1.1
v 0.9 1 -1.2
v 0.9 1 -1.3
v 0.9 1 -1.5
v 0.9 1 -1.6
v 0.9 1 -1.8
v 0.9 1 -1.9
v 0.9 1 -2.1
v 0.9 1 -2.2
v 0.9 1 -2.3
v 0.9 1 -2.9
v 0.9 1 -3
v 0.9 1.1 2.5
v 0.9 1.1 2.4
v 0.9 1.1 2.3
v 0.9 1.1 2
v 0.9 1.1 1.9
v 0.9 1.1 1.8
v 0.9 1.1 1.5
v 0.9 1.1 1.4
v 0.9 1.1 1.3
v 0.9 1.1 1.2
v 0.9 1.1 1.1
v 0.9 1.1 1
v 0.9 1.1 0.8
v 0.9 1.1 0.7
v 0.9 1.1 0.6
v 0.9 1.1 0.0999999
v 0.9 1.1 -0.0999999
v 0.9 1.1 -0.2
v 0.9 1.1 -0.4
v 0.9 1.1 -0.6
v 0.9 1.1 -0.7
v 0.9 1.1 -0.8
v 0.9 1.1 -0.9
v 0.9 1.1 -1
v 0.9 1.1 -1.7
v 0.9 1.1 -1.8
v 0.9 1.1 -1.9
v 0.9 1.1 -2.9
v 0.9 1.1 -3
v 0.9 1.2 2.7
v 0.9 1.2 2.6
v 0.9 1.2 2.5
v 0.9 1.2 2.4
v 0.9 1.2 2.2
v 0.9 1.2 2.1
v 0.9 1.2 2
v 0.9 1.2 1.9
v 0.9 1.2 1.8
v 0.9 1.2 1.7
v 0.9 1.2 1.6
v 0.9 1.2 1.5
v 0.9 1.2 1.4
v 0.9 1.2 1.2
v 0.9 1.2 1.1
v 0.9 1.2 0.7
v 0.9 1.2 0.6
v 0.9 1.2 0.5
v 0.9 1.2 0.4
v 0.9 1.2 0.0999999
v 0.9 1.2 -0.0999999
v 0.9 1.2 -0.4
v 0.9 1.2 -0.6
v 0.9 1.2 -0.9
v 0.9 1.2 -1
v 0.9 1.2 -1.1
v 0.9 1.2 -1.3
v 0.9 1.2 -1.5
v 0.9 1.2 -1.6
v 0.9 1.2 -1.7
v 0.9 1.2 -1.8
v 0.9 1.2 -2.1
v 0.9 1.2 -2.2
v 0.9 1.2 -2.3
v 0.9 1.2 -2.5
v 0.9 1.3 2.7
v 0.9 1.3 2.6
v 0.9 1.3 1.8
v 0.9 1.3 -1.2
v 0.9 1.3 -2.3
v 0.9 1.3 -2.5
v 0.9 1.5 0.3
v 0.9 1.5 -0.0999999
v 0.9 1.5 -1.8
v 0.9 1.5 -2.2
v 0.9 1.6 0.3
v 0.9 1.6 -0.0999999
v 0.9 1.6 -1.8
v 0.9 1.6 -2.2
v 0.9 1.8 0.3
v 0.9 1.8 0.2
v 0.9 1.8 0
v 0.9 1.8 -0.0999999
v 0.9 1.8 -1.8
v 0.9 1.8 -2.2
v 0.9 1.9 0.2
v 0.9 1.9 0
v 0.9 1.9 -1.8
v 0.9 1.9 -2.2
v 0.9 2 -1.8
v 0.9 2 -1.9
v 0.9 2 -2.1
v 0.9 2 -2.2
v 0.9 2.1 -1.9
v 0.9 2.1 -2.1
v 1 0.7 -3
v 1 0.7 -3.1
v 1 0.8 3.1
v 1 0.8 3
v 1 0.8 -3
v 1 0.8 -3.1
v 1 0.9 3.1
v 1 0.9 3
v 1 1 2.7
v 1 1 2.6
v 1 1 1.8
v 1 1 1.7
v 1 1 1.6
v 1 1 1.4
v 1 1 1.3
v 1 1 1.1
v 1 1 1
v 1 1 0.8
v 1 1 0.7
v 1 1 0.5
v 1 1 0.4
v 1 1 -0.0999999
v 1 1 -0.2
v 1 1 -0.6
v 1 1 -0.7
v 1 1 -0.8
v 1 1 -0.9
v 1 1 -1.1
v 1 1 -2.8
v 1 1 -2.9
v 1 1 -3
v 1 1 -3.1
v 1 1.1 2.7
v 1 1.1 2.6
v 1 1.1 1.5
v 1 1.1 1.4
v 1 1.1 1.3
v 1 1.1 1.2
v 1 1.1 1.1
v 1 1.1 1
v 1 1.1 0.8
v 1 1.1 0.7
v 1 1.1 0.6
v 1 1.1 0.0999999
v 1 1.1 -0.0999999
v 1 1.1 -0.2
v 1 1.1 -0.4
v 1 1.1 -0.6
v 1 1.1 -0.7
v 1 1.1 -0.8
v 1 1.1 -0.9
v 1 1.1 -1
v 1 1.1 -2.3
v 1 1.1 -2.4
v 1 1.1 -2.8
v 1 1.1 -2.9
v 1 1.1 -3
v 1 1.1 -3.1
v 1 1.2 1.8
v 1 1.2 1.7
v 1 1.2 1.6
v 1 1.2 1.5
v 1 1.2 1.4
v 1 1.2 1.2
v 1 1.2 1.1
v 1 1.2 0.7
v 1 1.2 0.6
v 1 1.2 0.5
v 1 1.2 0.4
v 1 1.2 0.0999999
v 1 1.2 -0.0999999
v 1 1.2 -0.4
v 1 1.2 -0.6
v 1 1.2 -0.9
v 1 1.2 -1
v 1 1.2 -1.1
v 1 1.2 -2.3
v 1 1.2 -2.4
v 1 1.3 0.2
v 1 1.3 0
v 1 1.3 -1.9
v 1 1.3 -2.1
v 1 1.5 0.2
v 1 1.5 0
v 1 1.5 -1.9
v 1 1.5 -2.1
v 1 1.8 0.3
v 1 1.8 0.2
v 1 1.8 0
v 1 1.8 -0.0999999
v 1 1.9 0.3
v 1 1.9 0.2
v 1 1.9 0
v 1 1.9 -0.0999999
v 1 2 0.2
v 1 2 0
v 1 2 -1.8
v 1 2 -1.9
v 1 2 -2.1
v 1 2 -2.2
v 1 2.1 -1.8
v 1 2.1 -1.9
v 1 2.1 -2.1
v 1 2.1 -2.2
v 1 2.2 -1.9
v 1 2.2 -2.1
v 1.1 0.7 3.1
v 1.1 0.7 3
v 1.1 0.8 3.1
v 1.1 0.8 3
v 1.1 0.8 -3
v 1.1 0.8 -3.1
v 1.1 0.9 -3
v 1.1 0.9 -3.1
v 1.1 1 -2.3
v 1.1 1 -2.4
v 1.1 1.1 2.7
v 1.1 1.1 2.6
v 1.1 1.1 -2.3
v 1.1 1.1 -2.4
v 1.1 1.2 2.7
v 1.1 1.2 2.6
v 1.2 1 2.7
v 1.2 1 2.6
v 1.2 1.1 2.7
v 1.2 1.1 2.6
v 1.2 1.1 -2.3
v 1.2 1.1 -2.4
v 1.2 1.2 -2.3
v 1.2 1.2 -2.4
v 1.3 0.8 -3
v 1.3 0.8 -3.1
v 1.3 0.9 -3
v 1.3 0.9 -3.1
v 1.4 0.7 3.1
v 1.4 0.7 3
v 1.4 0.7 -3
v 1.4 0.7 -3.1
v 1.4 0.8 3.1
v 1.4 0.8 3
v 1.4 0.8 -3
v 1.4 0.8 -3.1
v 1.4 1.1 -2.3
v 1.4 1.1 -2.4
v 1.4 1.2 -2.3
v 1.4 1.2 -2.4
v 1.5 0.8 3.1
v 1.5 0.8 3
v 1.5 0.9 3.1
v 1.5 0.9 3
v 1.5 1 2.7
v 1.5 1 2.6
v 1.5 1 -2.3
v 1.5 1 -2.4
v 1.5 1.1 -2.3
v 1.5 1.1 -2.4
v 1.5 1.2 2.7
v 1.5 1.2 2.6
v 1.5 1.3 2.5
v 1.5 1.3 2.4
v 1.5 1.3 2.3
v 1.5 1.3 2.2
v 1.5 1.3 2
v 1.5 1.3 1.9
v 1.5 1.3 1.7
v 1.5 1.3 1.6
v 1.5 1.3 1.4
v 1.5 1.3 1.3
v 1.5 1.3 1.1
v 1.5 1.3 1
v 1.5 1.3 0.9
v 1.5 1.3 0.8
v 1.5 1.3 0.5
v 1.5 1.3 0.4
v 1.5 1.3 0.3
v 1.5 1.3 0.2
v 1.5 1.3 0
v 1.5 1.3 -0.2
v 1.5 1.3 -0.6
v 1.5 1.3 -0.7
v 1.5 1.3 -0.9
v 1.5 1.3 -1
v 1.5 1.3 -1.1
v 1.5 1.3 -1.2
v 1.5 1.3 -1.5
v 1.5 1.3 -1.6
v 1.5 1.3 -1.7
v 1.5 1.3 -1.8
v 1.5 1.3 -2
v 1.5 1.3 -2.1
v 1.5 1.3 -2.2
v 1.5 1.3 -2.3
v 1.5 1.4 2.1
v 1.5 1.4 2
v 1.5 1.4 1.9
v 1.5 1.4 1.2
v 1.5 1.4 1.1
v 1.5 1.4 1
v 1.5 1.4 0.9
v 1.5 1.4 0.8
v 1.5 1.4 0.7
v 1.5 1.4 0.6
v 1.5 1.4 0.5
v 1.5 1.4 0.4
v 1.5 1.4 0.0999999
v 1.5 1.4 0
v 1.5 1.4 -0.2
v 1.5 1.4 -0.3
v 1.5 1.4 -0.5
v 1.5 1.4 -0.6
v 1.5 1.4 -0.7
v 1.5 1.4 -0.8
v 1.5 1.4 -0.9
v 1.5 1.4 -1
v 1.5 1.4 -1.1
v 1.5 1.4 -1.2
v 1.5 1.4 -1.3
v 1.5 1.4 -1.4
v 1.5 1.4 -1.5
v 1.5 1.4 -1.6
v 1.5 1.4 -2.2
v 1.5 1.4 -2.3
v 1.5 1.4 -2.4
v 1.5 1.5 2.6
v 1.5 1.5 2.5
v 1.5 1.5 2.4
v 1.5 1.5 2.3
v 1.5 1.5 2.2
v 1.5 1.5 2.1
v 1.5 1.5 2
v 1.5 1.5 1.7
v 1.5 1.5 1.6
v 1.5 1.5 1.4
v 1.5 1.5 1.3
v 1.5 1.5 1.2
v 1.5 1.5 1.1
v 1.5 1.5 0.8
v 1.5 1.5 0.7
v 1.5 1.5 0.6
v 1.5 1.5 0.5
v 1.5 1.5 0.3
v 1.5 1.5 0.2
v 1.5 1.5 0.0999999
v 1.5 1.5 0
v 1.5 1.5 -0.2
v 1.5 1.5 -0.3
v 1.5 1.5 -0.5
v 1.5 1.5 -0.6
v 1.5 1.5 -0.8
v 1.5 1.5 -0.9
v 1.5 1.5 -1.2
v 1.5 1.5 -1.3
v 1.5 1.5 -1.4
v 1.5 1.5 -1.5
v 1.5 1.5 -1.7
v 1.5 1.5 -1.8
v 1.5 1.5 -2
v 1.5 1.5 -2.1
v 1.5 1.5 -2.3
v 1.5 1.5 -2.4
v 1.5 1.5 -2.5
v 1.5 1.6 2.6
v 1.5 1.6 -2.5
v 1.6 0.8 -3
v 1.6 0.8 -3.1
v 1.6 0.9 -3
v 1.6 0.9 -3.1
v 1.6 1 -2.4
v 1.6 1 -2.5
v 1.6 1.1 -2.3
v 1.6 1.1 -2.4
v 1.6 1.2 -2.3
v 1.6 1.2 -2.5
v 1.6 1.3 2.6
v 1.6 1.3 2.5
v 1.6 1.3 2.4
v 1.6 1.3 2.3
v 1.6 1.3 2.2
v 1.6 1.3 2
v 1.6 1.3 1.9
v 1.6 1.3 1.7
v 1.6 1.3 1.6
v 1.6 1.3 1.4
v 1.6 1.3 1.3
v 1.6 1.3 1.1
v 1.6 1.3 1
v 1.6 1.3 0.9
v 1.6 1.3 0.8
v 1.6 1.3 0.5
v 1.6 1.3 0.4
v 1.6 1.3 0.3
v 1.6 1.3 0.2
v 1.6 1.3 0
v 1.6 1.3 -0.2
v 1.6 1.3 -0.6
v 1.6 1.3 -0.7
v 1.6 1.3 -0.9
v 1.6 1.3 -1
v 1.6 1.3 -1.1
v 1.6 1.3 -1.2
v 1.6 1.3 -1.5
v 1.6 1.3 -1.6
v 1.6 1.3 -1.7
v 1.6 1.3 -1.8
v 1.6 1.3 -2
v 1.6 1.3 -2.1
v 1.6 1.3 -2.2
v 1.6 1.3 -2.3
v 1.6 1.3 -2.5
v 1.6 1.3 -2.6
v 1.6 1.4 2.1
v 1.6 1.4 2
v 1.6 1.4 1.9
v 1.6 1.4 1.2
v 1.6 1.4 1.1
v 1.6 1.4 1
v 1.6 1.4 0.9
v 1.6 1.4 0.8
v 1.6 1.4 0.7
v 1.6 1.4 0.6
v 1.6 1.4 0.5
v 1.6 1.4 0.4
v 1.6 1.4 0.0999999
v 1.6 1.4 0
v 1.6 1.4 -0.2
v 1.6 1.4 -0.3
v 1.6 1.4 -0.5
v 1.6 1.4 -0.6
v 1.6 1.4 -0.7
v 1.6 1.4 -0.8
v 1.6 1.4 -0.9
v 1.6 1.4 -1
v 1.6 1.4 -1.1
v 1.6 1.4 -1.2
v 1.6 1.4 -1.3
v 1.6 1.4 -1.4
v 1.6 1.4 -1.5
v 1.6 1.4 -1.6
v 1.6 1.4 -2.2
v 1.6 1.4 -2.3
v 1.6 1.4 -2.4
v 1.6 1.5 2.7
v 1.6 1.5 2.6
v 1.6 1.5 2.5
v 1.6 1.5 2.4
v 1.6 1.5 2.3
v 1.6 1.5 2.2
v 1.6 1.5 2.1
v 1.6 1.5 2
v 1.6 1.5 1.7
v 1.6 1.5 1.6
v 1.6 1.5 1.4
v 1.6 1.5 1.3
v 1.6 1.5 1.2
v 1.6 1.5 1.1
v 1.6 1.5 0.8
v 1.6 1.5 0.7
v 1.6 1.5 0.6
v 1.6 1.5 0.5
v 1.6 1.5 0.3
v 1.6 1.5 0.2
v 1.6 1.5 0.0999999
v 1.6 1.5 0
v 1.6 1.5 -0.2
v 1.6 1.5 -0.3
v 1.6 1.5 -0.5
v 1.6 1.5 -0.6
v 1.6 1.5 -0.8
v 1.6 1.5 -0.9
v 1.6 1.5 -1.2
v 1.6 1.5 -1.3
v 1.6 1.5 -1.4
v 1.6 1.5 -1.5
v 1.6 1.5 -1.7
v 1.6 1.5 -1.8
v 1.6 1.5 -2
v 1.6 1.5 -2.1
v 1.6 1.5 -2.3
v 1.6 1.5 -2.4
v 1.6 1.5 -2.5
v 1.6 1.6 2.7
v 1.6 1.6 2.6
v 1.6 1.6 -2.5
v 1.6 1.6 -2.6
v 1.7 0.7 3.1
v 1.7 0.7 3
v 1.7 0.7 -3
v 1.7 0.7 -3.1
v 1.7 0.8 -3
v 1.7 0.8 -3.1
v 1.7 0.9 3.1
v 1.7 0.9 3
v 1.7 1.4 2.7
v 1.7 1.4 2.6
v 1.7 1.5 2.7
v 1.7 1.5 2.6
v 1.8 1.3 2.7
v 1.8 1.3 2.6
v 1.8 1.4 2.7
v 1.8 1.4 2.6
v 1.8 1.4 -2.5
v 1.8 1.4 -2.6
v 1.8 1.5 2.8
v 1.8 1.5 2.7
v 1.8 1.5 -2.5
v 1.8 1.5 -2.6
v 1.8 1.6 2.8
v 1.8 1.6 2.7
v 1.9 0.7 -3
v 1.9 0.7 -3.1
v 1.9 0.8 3.1
v 1.9 0.8 3
v 1.9 0.8 -3
v 1.9 0.8 -3.1
v 1.9 0.9 3.1
v 1.9 0.9 3
v 1.9 1 2.8
v 1.9 1 2.6
v 1.9 1.2 2.8
v 1.9 1.2 2.6
v 1.9 1.3 2.9
v 1.9 1.3 2.8
v 1.9 1.3 2.7
v 1.9 1.3 2.6
v 1.9 1.3 -2.5
v 1.9 1.3 -2.6
v 1.9 1.4 2.9
v 1.9 1.4 2.8
v 1.9 1.4 2.7
v 1.9 1.4 2.6
v 1.9 1.4 -2.5
v 1.9 1.4 -2.6
v 1.9 1.5 2.9
v 1.9 1.5 2.8
v 1.9 1.5 2.6
v 1.9 1.6 2.9
v 1.9 1.6 2.8
v 1.9 1.6 1.9
v 1.9 1.6 1.8
v 1.9 1.6 1.6
v 1.9 1.6 1.5
v 1.9 1.6 1.2
v 1.9 1.6 1.1
v 1.9 1.6 1
v 1.9 1.6 0.9
v 1.9 1.6 0.7
v 1.9 1.6 0.6
v 1.9 1.6 0.4
v 1.9 1.6 0.3
v 1.9 1.6 -0.0999999
v 1.9 1.6 -0.2
v 1.9 1.6 -0.4
v 1.9 1.6 -0.5
v 1.9 1.6 -0.8
v 1.9 1.6 -0.9
v 1.9 1.6 -1.2
v 1.9 1.6 -1.3
v 1.9 1.7 1.9
v 1.9 1.7 1.8
v 1.9 1.7 1.7
v 1.9 1.7 1.6
v 1.9 1.7 1.5
v 1.9 1.7 1.4
v 1.9 1.7 1.3
v 1.9 1.7 1.2
v 1.9 1.7 1.1
v 1.9 1.7 1
v 1.9 1.7 0.9
v 1.9 1.7 0.8
v 1.9 1.7 0.4
v 1.9 1.7 0.3
v 1.9 1.7 0.2
v 1.9 1.7 0
v 1.9 1.7 -0.0999999
v 1.9 1.7 -0.2
v 1.9 1.7 -0.4
v 1.9 1.7 -0.5
v 1.9 1.7 -0.6
v 1.9 1.7 -0.8
v 1.9 1.7 -0.9
v 1.9 1.7 -1
v 1.9 1.7 -1.1
v 1.9 1.7 -1.2
v 1.9 1.7 -1.3
v 1.9 1.8 2
v 1.9 1.8 1.8
v 1.9 1.8 1.7
v 1.9 1.8 1.5
v 1.9 1.8 1.4
v 1.9 1.8 1.3
v 1.9 1.8 1.2
v 1.9 1.8 0.9
v 1.9 1.8 0.8
v 1.9 1.8 0.7
v 1.9 1.8 0.6
v 1.9 1.8 0.3
v 1.9 1.8 0.2
v 1.9 1.8 0
v 1.9 1.8 -0.0999999
v 1.9 1.8 -0.5
v 1.9 1.8 -0.6
v 1.9 1.8 -0.9
v 1.9 1.8 -1
v 1.9 1.8 -1.1
v 1.9 1.8 -1.2
v 1.9 1.8 -1.4
v 1.9 1.9 2
v 1.9 1.9 -1.4
v 2 0.7 3.1
v 2 0.7 3
v 2 0.8 3.1
v 2 0.8 3
v 2 0.8 -3
v 2 0.8 -3.1
v 2 0.9 -3
v 2 0.9 -3.1
v 2 1.4 2.9
v 2 1.4 2.8
v 2 1.5 2.9
v 2 1.5 2.8
v 2 1.6 2
v 2 1.6 1.9
v 2 1.6 1.8
v 2 1.6 1.6
v 2 1.6 1.5
v 2 1.6 1.2
v 2 1.6 1.1
v 2 1.6 1
v 2 1.6 0.9
v 2 1.6 0.7
v 2 1.6 0.6
v 2 1.6 0.4
v 2 1.6 0.3
v 2 1.6 -0.0999999
v 2 1.6 -0.2
v 2 1.6 -0.4
v 2 1.6 -0.5
v 2 1.6 -0.8
v 2 1.6 -0.9
v 2 1.6 -1.2
v 2 1.6 -1.3
v 2 1.6 -1.4
v 2 1.7 1.9
v 2 1.7 1.8
v 2 1.7 1.7
v 2 1.7 1.6
v 2 1.7 1.5
v 2 1.7 1.4
v 2 1.7 1.3
v 2 1.7 1.2
v 2 1.7 1.1
v 2 1.7 1
v 2 1.7 0.9
v 2 1.7 0.8
v 2 1.7 0.4
v 2 1.7 0.3
v 2 1.7 0.2
v 2 1.7 0
v 2 1.7 -0.0999999
v 2 1.7 -0.2
v 2 1.7 -0.4
v 2 1.7 -0.5
v 2 1.7 -0.6
v 2 1.7 -0.8
v 2 1.7 -0.9
v 2 1.7 -1
v 2 1.7 -1.1
v 2 1.7 -1.2
v 2 1.7 -1.3
v 2 1.7 -1.4
v 2 1.7 -1.5
v 2 1.8 2.1
v 2 1.8 2
v 2 1.8 1.8
v 2 1.8 1.7
v 2 1.8 1.5
v 2 1.8 1.4
v 2 1.8 1.3
v 2 1.8 1.2
v 2 1.8 0.9
v 2 1.8 0.8
v 2 1.8 0.7
v 2 1.8 0.6
v 2 1.8 0.3
v 2 1.8 0.2
v 2 1.8 0
v 2 1.8 -0.0999999
v 2 1.8 -0.5
v 2 1.8 -0.6
v 2 1.8 -0.9
v 2 1.8 -1
v 2 1.8 -1.1
v 2 1.8 -1.2
v 2 1.8 -1.4
v 2 1.9 2.1
v 2 1.9 2
v 2 1.9 1.9
v 2 1.9 1.8
v 2 1.9 1.6
v 2 1.9 1.5
v 2 1.9 1.3
v 2 1.9 1.2
v 2 1.9 1
v 2 1.9 0.9
v 2 1.9 0.7
v 2 1.9 0.6
v 2 1.9 0.4
v 2 1.9 0.3
v 2 1.9 0.0999999
v 2 1.9 0
v 2 1.9 -0.2
v 2 1.9 -0.3
v 2 1.9 -0.5
v 2 1.9 -0.6
v 2 1.9 -0.8
v 2 1.9 -0.9
v 2 1.9 -1.1
v 2 1.9 -1.2
v 2 1.9 -1.4
v 2 1.9 -1.5
v 2 2 1.8
v 2 2 1.6
v 2 2 1.5
v 2 2 1.3
v 2 2 1.2
v 2 2 1
v 2 2 0.9
v 2 2 0.7
v 2 2 0.6
v 2 2 0.4
v 2 2 0.3
v 2 2 0.0999999
v 2 2 0
v 2 2 -0.2
v 2 2 -0.3
v 2 2 -0.5
v 2 2 -0.6
v 2 2 -0.8
v 2 2 -0.9
v 2 2 -1.1
v 2 2 -1.2
v 2 2 -1.4
v 2 2.1 1.8
v 2 2.1 1.6
v 2 2.1 1.5
v 2 2.1 1.3
v 2 2.1 1.2
v 2 2.1 1
v 2 2.1 0.9
v 2 2.1 0.7
v 2 2.1 0.6
v 2 2.1 0.4
v 2 2.1 0.3
v 2 2.1 0.0999999
v 2 2.1 0
v 2 2.1 -0.2
v 2 2.1 -0.3
v 2 2.1 -0.5
v 2 2.1 -0.6
v 2 2.1 -0.8
v 2 2.1 -0.9
v 2 2.1 -1.1
v 2 2.1 -1.2
v 2 2.1 -1.4
v 2 2.2 1.9
v 2 2.2 1.8
v 2 2.2 1.6
v 2 2.2 1.5
v 2 2.2 1.3
v 2 2.2 1.2
v 2 2.2 1
v 2 2.2 0.9
v 2 2.2 0.7
v 2 2.2 0.6
v 2 2.2 0.4
v 2 2.2 0.3
v 2 2.2 0.0999999
v 2 2.2 0
v 2 2.2 -0.2
v 2 2.2 -0.3
v 2 2.2 -0.5
v 2 2.2 -0.6
v 2 2.2 -0.8
v 2 2.2 -0.9
v 2 2.2 -1.1
v 2 2.2 -1.2
v 2 2.2 -1.4
v 2 2.2 -1.5
v 2.1 1.4 -2.5
v 2.1 1.4 -2.6
v 2.1 1.5 -2.5
v 2.1 1.5 -2.6
v 2.1 1.6 2.1
v 2.1 1.6 2
v 2.1 1.6 -1.4
v 2.1 1.6 -1.5
v 2.1 1.6 -2.1
v 2.1 1.6 -2.2
v 2.1 1.7 2.1
v 2.1 1.7 2
v 2.1 1.7 -1.4
v 2.1 1.7 -1.5
v 2.1 1.7 -2.1
v 2.1 1.7 -2.2
v 2.2 0.7 3.1
v 2.2 0.7 3
v 2.2 0.7 -3
v 2.2 0.7 -3.1
v 2.2 0.8 3.1
v 2.2 0.8 3
v 2.2 0.9 -3
v 2.2 0.9 -3.1
v 2.2 1.3 2.9
v 2.2 1.3 2.8
v 2.2 1.3 -2.5
v 2.2 1.3 -2.6
v 2.2 1.4 -2.5
v 2.2 1.4 -2.6
v 2.2 1.5 2.9
v 2.2 1.5 2.8
v 2.2 1.6 -2
v 2.2 1.6 -2.1
v 2.2 1.6 -2.2
v 2.2 1.6 -2.3
v 2.2 1.7 2.1
v 2.2 1.7 2
v 2.2 1.7 -2
v 2.2 1.7 -2.1
v 2.2 1.7 -2.2
v 2.2 1.7 -2.3
v 2.2 1.8 2.1
v 2.2 1.8 2
v 2.3 0.8 3.1
v 2.3 0.8 3
v 2.3 0.9 3.1
v 2.3 0.9 3
v 2.3 1.7 -1.4
v 2.3 1.7 -1.5
v 2.3 1.8 -1.4
v 2.3 1.8 -1.5
v 2.3 1.9 -1.4
v 2.3 1.9 -1.5
v 2.3 2 -1.4
v 2.3 2 -1.5
v 2.3 2.1 -1.4
v 2.3 2.1 -1.5
v 2.3 2.2 -1.4
v 2.3 2.2 -1.5
v 2.4 0.8 -3
v 2.4 0.8 -3.1
v 2.4 0.9 -3
v 2.4 0.9 -3.1
v 2.4 1.3 -2.5
v 2.4 1.3 -2.6
v 2.4 1.4 2.9
v 2.4 1.4 2.8
v 2.4 1.4 -2.5
v 2.4 1.4 -2.6
v 2.4 1.5 2.9
v 2.4 1.5 2.8
v 2.4 1.6 -1.4
v 2.4 1.6 -1.5
v 2.4 1.7 2.1
v 2.4 1.7 2
v 2.4 1.7 -1.4
v 2.4 1.7 -1.5
v 2.4 1.8 2.1
v 2.4 1.8 2
v 2.4 1.9 1.5
v 2.4 1.9 1.4
v 2.4 2 1.5
v 2.4 2 1.4
v 2.4 2.2 0.4
v 2.4 2.2 0
v 2.4 2.3 0.4
v 2.4 2.3 0
v 2.4 2.5 0.4
v 2.4 2.5 0
v 2.4 2.6 0.4
v 2.4 2.6 0
v 2.4 2.8 0.4
v 2.4 2.8 0
v 2.4 2.9 0.4
v 2.4 2.9 0
v 2.4 3 0.4
v 2.4 3 0.3
v 2.4 3 0.0999999
v 2.4 3 0
v 2.4 3.1 0.3
v 2.4 3.1 0.0999999
v 2.5 0.7 3.1
v 2.5 0.7 3
v 2.5 0.7 -3
v 2.5 0.7 -3.1
v 2.5 0.8 -3
v 2.5 0.8 -3.1
v 2.5 0.9 3.1
v 2.5 0.9 3
v 2.5 1.3 2.9
v 2.5 1.3 2.8
v 2.5 1.4 2.9
v 2.5 1.4 2.8
v 2.5 1.4 -2.5
v 2.5 1.4 -2.6
v 2.5 1.5 -2.5
v 2.5 1.5 -2.6
v 2.5 1.6 2.1
v 2.5 1.6 2
v 2.5 1.7 2.1
v 2.5 1.7 2
v 2.5 1.9 1.6
v 2.5 1.9 1.5
v 2.5 1.9 1.4
v 2.5 1.9 1.3
v 2.5 1.9 0.3
v 2.5 1.9 0.0999999
v 2.5 2 1.6
v 2.5 2 1.5
v 2.5 2 1.4
v 2.5 2 1.3
v 2.5 2.2 0.3
v 2.5 2.2 0.0999999
v 2.5 3 0.4
v 2.5 3 0.3
v 2.5 3 0.0999999
v 2.5 3 0
v 2.5 3.1 0.4
v 2.5 3.1 0.3
v 2.5 3.1 0.0999999
v 2.5 3.1 0
v 2.5 3.2 0.3
v 2.5 3.2 0.0999999
v 2.6 1.4 2.9
v 2.6 1.4 2.8
v 2.6 1.5 2.9
v 2.6 1.5 2.8
v 2.6 1.6 -1.4
v 2.6 1.6 -1.5
v 2.6 1.7 -1.4
v 2.6 1.7 -1.5
v 2.6 1.9 -1.4
v 2.6 1.9 -1.5
v 2.6 2 -1.4
v 2.6 2 -1.5
v 2.6 2.1 -1.4
v 2.6 2.1 -1.5
v 2.6 2.2 -1.4
v 2.6 2.2 -1.5
v 2.7 0.7 -3
v 2.7 0.7 -3.1
v 2.7 0.8 3.1
v 2.7 0.8 3
v 2.7 0.9 3.1
v 2.7 0.9 3
v 2.7 0.9 -3
v 2.7 0.9 -3.1
v 2.7 1.3 -2.5
v 2.7 1.3 -2.6
v 2.7 1.5 -2.5
v 2.7 1.5 -2.6
v 2.7 1.7 2.1
v 2.7 1.7 2
v 2.7 1.7 -1.4
v 2.7 1.7 -1.5
v 2.7 1.8 2.1
v 2.7 1.8 2
v 2.7 1.8 -1.4
v 2.7 1.8 -1.5
v 2.8 0.7 3.1
v 2.8 0.7 3
v 2.8 0.8 3.1
v 2.8 0.8 3
v 2.8 1.3 2.9
v 2.8 1.3 2.8
v 2.8 1.5 2.9
v 2.8 1.5 2.8
v 2.8 1.6 2.1
v 2.8 1.6 2
v 2.8 1.7 2.1
v 2.8 1.7 2
v 2.9 1.3 -2.5
v 2.9 1.3 -2.6
v 2.9 1.5 -2.5
v 2.9 1.5 -2.6
v 2.9 1.6 -1.4
v 2.9 1.6 -1.5
v 2.9 1.7 2.1
v 2.9 1.7 2
v 2.9 1.8 2.1
v 2.9 1.8 2
v 2.9 1.8 -1.4
v 2.9 1.8 -1.5
v 2.9 1.9 -1.4
v 2.9 1.9 -1.5
v 2.9 2 -1.4
v 2.9 2 -1.5
v 2.9 2.1 -1.4
v 2.9 2.1 -1.5
v 2.9 2.2 -1.4
v 2.9 2.2 -1.5
v -2.9 0.7 3.1
v -2.9 0.7 3
v -2.9 0.8 3.1
v -2.9 0.8 3
v -2.9 1.3 -3
v -2.9 1.3 -3.1
v -2.9 1.5 -3
v -2.9 1.5 -3.1
v -2.9 1.6 1.9
v -2.9 1.6 1.8
v -2.9 1.6 -2.6
v -2.9 1.6 -2.7
v -2.9 1.6 -2.8
v -2.9 1.6 -2.9
v -2.9 1.7 -2.2
v -2.9 1.7 -2.3
v -2.9 1.7 -2.6
v -2.9 1.7 -2.7
v -2.9 1.7 -2.8
v -2.9 1.7 -2.9
v -2.9 1.8 1.9
v -2.9 1.8 1.8
v -2.9 1.8 -2.2
v -2.9 1.8 -2.3
v -2.8 0.8 3.1
v -2.8 0.8 3
v -2.8 0.9 3.1
v -2.8 0.9 3
v -2.8 1.6 -2.2
v -2.8 1.6 -2.3
v -2.8 1.6 -2.7
v -2.8 1.6 -2.8
v -2.8 1.7 -2.2
v -2.8 1.7 -2.3
v -2.8 1.7 -2.7
v -2.8 1.7 -2.8
v -2.7 1.3 -3
v -2.7 1.3 -3.1
v -2.7 1.4 2.9
v -2.7 1.4 2.8
v -2.7 1.4 -3
v -2.7 1.4 -3.1
v -2.7 1.5 2.9
v -2.7 1.5 2.8
v -2.7 1.7 1.9
v -2.7 1.7 1.8
v -2.7 1.8 1.9
v -2.7 1.8 1.8
v -2.7 1.9 1
v -2.7 1.9 0.9
v -2.7 1.9 0.8
v -2.7 1.9 0.7
v -2.7 2 1
v -2.7 2 0.9
v -2.7 2 0.8
v -2.7 2 0.7
v -2.6 0.8 3.1
v -2.6 0.8 3
v -2.6 0.9 3.1
v -2.6 0.9 3
v -2.6 1.3 2.9
v -2.6 1.3 2.8
v -2.6 1.4 2.9
v -2.6 1.4 2.8
v -2.6 1.7 -2.2
v -2.6 1.7 -2.3
v -2.6 1.8 -2.2
v -2.6 1.8 -2.3
v -2.6 1.9 0.9
v -2.6 1.9 0.8
v -2.6 1.9 -1
v -2.6 1.9 -1.1
v -2.6 1.9 -1.2
v -2.6 1.9 -1.3
v -2.6 2 0.9
v -2.6 2 0.8
v -2.6 2 -1
v -2.6 2 -1.1
v -2.6 2 -1.2
v -2.6 2 -1.3
v -2.5 0.7 3.1
v -2.5 0.7 3
v -2.5 0.8 3.1
v -2.5 0.8 3
v -2.5 1.4 -3
v -2.5 1.4 -3.1
v -2.5 1.5 -3
v -2.5 1.5 -3.1
v -2.5 1.6 1.9
v -2.5 1.6 1.8
v -2.5 1.6 -2.2
v -2.5 1.6 -2.3
v -2.5 1.7 1.9
v -2.5 1.7 1.8
v -2.5 1.7 -2.2
v -2.5 1.7 -2.3
v -2.5 1.9 -0.4
v -2.5 1.9 -0.6
v -2.5 1.9 -1.1
v -2.5 1.9 -1.2
v -2.5 2 -1.1
v -2.5 2 -1.2
v -2.5 2.1 -0.4
v -2.5 2.1 -0.6
v -2.5 2.6 -0.3
v -2.5 2.6 -0.4
v -2.5 2.6 -0.6
v -2.5 2.6 -0.7
v -2.5 2.7 -0.3
v -2.5 2.7 -0.4
v -2.5 2.7 -0.6
v -2.5 2.7 -0.7
v -2.5 2.8 -0.4
v -2.5 2.8 -0.6
v -2.4 1.3 2.9
v -2.4 1.3 2.8
v -2.4 1.5 2.9
v -2.4 1.5 2.8
v -2.4 1.6 1.7
v -2.4 1.6 1.5
v -2.4 1.6 1.3
v -2.4 1.6 1.2
v -2.4 1.6 1.1
v -2.4 1.6 0.9
v -2.4 1.6 0.8
v -2.4 1.6 0.6
v -2.4 1.6 0.5
v -2.4 1.6 0.4
v -2.4 1.6 0.3
v -2.4 1.6 0.0999999
v -2.4 1.6 0
v -2.4 1.6 -0.3
v -2.4 1.6 -0.4
v -2.4 1.6 -0.5
v -2.4 1.6 -0.6
v -2.4 1.6 -0.9
v -2.4 1.6 -1
v -2.4 1.6 -1.2
v -2.4 1.6 -1.3
v -2.4 1.6 -1.5
v -2.4 1.6 -1.6
v -2.4 1.6 -1.8
v -2.4 1.6 -1.9
v -2.4 1.6 -2
v -2.4 1.6 -2.1
v -2.4 1.6 -2.2
v -2.4 1.7 1.9
v -2.4 1.7 1.8
v -2.4 1.7 1.6
v -2.4 1.7 1.5
v -2.4 1.7 1.3
v -2.4 1.7 1.2
v -2.4 1.7 1.1
v -2.4 1.7 1
v -2.4 1.7 0.7
v -2.4 1.7 0.6
v -2.4 1.7 0.5
v -2.4 1.7 0.4
v -2.4 1.7 0.3
v -2.4 1.7 0.2
v -2.4 1.7 0.0999999
v -2.4 1.7 0
v -2.4 1.7 -0.0999999
v -2.4 1.7 -0.5
v -2.4 1.7 -0.6
v -2.4 1.7 -0.7
v -2.4 1.7 -0.8
v -2.4 1.7 -0.9
v -2.4 1.7 -1
v -2.4 1.7 -1.2
v -2.4 1.7 -1.3
v -2.4 1.7 -1.4
v -2.4 1.7 -1.5
v -2.4 1.7 -1.6
v -2.4 1.7 -1.7
v -2.4 1.7 -2
v -2.4 1.7 -2.1
v -2.4 1.7 -2.2
v -2.4 1.7 -2.3
v -2.4 1.8 1.7
v -2.4 1.8 1.6
v -2.4 1.8 1.5
v -2.4 1.8 1.3
v -2.4 1.8 1.2
v -2.4 1.8 1.1
v -2.4 1.8 1
v -2.4 1.8 0.9
v -2.4 1.8 0.8
v -2.4 1.8 0.7
v -2.4 1.8 0.6
v -2.4 1.8 0.3
v -2.4 1.8 0.2
v -2.4 1.8 0
v -2.4 1.8 -0.0999999
v -2.4 1.8 -0.3
v -2.4 1.8 -0.4
v -2.4 1.8 -0.6
v -2.4 1.8 -0.7
v -2.4 1.8 -0.8
v -2.4 1.8 -0.9
v -2.4 1.8 -1.3
v -2.4 1.8 -1.4
v -2.4 1.8 -1.6
v -2.4 1.8 -1.7
v -2.4 1.8 -1.8
v -2.4 1.8 -1.9
v -2.4 1.8 -2.1
v -2.4 1.9 1.9
v -2.4 1.9 1.8
v -2.4 1.9 -2.2
v -2.4 1.9 -2.3
v -2.4 2.1 -0.3
v -2.4 2.1 -0.7
v -2.4 2.2 -0.3
v -2.4 2.2 -0.7
v -2.4 2.4 -0.3
v -2.4 2.4 -0.7
v -2.4 2.5 -0.3
v -2.4 2.5 -0.7
v -2.4 2.6 -0.3
v -2.4 2.6 -0.4
v -2.4 2.6 -0.6
v -2.4 2.6 -0.7
v -2.4 2.7 -0.4
v -2.4 2.7 -0.6
v -2.3 0.7 3.1
v -2.3 0.7 3
v -2.3 0.9 3.1
v -2.3 0.9 3
v -2.3 1.3 -3
v -2.3 1.3 -3.1
v -2.3 1.5 -3
v -2.3 1.5 -3.1
v -2.3 1.6 1.8
v -2.3 1.6 1.7
v -2.3 1.6 1.5
v -2.3 1.6 1.3
v -2.3 1.6 1.2
v -2.3 1.6 1.1
v -2.3 1.6 0.9
v -2.3 1.6 0.8
v -2.3 1.6 0.6
v -2.3 1.6 0.5
v -2.3 1.6 0.4
v -2.3 1.6 0.3
v -2.3 1.6 0.0999999
v -2.3 1.6 0
v -2.3 1.6 -0.3
v -2.3 1.6 -0.4
v -2.3 1.6 -0.5
v -2.3 1.6 -0.6
v -2.3 1.6 -0.9
v -2.3 1.6 -1
v -2.3 1.6 -1.2
v -2.3 1.6 -1.3
v -2.3 1.6 -1.5
v -2.3 1.6 -1.6
v -2.3 1.6 -1.8
v -2.3 1.6 -1.9
v -2.3 1.6 -2
v -2.3 1.6 -2.1
v -2.3 1.7 1.6
v -2.3 1.7 1.5
v -2.3 1.7 1.3
v -2.3 1.7 1.2
v -2.3 1.7 1.1
v -2.3 1.7 1
v -2.3 1.7 0.7
v -2.3 1.7 0.6
v -2.3 1.7 0.5
v -2.3 1.7 0.4
v -2.3 1.7 0.3
v -2.3 1.7 0.2
v -2.3 1.7 0.0999999
v -2.3 1.7 0
v -2.3 1.7 -0.0999999
v -2.3 1.7 -0.5
v -2.3 1.7 -0.6
v -2.3 1.7 -0.7
v -2.3 1.7 -0.8
v -2.3 1.7 -0.9
v -2.3 1.7 -1
v -2.3 1.7 -1.2
v -2.3 1.7 -1.3
v -2.3 1.7 -1.4
v -2.3 1.7 -1.5
v -2.3 1.7 -1.6
v -2.3 1.7 -1.7
v -2.3 1.7 -2
v -2.3 1.7 -2.1
v -2.3 1.7 -2.2
v -2.3 1.8 1.7
v -2.3 1.8 1.6
v -2.3 1.8 1.5
v -2.3 1.8 1.3
v -2.3 1.8 1.2
v -2.3 1.8 1.1
v -2.3 1.8 1
v -2.3 1.8 0.9
v -2.3 1.8 0.8
v -2.3 1.8 0.7
v -2.3 1.8 0.6
v -2.3 1.8 0.3
v -2.3 1.8 0.2
v -2.3 1.8 0
v -2.3 1.8 -0.0999999
v -2.3 1.8 -0.3
v -2.3 1.8 -0.4
v -2.3 1.8 -0.6
v -2.3 1.8 -0.7
v -2.3 1.8 -0.8
v -2.3 1.8 -0.9
v -2.3 1.8 -1.3
v -2.3 1.8 -1.4
v -2.3 1.8 -1.6
v -2.3 1.8 -1.7
v -2.3 1.8 -1.8
v -2.3 1.8 -1.9
v -2.3 1.8 -2.1
v -2.3 1.9 1.8
v -2.3 1.9 -2.2
v -2.2 1.4 2.9
v -2.2 1.4 2.8
v -2.2 1.5 2.9
v -2.2 1.5 2.8
v -2.2 1.6 2.7
v -2.2 1.6 2.6
v -2.2 1.6 2.5
v -2.2 1.6 2.4
v -2.2 1.7 2.7
v -2.2 1.7 2.6
v -2.2 1.7 2.5
v -2.2 1.7 2.4
v -2.1 0.7 3.1
v -2.1 0.7 3
v -2.1 0.8 3.1
v -2.1 0.8 3
v -2.1 1.3 2.9
v -2.1 1.3 2.8
v -2.1 1.3 -3
v -2.1 1.3 -3.1
v -2.1 1.4 2.9
v -2.1 1.4 2.8
v -2.1 1.4 -3
v -2.1 1.4 -3.1
v -2.1 1.6 2.6
v -2.1 1.6 2.5
v -2.1 1.7 2.6
v -2.1 1.7 2.5
v -2 0.8 3.1
v -2 0.8 3
v -2 0.9 3.1
v -2 0.9 3
v -2 1 2.8
v -2 1 2.4
v -2 1 -2.4
v -2 1 -3
v -2 1.2 2.8
v -2 1.2 2.5
v -2 1.2 2.4
v -2 1.2 -2.4
v -2 1.2 -2.5
v -2 1.2 -3
v -2 1.3 2.8
v -2 1.3 2.7
v -2 1.3 2.5
v -2 1.3 2.4
v -2 1.3 2.3
v -2 1.3 2.1
v -2 1.3 1.9
v -2 1.3 1.6
v -2 1.3 1.5
v -2 1.3 1.2
v -2 1.3 1.1
v -2 1.3 0.9
v -2 1.3 0.8
v -2 1.3 0.7
v -2 1.3 0.6
v -2 1.3 0.3
v -2 1.3 0.2
v -2 1.3 0.0999999
v -2 1.3 0
v -2 1.3 -0.3
v -2 1.3 -0.4
v -2 1.3 -0.6
v -2 1.3 -0.7
v -2 1.3 -0.8
v -2 1.3 -0.9
v -2 1.3 -1.1
v -2 1.3 -1.2
v -2 1.3 -1.3
v -2 1.3 -1.4
v -2 1.3 -1.7
v -2 1.3 -1.8
v -2 1.3 -2.1
v -2 1.3 -2.2
v -2 1.3 -2.4
v -2 1.3 -2.6
v -2 1.3 -2.7
v -2 1.4 2.9
v -2 1.4 2.8
v -2 1.4 2.7
v -2 1.4 2.6
v -2 1.4 2.2
v -2 1.4 2.1
v -2 1.4 1.9
v -2 1.4 1.8
v -2 1.4 1.7
v -2 1.4 1.6
v -2 1.4 1.5
v -2 1.4 1.3
v -2 1.4 1.2
v -2 1.4 1.1
v -2 1.4 1
v -2 1.4 0.9
v -2 1.4 0.8
v -2 1.4 0.7
v -2 1.4 0.6
v -2 1.4 0.5
v -2 1.4 0.4
v -2 1.4 0.3
v -2 1.4 0.2
v -2 1.4 0.0999999
v -2 1.4 0
v -2 1.4 -0.0999999
v -2 1.4 -0.2
v -2 1.4 -0.3
v -2 1.4 -0.4
v -2 1.4 -0.5
v -2 1.4 -0.6
v -2 1.4 -0.7
v -2 1.4 -1
v -2 1.4 -1.1
v -2 1.4 -1.2
v -2 1.4 -1.3
v -2 1.4 -1.4
v -2 1.4 -1.5
v -2 1.4 -1.6
v -2 1.4 -1.7
v -2 1.4 -1.8
v -2 1.4 -2
v -2 1.4 -2.1
v -2 1.4 -2.2
v -2 1.4 -2.3
v -2 1.4 -2.4
v -2 1.4 -2.5
v -2 1.4 -2.6
v -2 1.4 -2.7
v -2 1.4 -2.8
v -2 1.4 -3
v -2 1.4 -3.1
v -2 1.5 2.8
v -2 1.5 2.7
v -2 1.5 2.6
v -2 1.5 2.4
v -2 1.5 2.3
v -2 1.5 2.2
v -2 1.5 2.1
v -2 1.5 1.9
v -2 1.5 1.8
v -2 1.5 1.7
v -2 1.5 1.6
v -2 1.5 1.3
v -2 1.5 1.2
v -2 1.5 1
v -2 1.5 0.9
v -2 1.5 0.6
v -2 1.5 0.5
v -2 1.5 0.4
v -2 1.5 0.3
v -2 1.5 0
v -2 1.5 -0.0999999
v -2 1.5 -0.2
v -2 1.5 -0.3
v -2 1.5 -0.5
v -2 1.5 -0.6
v -2 1.5 -0.8
v -2 1.5 -0.9
v -2 1.5 -1
v -2 1.5 -1.1
v -2 1.5 -1.4
v -2 1.5 -1.5
v -2 1.5 -1.6
v -2 1.5 -1.7
v -2 1.5 -2
v -2 1.5 -2.1
v -2 1.5 -2.3
v -2 1.5 -2.4
v -2 1.5 -2.7
v -2 1.5 -2.8
v -2 1.5 -3
v -2 1.6 2.9
v -2 1.6 2.8
v -2 1.6 -3
v -2 1.6 -3.1
v -1.9 1.3 2.4
v -1.9 1.3 2.3
v -1.9 1.3 2.1
v -1.9 1.3 1.9
v -1.9 1.3 1.6
v -1.9 1.3 1.5
v -1.9 1.3 1.2
v -1.9 1.3 1.1
v -1.9 1.3 0.9
v -1.9 1.3 0.8
v -1.9 1.3 0.7
v -1.9 1.3 0.6
v -1.9 1.3 0.3
v -1.9 1.3 0.2
v -1.9 1.3 0.0999999
v -1.9 1.3 0
v -1.9 1.3 -0.3
v -1.9 1.3 -0.4
v -1.9 1.3 -0.6
v -1.9 1.3 -0.7
v -1.9 1.3 -0.8
v -1.9 1.3 -0.9
v -1.9 1.3 -1.1
v -1.9 1.3 -1.2
v -1.9 1.3 -1.3
v -1.9 1.3 -1.4
v -1.9 1.3 -1.7
v -1.9 1.3 -1.8
v -1.9 1.3 -2.1
v -1.9 1.3 -2.2
v -1.9 1.3 -2.4
v -1.9 1.3 -2.5
v -1.9 1.3 -2.6
v -1.9 1.3 -2.7
v -1.9 1.4 2.7
v -1.9 1.4 2.6
v -1.9 1.4 2.2
v -1.9 1.4 2.1
v -1.9 1.4 1.9
v -1.9 1.4 1.8
v -1.9 1.4 1.7
v -1.9 1.4 1.6
v -1.9 1.4 1.5
v -1.9 1.4 1.3
v -1.9 1.4 1.2
v -1.9 1.4 1.1
v -1.9 1.4 1
v -1.9 1.4 0.9
v -1.9 1.4 0.8
v -1.9 1.4 0.7
v -1.9 1.4 0.6
v -1.9 1.4 0.5
v -1.9 1.4 0.4
v -1.9 1.4 0.3
v -1.9 1.4 0.2
v -1.9 1.4 0.0999999
v -1.9 1.4 0
v -1.9 1.4 -0.0999999
v -1.9 1.4 -0.2
v -1.9 1.4 -0.3
v -1.9 1.4 -0.4
v -1.9 1.4 -0.5
v -1.9 1.4 -0.6
v -1.9 1.4 -0.7
v -1.9 1.4 -1
v -1.9 1.4 -1.1
v -1.9 1.4 -1.2
v -1.9 1.4 -1.3
v -1.9 1.4 -1.4
v -1.9 1.4 -1.5
v -1.9 1.4 -1.6
v -1.9 1.4 -1.7
v -1.9 1.4 -1.8
v -1.9 1.4 -2
v -1.9 1.4 -2.1
v -1.9 1.4 -2.2
v -1.9 1.4 -2.3
v -1.9 1.4 -2.4
v -1.9 1.4 -2.5
v -1.9 1.4 -2.6
v -1.9 1.4 -2.7
v -1.9 1.4 -2.8
v -1.9 1.5 2.6
v -1.9 1.5 2.4
v -1.9 1.5 2.3
v -1.9 1.5 2.2
v -1.9 1.5 2.1
v -1.9 1.5 1.9
v -1.9 1.5 1.8
v -1.9 1.5 1.7
v -1.9 1.5 1.6
v -1.9 1.5 1.3
v -1.9 1.5 1.2
v -1.9 1.5 1
v -1.9 1.5 0.9
v -1.9 1.5 0.6
v -1.9 1.5 0.5
v -1.9 1.5 0.4
v -1.9 1.5 0.3
v -1.9 1.5 0
v -1.9 1.5 -0.0999999
v -1.9 1.5 -0.2
v -1.9 1.5 -0.3
v -1.9 1.5 -0.5
v -1.9 1.5 -0.6
v -1.9 1.5 -0.8
v -1.9 1.5 -0.9
v -1.9 1.5 -1
v -1.9 1.5 -1.1
v -1.9 1.5 -1.4
v -1.9 1.5 -1.5
v -1.9 1.5 -1.6
v -1.9 1.5 -1.7
v -1.9 1.5 -2
v -1.9 1.5 -2.1
v -1.9 1.5 -2.3
v -1.9 1.5 -2.4
v -1.9 1.5 -2.7
v -1.9 1.5 -2.8
v -1.9 1.5 -3
v -1.9 1.6 2.7
v -1.9 1.6 -3
v -1.8 0.7 3.1
v -1.8 0.7 3
v -1.8 0.8 -3
v -1.8 0.8 -3.1
v -1.8 0.9 3.1
v -1.8 0.9 3
v -1.8 0.9 -3
v -1.8 0.9 -3.1
v -1.8 1 -2.4
v -1.8 1 -2.5
v -1.8 1.1 2.5
v -1.8 1.1 2.4
v -1.8 1.1 -2.4
v -1.8 1.1 -2.5
v -1.8 1.2 2.5
v -1.8 1.2 2.4
v -1.7 0.7 -3
v -1.7 0.7 -3.1
v -1.7 0.8 -3
v -1.7 0.8 -3.1
v -1.7 1 2.5
v -1.7 1 2.4
v -1.7 1.1 2.5
v -1.7 1.1 2.4
v -1.7 1.1 -2.4
v -1.7 1.1 -2.5
v -1.7 1.2 -2.4
v -1.7 1.2 -2.5
v -1.6 0.7 3.1
v -1.6 0.7 3
v -1.6 0.8 3.1
v -1.6 0.8 3
v -1.6 1 3
v -1.6 1 2.8
v -1.6 1.3 3
v -1.6 1.3 2.8
v -1.6 1.3 -1.9
v -1.6 1.3 -2
v -1.6 1.3 -2.1
v -1.6 1.3 -2.2
v -1.6 1.4 -1.9
v -1.6 1.4 -2
v -1.6 1.4 -2.1
v -1.6 1.4 -2.2
v -1.6 1.9 3.1
v -1.6 1.9 3
v -1.6 1.9 2.8
v -1.6 1.9 2.7
v -1.6 2 3.1
v -1.6 2 3
v -1.6 2 2.8
v -1.6 2 2.7
v -1.6 2.1 3
v -1.6 2.1 2.8
v -1.5 0.8 3.1
v -1.5 0.8 3
v -1.5 0.9 3.1
v -1.5 0.9 3
v -1.5 1 2.5
v -1.5 1 2.4
v -1.5 1 0.9
v -1.5 1 0.8
v -1.5 1 0.7
v -1.5 1 0.5
v -1.5 1 0.4
v -1.5 1 0.2
v -1.5 1 0.0999999
v -1.5 1 -0.2
v -1.5 1 -0.3
v -1.5 1 -0.5
v -1.5 1 -0.6
v -1.5 1 -0.8
v -1.5 1 -0.9
v -1.5 1 -1.2
v -1.5 1 -1.3
v -1.5 1 -1.5
v -1.5 1 -1.6
v -1.5 1 -1.7
v -1.5 1 -2.6
v -1.5 1 -2.7
v -1.5 1 -2.8
v -1.5 1 -2.9
v -1.5 1.1 2.5
v -1.5 1.1 2.4
v -1.5 1.1 0.8
v -1.5 1.1 0.7
v -1.5 1.1 0.6
v -1.5 1.1 0.5
v -1.5 1.1 0.4
v -1.5 1.1 0.3
v -1.5 1.1 -0.0999999
v -1.5 1.1 -0.2
v -1.5 1.1 -0.3
v -1.5 1.1 -0.5
v -1.5 1.1 -0.6
v -1.5 1.1 -0.7
v -1.5 1.1 -0.8
v -1.5 1.1 -0.9
v -1.5 1.1 -1
v -1.5 1.1 -1.1
v -1.5 1.1 -1.2
v -1.5 1.1 -1.3
v -1.5 1.1 -1.4
v -1.5 1.1 -1.5
v -1.5 1.1 -1.6
v -1.5 1.1 -1.7
v -1.5 1.1 -2.4
v -1.5 1.1 -2.5
v -1.5 1.1 -2.6
v -1.5 1.1 -2.7
v -1.5 1.1 -2.8
v -1.5 1.1 -2.9
v -1.5 1.2 0.9
v -1.5 1.2 0.7
v -1.5 1.2 0.6
v -1.5 1.2 0.4
v -1.5 1.2 0.3
v -1.5 1.2 0.2
v -1.5 1.2 0.0999999
v -1.5 1.2 -0.0999999
v -1.5 1.2 -0.2
v -1.5 1.2 -0.6
v -1.5 1.2 -0.7
v -1.5 1.2 -0.9
v -1.5 1.2 -1
v -1.5 1.2 -1.1
v -1.5 1.2 -1.2
v -1.5 1.2 -1.3
v -1.5 1.2 -1.4
v -1.5 1.2 -1.6
v -1.5 1.2 -2.4
v -1.5 1.2 -2.5
v -1.5 1.3 3.1
v -1.5 1.3 2.7
v -1.5 1.3 1.8
v -1.5 1.3 1.7
v -1.5 1.3 1.6
v -1.5 1.3 1.5
v -1.5 1.3 -2
v -1.5 1.3 -2.1
v -1.5 1.4 3.1
v -1.5 1.4 2.7
v -1.5 1.4 1.8
v -1.5 1.4 1.7
v -1.5 1.4 1.6
v -1.5 1.4 1.5
v -1.5 1.4 -2
v -1.5 1.4 -2.1
v -1.5 1.6 3.1
v -1.5 1.6 2.7
v -1.5 1.7 3.1
v -1.5 1.7 2.7
v -1.5 1.9 3.1
v -1.5 1.9 3
v -1.5 1.9 2.8
v -1.5 1.9 2.7
v -1.5 2 3
v -1.5 2 2.8
v -1.4 0.7 -3
v -1.4 0.7 -3.1
v -1.4 0.9 -3
v -1.4 0.9 -3.1
v -1.4 1 2.4
v -1.4 1 2.3
v -1.4 1 2.2
v -1.4 1 2.1
v -1.4 1 2
v -1.4 1 1.9
v -1.4 1 1.8
v -1.4 1 1.6
v -1.4 1 1.5
v -1.4 1 1.3
v -1.4 1 1.2
v -1.4 1 1.1
v -1.4 1 1
v -1.4 1 0.9
v -1.4 1 0.8
v -1.4 1 0.7
v -1.4 1 0.5
v -1.4 1 0.4
v -1.4 1 0.2
v -1.4 1 0.0999999
v -1.4 1 -0.2
v -1.4 1 -0.3
v -1.4 1 -0.5
v -1.4 1 -0.6
v -1.4 1 -0.8
v -1.4 1 -0.9
v -1.4 1 -1.2
v -1.4 1 -1.3
v -1.4 1 -1.5
v -1.4 1 -1.6
v -1.4 1 -1.7
v -1.4 1 -1.8
v -1.4 1 -1.9
v -1.4 1 -2.1
v -1.4 1 -2.2
v -1.4 1 -2.4
v -1.4 1 -2.5
v -1.4 1 -2.7
v -1.4 1 -2.8
v -1.4 1.1 2.5
v -1.4 1.1 2.4
v -1.4 1.1 2.3
v -1.4 1.1 2.2
v -1.4 1.1 2.1
v -1.4 1.1 2
v -1.4 1.1 1.9
v -1.4 1.1 1.8
v -1.4 1.1 1.6
v -1.4 1.1 1.5
v -1.4 1.1 1.4
v -1.4 1.1 1.1
v -1.4 1.1 1
v -1.4 1.1 0.9
v -1.4 1.1 0.8
v -1.4 1.1 0.7
v -1.4 1.1 0.6
v -1.4 1.1 0.5
v -1.4 1.1 0.4
v -1.4 1.1 0.3
v -1.4 1.1 -0.0999999
v -1.4 1.1 -0.2
v -1.4 1.1 -0.3
v -1.4 1.1 -0.5
v -1.4 1.1 -0.6
v -1.4 1.1 -0.7
v -1.4 1.1 -0.8
v -1.4 1.1 -0.9
v -1.4 1.1 -1
v -1.4 1.1 -1.1
v -1.4 1.1 -1.2
v -1.4 1.1 -1.3
v -1.4 1.1 -1.4
v -1.4 1.1 -1.5
v -1.4 1.1 -1.6
v -1.4 1.1 -1.7
v -1.4 1.1 -2.1
v -1.4 1.1 -2.2
v -1.4 1.1 -2.3
v -1.4 1.1 -2.4
v -1.4 1.1 -2.5
v -1.4 1.1 -2.7
v -1.4 1.1 -2.8
v -1.4 1.2 2.3
v -1.4 1.2 2
v -1.4 1.2 1.9
v -1.4 1.2 1.5
v -1.4 1.2 1.4
v -1.4 1.2 1.3
v -1.4 1.2 1.2
v -1.4 1.2 1
v -1.4 1.2 0.9
v -1.4 1.2 0.7
v -1.4 1.2 0.6
v -1.4 1.2 0.4
v -1.4 1.2 0.3
v -1.4 1.2 0.2
v -1.4 1.2 0.0999999
v -1.4 1.2 -0.0999999
v -1.4 1.2 -0.2
v -1.4 1.2 -0.6
v -1.4 1.2 -0.7
v -1.4 1.2 -0.9
v -1.4 1.2 -1
v -1.4 1.2 -1.1
v -1.4 1.2 -1.2
v -1.4 1.2 -1.3
v -1.4 1.2 -1.4
v -1.4 1.2 -1.6
v -1.4 1.2 -1.7
v -1.4 1.2 -1.8
v -1.4 1.2 -1.9
v -1.4 1.2 -2.2
v -1.4 1.2 -2.3
v -1.4 1.2 -2.4
v -1.4 1.2 -2.5
v -1.4 1.3 2.5
v -1.4 1.3 2.4
v -1.4 1.3 1.7
v -1.4 1.3 1.6
v -1.4 1.3 0.9
v -1.4 1.3 -1.7
v -1.4 1.3 -2.4
v -1.4 1.3 -2.5
v -1.4 1.4 1.7
v -1.4 1.4 1.6
v -1.3 0.7 3.1
v -1.3 0.7 3
v -1.3 0.9 3.1
v -1.3 0.9 3
v -1.3 1 2.3
v -1.3 1 2.2
v -1.3 1 2.1
v -1.3 1 2
v -1.3 1 1.9
v -1.3 1 1.8
v -1.3 1 1.6
v -1.3 1 1.5
v -1.3 1 1.3
v -1.3 1 1.2
v -1.3 1 1.1
v -1.3 1 1
v -1.3 1 -1.8
v -1.3 1 -1.9
v -1.3 1 -2.1
v -1.3 1 -2.2
v -1.3 1.1 2.4
v -1.3 1.1 2.3
v -1.3 1.1 2.2
v -1.3 1.1 2.1
v -1.3 1.1 2
v -1.3 1.1 1.9
v -1.3 1.1 1.8
v -1.3 1.1 1.6
v -1.3 1.1 1.5
v -1.3 1.1 1.4
v -1.3 1.1 1.1
v -1.3 1.1 1
v -1.3 1.1 0.9
v -1.3 1.1 -2.1
v -1.3 1.1 -2.2
v -1.3 1.1 -2.3
v -1.3 1.2 2.3
v -1.3 1.2 2
v -1.3 1.2 1.9
v -1.3 1.2 1.5
v -1.3 1.2 1.4
v -1.3 1.2 1.3
v -1.3 1.2 1.2
v -1.3 1.2 1
v -1.3 1.2 -1.7
v -1.3 1.2 -1.8
v -1.3 1.2 -1.9
v -1.3 1.2 -2.2
v -1.3 1.2 -2.3
v -1.3 1.2 -2.4
v -1.3 1.3 2.4
v -1.3 1.3 0.9
v -1.3 1.3 -1.7
v -1.3 1.3 -2.4
v -1.1 0.9 3.1
v -1.1 0.9 3
v -1.1 0.9 -3
v -1.1 0.9 -3.1
v -1.1 1 3.1
v -1.1 1 -3.1
v 0.5 0.7 -3
v 0.5 0.7 -3.1
v 0.5 0.8 -3
v 0.5 0.8 -3.1
v 0.6 0.8 3.1
v 0.6 0.8 3
v 0.6 0.8 -3
v 0.6 0.8 -3.1
v 0.6 0.9 3.1
v 0.6 0.9 3
v 0.6 0.9 -3
v 0.6 0.9 -3.1
v 0.7 0.7 3.1
v 0.7 0.7 3
v 0.7 0.8 3.1
v 0.7 0.8 3
v 0.8 0.8 -3
v 0.8 0.8 -3.1
v 0.8 0.9 -3
v 0.8 0.9 -3.1
v 0.9 0.7 -3
v 0.9 0.7 -3.1
v 0.9 0.8 -3
v 0.9 0.8 -3.1
v 1 0.7 3.1
v 1 0.7 3
v 1 0.8 3.1
v 1 0.8 3
v 1.1 0.7 -3
v 1.1 0.7 -3.1
v 1.1 0.8 -3
v 1.1 0.8 -3.1
v 1.1 1 2.7
v 1.1 1 2.6
v 1.1 1 -2.8
v 1.1 1 -2.9
v 1.1 1 -3
v 1.1 1 -3.1
v 1.1 1.1 2.7
v 1.1 1.1 2.6
v 1.1 1.1 -2.3
v 1.1 1.1 -2.4
v 1.1 1.1 -2.8
v 1.1 1.1 -2.9
v 1.1 1.1 -3
v 1.1 1.1 -3.1
v 1.1 1.2 -2.3
v 1.1 1.2 -2.4
v 1.2 0.7 3.1
v 1.2 0.7 3
v 1.2 0.8 -3
v 1.2 0.8 -3.1
v 1.2 0.9 3.1
v 1.2 0.9 3
v 1.2 0.9 -3
v 1.2 0.9 -3.1
v 1.2 1 -2.3
v 1.2 1 -2.4
v 1.2 1 -2.9
v 1.2 1 -3
v 1.2 1.1 -2.3
v 1.2 1.1 -2.4
v 1.2 1.1 -2.9
v 1.2 1.1 -3
v 1.2 1.3 0.2
v 1.2 1.3 0
v 1.2 1.3 -1.9
v 1.2 1.3 -2.1
v 1.2 1.5 0.2
v 1.2 1.5 0
v 1.2 1.5 -1.9
v 1.2 1.5 -2.1
v 1.2 1.8 0.3
v 1.2 1.8 0.2
v 1.2 1.8 0
v 1.2 1.8 -0.0999999
v 1.2 1.9 0.3
v 1.2 1.9 0.2
v 1.2 1.9 0
v 1.2 1.9 -0.0999999
v 1.2 2 0.2
v 1.2 2 0
v 1.2 2 -1.8
v 1.2 2 -1.9
v 1.2 2 -2.1
v 1.2 2 -2.2
v 1.2 2.1 -1.8
v 1.2 2.1 -1.9
v 1.2 2.1 -2.1
v 1.2 2.1 -2.2
v 1.2 2.2 -1.9
v 1.2 2.2 -2.1
v 1.3 1 2.7
v 1.3 1 2.6
v 1.3 1.1 -2.3
v 1.3 1.1 -2.4
v 1.3 1.2 2.7
v 1.3 1.2 2.6
v 1.3 1.2 -2.3
v 1.3 1.2 -2.4
v 1.3 1.5 0.3
v 1.3 1.5 -0.0999999
v 1.3 1.5 -1.8
v 1.3 1.5 -2.2
v 1.3 1.6 0.3
v 1.3 1.6 -0.0999999
v 1.3 1.6 -1.8
v 1.3 1.6 -2.2
v 1.3 1.8 0.3
v 1.3 1.8 0.2
v 1.3 1.8 0
v 1.3 1.8 -0.0999999
v 1.3 1.8 -1.8
v 1.3 1.8 -2.2
v 1.3 1.9 0.2
v 1.3 1.9 0
v 1.3 1.9 -1.8
v 1.3 1.9 -2.2
v 1.3 2 -1.8
v 1.3 2 -1.9
v 1.3 2 -2.1
v 1.3 2 -2.2
v 1.3 2.1 -1.9
v 1.3 2.1 -2.1
v 1.4 0.8 -3
v 1.4 0.8 -3.1
v 1.4 0.9 -3
v 1.4 0.9 -3.1
v 1.5 0.7 3.1
v 1.5 0.7 3
v 1.5 0.7 -3
v 1.5 0.7 -3.1
v 1.5 0.8 3.1
v 1.5 0.8 3
v 1.5 0.8 -3
v 1.5 0.8 -3.1
v 1.5 1.1 -2.3
v 1.5 1.1 -2.4
v 1.5 1.2 -2.3
v 1.5 1.2 -2.4
v 1.6 0.8 3.1
v 1.6 0.8 3
v 1.6 0.9 3.1
v 1.6 0.9 3
v 1.6 1 2.7
v 1.6 1 2.6
v 1.6 1.2 2.6
v 1.6 1.3 2.7
v 1.6 1.3 2.6
v 1.7 0.8 -3
v 1.7 0.8 -3.1
v 1.7 0.9 -3
v 1.7 0.9 -3.1
v 1.7 1.3 -2.5
v 1.7 1.3 -2.6
v 1.7 1.5 -2.5
v 1.7 1.5 -2.6
v 1.8 0.7 3.1
v 1.8 0.7 3
v 1.8 0.7 -3
v 1.8 0.7 -3.1
v 1.8 0.8 -3
v 1.8 0.8 -3.1
v 1.8 0.9 3.1
v 1.8 0.9 3
v 1.8 1.4 2.7
v 1.8 1.4 2.6
v 1.8 1.5 2.7
v 1.8 1.5 2.6
v 1.9 1.4 -2.5
v 1.9 1.4 -2.6
v 1.9 1.5 -2.5
v 1.9 1.5 -2.6
v 2 0.7 -3
v 2 0.7 -3.1
v 2 0.8 3.1
v 2 0.8 3
v 2 0.8 -3
v 2 0.8 -3.1
v 2 0.9 3.1
v 2 0.9 3
v 2 1.3 2.9
v 2 1.3 2.8
v 2 1.3 -2.5
v 2 1.3 -2.6
v 2 1.4 2.9
v 2 1.4 2.8
v 2 1.4 -2.5
v 2 1.4 -2.6
v 2.1 0.7 3.1
v 2.1 0.7 3
v 2.1 0.8 3.1
v 2.1 0.8 3
v 2.1 0.8 -3
v 2.1 0.8 -3.1
v 2.1 0.9 -3
v 2.1 0.9 -3.1
v 2.1 1.4 2.9
v 2.1 1.4 2.8
v 2.1 1.5 2.9
v 2.1 1.5 2.8
v 2.1 1.7 -1.4
v 2.1 1.7 -1.5
v 2.1 1.8 -1.4
v 2.1 1.8 -1.5
v 2.1 1.9 1.9
v 2.1 1.9 1.8
v 2.1 1.9 1.6
v 2.1 1.9 1.5
v 2.1 1.9 1.3
v 2.1 1.9 1.2
v 2.1 1.9 1
v 2.1 1.9 0.9
v 2.1 1.9 0.7
v 2.1 1.9 0.6
v 2.1 1.9 0.4
v 2.1 1.9 0.3
v 2.1 1.9 0.0999999
v 2.1 1.9 0
v 2.1 1.9 -0.2
v 2.1 1.9 -0.3
v 2.1 1.9 -0.5
v 2.1 1.9 -0.6
v 2.1 1.9 -0.8
v 2.1 1.9 -0.9
v 2.1 1.9 -1.1
v 2.1 1.9 -1.2
v 2.1 1.9 -1.4
v 2.1 1.9 -1.5
v 2.1 2 1.8
v 2.1 2 1.6
v 2.1 2 1.5
v 2.1 2 1.3
v 2.1 2 1.2
v 2.1 2 1
v 2.1 2 0.9
v 2.1 2 0.7
v 2.1 2 0.6
v 2.1 2 0.4
v 2.1 2 0.3
v 2.1 2 0.0999999
v 2.1 2 0
v 2.1 2 -0.2
v 2.1 2 -0.3
v 2.1 2 -0.5
v 2.1 2 -0.6
v 2.1 2 -0.8
v 2.1 2 -0.9
v 2.1 2 -1.1
v 2.1 2 -1.2
v 2.1 2 -1.4
v 2.1 2 -1.5
v 2.1 2.1 1.8
v 2.1 2.1 1.6
v 2.1 2.1 1.5
v 2.1 2.1 1.3
v 2.1 2.1 1.2
v 2.1 2.1 1
v 2.1 2.1 0.9
v 2.1 2.1 0.7
v 2.1 2.1 0.6
v 2.1 2.1 0.4
v 2.1 2.1 0.3
v 2.1 2.1 0.0999999
v 2.1 2.1 0
v 2.1 2.1 -0.2
v 2.1 2.1 -0.3
v 2.1 2.1 -0.5
v 2.1 2.1 -0.6
v 2.1 2.1 -0.8
v 2.1 2.1 -0.9
v 2.1 2.1 -1.1
v 2.1 2.1 -1.2
v 2.1 2.1 -1.4
v 2.1 2.1 -1.5
v 2.1 2.2 1.9
v 2.1 2.2 1.8
v 2.1 2.2 1.6
v 2.1 2.2 1.5
v 2.1 2.2 1.3
v 2.1 2.2 1.2
v 2.1 2.2 1
v 2.1 2.2 0.9
v 2.1 2.2 0.7
v 2.1 2.2 0.6
v 2.1 2.2 0.4
v 2.1 2.2 0.3
v 2.1 2.2 0.0999999
v 2.1 2.2 0
v 2.1 2.2 -0.2
v 2.1 2.2 -0.3
v 2.1 2.2 -0.5
v 2.1 2.2 -0.6
v 2.1 2.2 -0.8
v 2.1 2.2 -0.9
v 2.1 2.2 -1.1
v 2.1 2.2 -1.2
v 2.1 2.2 -1.4
v 2.1 2.2 -1.5
v 2.2 1.4 -2.5
v 2.2 1.4 -2.6
v 2.2 1.5 -2.5
v 2.2 1.5 -2.6
v 2.2 1.6 2.1
v 2.2 1.6 2
v 2.2 1.6 -1.4
v 2.2 1.6 -1.5
v 2.2 1.7 2.1
v 2.2 1.7 2
v 2.2 1.7 -1.4
v 2.2 1.7 -1.5
v 2.3 0.7 3.1
v 2.3 0.7 3
v 2.3 0.7 -3
v 2.3 0.7 -3.1
v 2.3 0.8 3.1
v 2.3 0.8 3
v 2.3 0.9 -3
v 2.3 0.9 -3.1
v 2.3 1.3 -2.5
v 2.3 1.3 -2.6
v 2.3 1.4 2.9
v 2.3 1.4 2.8
v 2.3 1.4 -2.5
v 2.3 1.4 -2.6
v 2.3 1.5 2.9
v 2.3 1.5 2.8
v 2.3 1.6 -2
v 2.3 1.6 -2.1
v 2.3 1.6 -2.2
v 2.3 1.6 -2.3
v 2.3 1.7 2.1
v 2.3 1.7 2
v 2.3 1.7 -2
v 2.3 1.7 -2.1
v 2.3 1.7 -2.2
v 2.3 1.7 -2.3
v 2.3 1.8 2.1
v 2.3 1.8 2
v 2.4 0.8 3.1
v 2.4 0.8 3
v 2.4 0.9 3.1
v 2.4 0.9 3
v 2.4 1.3 2.9
v 2.4 1.3 2.8
v 2.4 1.4 2.9
v 2.4 1.4 2.8
v 2.4 1.6 -2.1
v 2.4 1.6 -2.2
v 2.4 1.7 -1.4
v 2.4 1.7 -1.5
v 2.4 1.7 -2.1
v 2.4 1.7 -2.2
v 2.4 1.8 -1.4
v 2.4 1.8 -1.5
v 2.4 1.9 -1.4
v 2.4 1.9 -1.5
v 2.4 2 -1.4
v 2.4 2 -1.5
v 2.4 2.1 -1.4
v 2.4 2.1 -1.5
v 2.4 2.2 -1.4
v 2.4 2.2 -1.5
v 2.5 0.8 -3
v 2.5 0.8 -3.1
v 2.5 0.9 -3
v 2.5 0.9 -3.1
v 2.5 1.3 -2.5
v 2.5 1.3 -2.6
v 2.5 1.4 2.9
v 2.5 1.4 2.8
v 2.5 1.4 -2.5
v 2.5 1.4 -2.6
v 2.5 1.5 2.9
v 2.5 1.5 2.8
v 2.5 1.6 -1.4
v 2.5 1.6 -1.5
v 2.5 1.7 2.1
v 2.5 1.7 2
v 2.5 1.7 -1.4
v 2.5 1.7 -1.5
v 2.5 1.8 2.1
v 2.5 1.8 2
v 2.6 0.7 3.1
v 2.6 0.7 3
v 2.6 0.7 -3
v 2.6 0.7 -3.1
v 2.6 0.8 -3
v 2.6 0.8 -3.1
v 2.6 0.9 3.1
v 2.6 0.9 3
v 2.6 1.3 2.9
v 2.6 1.3 2.8
v 2.6 1.4 2.9
v 2.6 1.4 2.8
v 2.6 1.4 -2.5
v 2.6 1.4 -2.6
v 2.6 1.5 -2.5
v 2.6 1.5 -2.6
v 2.6 1.6 2.1
v 2.6 1.6 2
v 2.6 1.7 2.1
v 2.6 1.7 2
v 2.6 1.9 1.6
v 2.6 1.9 1.5
v 2.6 1.9 1.4
v 2.6 1.9 1.3
v 2.6 2 1.6
v 2.6 2 1.5
v 2.6 2 1.4
v 2.6 2 1.3
v 2.7 1.4 2.9
v 2.7 1.4 2.8
v 2.7 1.5 2.9
v 2.7 1.5 2.8
v 2.7 1.6 -1.4
v 2.7 1.6 -1.5
v 2.7 1.7 -1.4
v 2.7 1.7 -1.5
v 2.7 1.9 1.5
v 2.7 1.9 1.4
v 2.7 1.9 0.3
v 2.7 1.9 0.0999999
v 2.7 1.9 -1.4
v 2.7 1.9 -1.5
v 2.7 2 1.5
v 2.7 2 1.4
v 2.7 2 -1.4
v 2.7 2 -1.5
v 2.7 2.1 -1.4
v 2.7 2.1 -1.5
v 2.7 2.2 0.3
v 2.7 2.2 0.0999999
v 2.7 2.2 -1.4
v 2.7 2.2 -1.5
v 2.7 3 0.4
v 2.7 3 0.3
v 2.7 3 0.0999999
v 2.7 3 0
v 2.7 3.1 0.4
v 2.7 3.1 0.3
v 2.7 3.1 0.0999999
v 2.7 3.1 0
v 2.7 3.2 0.3
v 2.7 3.2 0.0999999
v 2.8 0.7 -3
v 2.8 0.7 -3.1
v 2.8 0.8 3.1
v 2.8 0.8 3
v 2.8 0.8 -3
v 2.8 0.8 -3.1
v 2.8 0.9 3.1
v 2.8 0.9 3
v 2.8 1.3 -2.5
v 2.8 1.3 -2.6
v 2.8 1.5 -2.5
v 2.8 1.5 -2.6
v 2.8 1.7 2.1
v 2.8 1.7 2
v 2.8 1.7 -1.4
v 2.8 1.7 -1.5
v 2.8 1.8 2.1
v 2.8 1.8 2
v 2.8 1.8 -1.4
v 2.8 1.8 -1.5
v 2.8 2.2 0.4
v 2.8 2.2 0
v 2.8 2.3 0.4
v 2.8 2.3 0
v 2.8 2.5 0.4
v 2.8 2.5 0
v 2.8 2.6 0.4
v 2.8 2.6 0
v 2.8 2.8 0.4
v 2.8 2.8 0
v 2.8 2.9 0.4
v 2.8 2.9 0
v 2.8 3 0.4
v 2.8 3 0.3
v 2.8 3 0.0999999
v 2.8 3 0
v 2.8 3.1 0.3
v 2.8 3.1 0.0999999
v 2.9 0.7 3.1
v 2.9 0.7 3
v 2.9 0.8 3.1
v 2.9 0.8 3
v 2.9 0.8 -3
v 2.9 0.8 -3.1
v 2.9 0.9 -3
v 2.9 0.9 -3.1
v 2.9 1.3 2.9
v 2.9 1.3 2.8
v 2.9 1.5 2.9
v 2.9 1.5 2.8
v 2.9 1.6 2.1
v 2.9 1.6 2
v 2.9 1.7 2.1
v 2.9 1.7 2
v 3 0 3
v 3 0 -3
v 3 0.3 3
v 3 0.3 -3
v 3 0.6 3
v 3 0.6 -3
v 3 0.7 2.9
v 3 0.7 2.8
v 3 0.7 -2.6
v 3 0.7 -2.7
v 3 0.7 -2.8
v 3 0.7 -2.9
v 3 0.8 -2.5
v 3 0.8 -2.6
v 3 0.8 -2.7
v 3 0.9 3.1
v 3 0.9 3
v 3 0.9 2.9
v 3 0.9 2.8
v 3 0.9 -2.5
v 3 0.9 -2.6
v 3 0.9 -2.8
v 3 0.9 -2.9
v 3 0.9 -3
v 3 0.9 -3.1
v 3 1 3.1
v 3 1 3
v 3 1 2.8
v 3 1 -2.5
v 3 1 -3
v 3 1 -3.1
v 3 1.2 2.8
v 3 1.2 -2.5
v 3 1.3 2.8
v 3 1.3 2.7
v 3 1.3 2.5
v 3 1.3 2.4
v 3 1.3 2.1
v 3 1.3 2
v 3 1.3 -1.5
v 3 1.3 -1.6
v 3 1.3 -1.9
v 3 1.3 -2
v 3 1.3 -2.1
v 3 1.3 -2.2
v 3 1.3 -2.5
v 3 1.3 -2.6
v 3 1.4 2.8
v 3 1.4 2.7
v 3 1.4 2.6
v 3 1.4 2.5
v 3 1.4 2.4
v 3 1.4 2.3
v 3 1.4 -1.8
v 3 1.4 -1.9
v 3 1.4 -2
v 3 1.4 -2.1
v 3 1.4 -2.2
v 3 1.4 -2.3
v 3 1.5 2.9
v 3 1.5 2.8
v 3 1.5 2.7
v 3 1.5 2.6
v 3 1.5 2.4
v 3 1.5 2.3
v 3 1.5 2.1
v 3 1.5 2
v 3 1.5 -1.4
v 3 1.5 -1.5
v 3 1.5 -1.6
v 3 1.5 -1.8
v 3 1.5 -1.9
v 3 1.5 -2.2
v 3 1.5 -2.3
v 3 1.5 -2.5
v 3 1.6 2.9
v 3 1.6 2.8
v 3 1.6 2
v 3 1.6 1.9
v 3 1.6 1.8
v 3 1.6 1.7
v 3 1.6 1.6
v 3 1.6 1.4
v 3 1.6 1.3
v 3 1.6 1.2
v 3 1.6 1.1
v 3 1.6 0.8
v 3 1.6 0.7
v 3 1.6 0.6
v 3 1.6 0.5
v 3 1.6 0.3
v 3 1.6 0.2
v 3 1.6 0.0999999
v 3 1.6 0
v 3 1.6 -0.2
v 3 1.6 -0.3
v 3 1.6 -0.4
v 3 1.6 -0.5
v 3 1.6 -1
v 3 1.6 -1.1
v 3 1.6 -1.5
v 3 1.6 -2.5
v 3 1.6 -2.6
v 3 1.7 2.1
v 3 1.7 2
v 3 1.7 1.9
v 3 1.7 1.8
v 3 1.7 1.5
v 3 1.7 1.4
v 3 1.7 1.3
v 3 1.7 1.2
v 3 1.7 1.1
v 3 1.7 1
v 3 1.7 0.6
v 3 1.7 0.5
v 3 1.7 0.4
v 3 1.7 -0.0999999
v 3 1.7 -0.2
v 3 1.7 -0.3
v 3 1.7 -0.4
v 3 1.7 -0.5
v 3 1.7 -0.7
v 3 1.8 1.9
v 3 1.8 1.7
v 3 1.8 1.6
v 3 1.8 1.5
v 3 1.8 1.4
v 3 1.8 1.1
v 3 1.8 1
v 3 1.8 0.8
v 3 1.8 0.7
v 3 1.8 0.5
v 3 1.8 0.4
v 3 1.8 0.3
v 3 1.8 0.2
v 3 1.8 0.0999999
v 3 1.8 0
v 3 1.8 -0.0999999
v 3 1.8 -0.2
v 3 1.8 -0.5
v 3 1.8 -0.7
v 3 1.8 -1
v 3 1.8 -1.1
v 3 1.8 -1.4
v 3 1.9 2.1
v 3 1.9 2
v 3 1.9 -1.4
v 3 1.9 -1.5
v 3 2.2 -1.4
v 3 2.2 -1.5
v 3.1 0.7 2.9
v 3.1 0.7 2.8
v 3.1 0.7 -2.6
v 3.1 0.7 -2.7
v 3.1 0.7 -2.8
v 3.1 0.7 -2.9
v 3.1 0.8 -2.5
v 3.1 0.8 -2.6
v 3.1 0.8 -2.7
v 3.1 0.9 3
v 3.1 0.9 2.9
v 3.1 0.9 -2.6
v 3.1 0.9 -2.8
v 3.1 0.9 -2.9
v 3.1 0.9 -3
v 3.1 1 3
v 3.1 1 2.8
v 3.1 1 -2.5
v 3.1 1 -3
v 3.1 1.3 2.8
v 3.1 1.3 2.7
v 3.1 1.3 2.5
v 3.1 1.3 2.4
v 3.1 1.3 2.1
v 3.1 1.3 2
v 3.1 1.3 -1.5
v 3.1 1.3 -1.6
v 3.1 1.3 -1.9
v 3.1 1.3 -2
v 3.1 1.3 -2.1
v 3.1 1.3 -2.2
v 3.1 1.4 2.8
v 3.1 1.4 2.7
v 3.1 1.4 2.6
v 3.1 1.4 2.5
v 3.1 1.4 2.4
v 3.1 1.4 2.3
v 3.1 1.4 -1.8
v 3.1 1.4 -1.9
v 3.1 1.4 -2
v 3.1 1.4 -2.1
v 3.1 1.4 -2.2
v 3.1 1.4 -2.3
v 3.1 1.5 2.8
v 3.1 1.5 2.7
v 3.1 1.5 2.6
v 3.1 1.5 2.4
v 3.1 1.5 2.3
v 3.1 1.5 2.1
v 3.1 1.5 -1.6
v 3.1 1.5 -1.8
v 3.1 1.5 -1.9
v 3.1 1.5 -2.2
v 3.1 1.5 -2.3
v 3.1 1.5 -2.5
v 3.1 1.6 2.8
v 3.1 1.6 2
v 3.1 1.6 1.9
v 3.1 1.6 1.8
v 3.1 1.6 1.7
v 3.1 1.6 1.6
v 3.1 1.6 1.4
v 3.1 1.6 1.3
v 3.1 1.6 1.2
v 3.1 1.6 1.1
v 3.1 1.6 0.8
v 3.1 1.6 0.7
v 3.1 1.6 0.6
v 3.1 1.6 0.5
v 3.1 1.6 0.3
v 3.1 1.6 0.2
v 3.1 1.6 0.0999999
v 3.1 1.6 0
v 3.1 1.6 -0.2
v 3.1 1.6 -0.3
v 3.1 1.6 -0.4
v 3.1 1.6 -0.5
v 3.1 1.6 -1
v 3.1 1.6 -1.1
v 3.1 1.6 -1.5
v 3.1 1.6 -2.5
v 3.1 1.7 2
v 3.1 1.7 1.9
v 3.1 1.7 1.8
v 3.1 1.7 1.5
v 3.1 1.7 1.4
v 3.1 1.7 1.3
v 3.1 1.7 1.2
v 3.1 1.7 1.1
v 3.1 1.7 1
v 3.1 1.7 0.6
v 3.1 1.7 0.5
v 3.1 1.7 0.4
v 3.1 1.7 -0.0999999
v 3.1 1.7 -0.2
v 3.1 1.7 -0.3
v 3.1 1.7 -0.4
v 3.1 1.7 -0.5
v 3.1 1.7 -0.7
v 3.1 1.8 1.9
v 3.1 1.8 1.7
v 3.1 1.8 1.6
v 3.1 1.8 1.5
v 3.1 1.8 1.4
v 3.1 1.8 1.1
v 3.1 1.8 1
v 3.1 1.8 0.8
v 3.1 1.8 0.7
v 3.1 1.8 0.5
v 3.1 1.8 0.4
v 3.1 1.8 0.3
v 3.1 1.8 0.2
v 3.1 1.8 0.0999999
v 3.1 1.8 0
v 3.1 1.8 -0.0999999
v 3.1 1.8 -0.2
v 3.1 1.8 -0.5
v 3.1 1.8 -0.7
v 3.1 1.8 -1
v 3.1 1.8 -1.1
v 3.1 1.8 -1.4
v 3.1 1.9 2
v 3.1 1.9 -1.4
v -3 0.7 3.1
v -3 0.8 3.1
v -3 0.9 3.1
v -3 1 3.1
v -2.9 0.7 3.1
v -2.9 0.8 3.1
v -2.9 0.9 3.1
v -2.8 0.8 3.1
v -2.8 0.9 3.1
v -2.7 0.8 3.1
v -2.7 0.9 3.1
v -2.6 0.7 3.1
v -2.6 0.8 3.1
v -2.6 0.9 3.1
v -2.5 0.7 3.1
v -2.5 0.8 3.1
v -2.4 0.7 3.1
v -2.4 0.9 3.1
v -2.3 0.7 3.1
v -2.3 0.9 3.1
v -2.2 0.7 3.1
v -2.2 0.8 3.1
v -2.1 0.7 3.1
v -2.1 0.8 3.1
v -2.1 0.9 3.1
v -2 0.8 3.1
v -2 0.9 3.1
v -1.9 0.7 3.1
v -1.9 0.9 3.1
v -1.9 1.3 3.1
v -1.9 1.4 3.1
v -1.9 1.6 3.1
v -1.9 1.7 3.1
v -1.9 1.9 3.1
v -1.8 0.7 3.1
v -1.8 0.9 3.1
v -1.8 1.9 3.1
v -1.8 2 3.1
v -1.7 0.7 3.1
v -1.7 0.8 3.1
v -1.6 0.7 3.1
v -1.6 0.8 3.1
v -1.6 0.9 3.1
v -1.6 1.9 3.1
v -1.6 2 3.1
v -1.5 0.8 3.1
v -1.5 0.9 3.1
v -1.5 1.3 3.1
v -1.5 1.4 3.1
v -1.5 1.6 3.1
v -1.5 1.7 3.1
v -1.5 1.9 3.1
v -1.4 0.7 3.1
v -1.4 0.9 3.1
v -1.3 0.7 3.1
v -1.3 0.9 3.1
v -1.1 0.9 3.1
v -1.1 1 3.1
v 0.4 0.9 3.1
v 0.4 1 3.1
v 0.5 0.8 3.1
v 0.5 0.9 3.1
v 0.6 0.7 3.1
v 0.6 0.8 3.1
v 0.6 0.9 3.1
v 0.7 0.7 3.1
v 0.7 0.8 3.1
v 0.9 0.7 3.1
v 0.9 0.8 3.1
v 1 0.7 3.1
v 1 0.8 3.1
v 1 0.9 3.1
v 1.1 0.7 3.1
v 1.1 0.8 3.1
v 1.2 0.7 3.1
v 1.2 0.9 3.1
v 1.4 0.7 3.1
v 1.4 0.8 3.1
v 1.5 0.7 3.1
v 1.5 0.8 3.1
v 1.5 0.9 3.1
v 1.6 0.8 3.1
v 1.6 0.9 3.1
v 1.7 0.7 3.1
v 1.7 0.9 3.1
v 1.8 0.7 3.1
v 1.8 0.9 3.1
v 1.9 0.8 3.1
v 1.9 0.9 3.1
v 2 0.7 3.1
v 2 0.8 3.1
v 2 0.9 3.1
v 2.1 0.7 3.1
v 2.1 0.8 3.1
v 2.2 0.7 3.1
v 2.2 0.8 3.1
v 2.3 0.7 3.1
v 2.3 0.8 3.1
v 2.3 0.9 3.1
v 2.4 0.8 3.1
v 2.4 0.9 3.1
v 2.5 0.7 3.1
v 2.5 0.9 3.1
v 2.6 0.7 3.1
v 2.6 0.9 3.1
v 2.7 0.8 3.1
v 2.7 0.9 3.1
v 2.8 0.7 3.1
v 2.8 0.8 3.1
v 2.8 0.9 3.1
v 2.9 0.7 3.1
v 2.9 0.8 3.1
v 3 0.9 3.1
v 3 1 3.1
v -3.1 0.9 3
v -3.1 1 3
v -3 0 3
v -3 0.3 3
v -3 0.6 3
v -3 0.7 3
v -3 0.8 3
v -3 0.9 3
v -3 1 3
v -2.9 0.7 3
v -2.9 0.8 3
v -2.9 0.9 3
v -2.8 0.8 3
v -2.8 0.9 3
v -2.7 0.8 3
v -2.7 0.9 3
v -2.6 0.7 3
v -2.6 0.8 3
v -2.6 0.9 3
v -2.5 0.7 3
v -2.5 0.8 3
v -2.4 0.7 3
v -2.4 0.9 3
v -2.3 0.7 3
v -2.3 0.9 3
v -2.2 0.7 3
v -2.2 0.8 3
v -2.1 0.7 3
v -2.1 0.8 3
v -2.1 0.9 3
v -2 0.8 3
v -2 0.9 3
v -1.9 0.7 3
v -1.9 0.9 3
v -1.9 1.9 3
v -1.9 2 3
v -1.8 0.7 3
v -1.8 0.9 3
v -1.8 1 3
v -1.8 1.3 3
v -1.8 1.9 3
v -1.8 2 3
v -1.8 2.1 3
v -1.7 0.7 3
v -1.7 0.8 3
v -1.6 0.7 3
v -1.6 0.8 3
v -1.6 0.9 3
v -1.6 1 3
v -1.6 1.3 3
v -1.6 1.9 3
v -1.6 2 3
v -1.6 2.1 3
v -1.5 0.8 3
v -1.5 0.9 3
v -1.5 1.9 3
v -1.5 2 3
v -1.4 0.7 3
v -1.4 0.9 3
v -1.3 0.7 3
v -1.3 0.9 3
v -1.1 0.7 3
v -1.1 0.9 3
v 0.4 0.7 3
v 0.4 0.9 3
v 0.5 0.8 3
v 0.5 0.9 3
v 0.6 0.7 3
v 0.6 0.8 3
v 0.6 0.9 3
v 0.7 0.7 3
v 0.7 0.8 3
v 0.9 0.7 3
v 0.9 0.8 3
v 1 0.7 3
v 1 0.8 3
v 1 0.9 3
v 1.1 0.7 3
v 1.1 0.8 3
v 1.2 0.7 3
v 1.2 0.9 3
v 1.4 0.7 3
v 1.4 0.8 3
v 1.5 0.7 3
v 1.5 0.8 3
v 1.5 0.9 3
v 1.6 0.8 3
v 1.6 0.9 3
v 1.7 0.7 3
v 1.7 0.9 3
v 1.8 0.7 3
v 1.8 0.9 3
v 1.9 0.8 3
v 1.9 0.9 3
v 2 0.7 3
v 2 0.8 3
v 2 0.9 3
v 2.1 0.7 3
v 2.1 0.8 3
v 2.2 0.7 3
v 2.2 0.8 3
v 2.3 0.7 3
v 2.3 0.8 3
v 2.3 0.9 3
v 2.4 0.8 3
v 2.4 0.9 3
v 2.5 0.7 3
v 2.5 0.9 3
v 2.6 0.7 3
v 2.6 0.9 3
v 2.7 0.8 3
v 2.7 0.9 3
v 2.8 0.7 3
v 2.8 0.8 3
v 2.8 0.9 3
v 2.9 0.7 3
v 2.9 0.8 3
v 3 0 3
v 3 0.3 3
v 3 0.6 3
v 3 0.9 3
v 3 1 3
v 3.1 0.9 3
v 3.1 1 3
v -3.1 0.7 2.9
v -3.1 0.9 2.9
v -3 0.7 2.9
v -3 0.9 2.9
v -3 1.5 2.9
v -3 1.6 2.9
v -2.9 1.4 2.9
v -2.9 1.5 2.9
v -2.7 1.3 2.9
v -2.7 1.4 2.9
v -2.7 1.5 2.9
v -2.6 1.3 2.9
v -2.6 1.4 2.9
v -2.5 1.3 2.9
v -2.5 1.5 2.9
v -2.4 1.3 2.9
v -2.4 1.5 2.9
v -2.3 1.3 2.9
v -2.3 1.5 2.9
v -2.2 1.4 2.9
v -2.2 1.5 2.9
v -2.1 1.3 2.9
v -2.1 1.4 2.9
v -2.1 1.5 2.9
v -2 1.4 2.9
v -2 1.6 2.9
v 1.9 1.3 2.9
v 1.9 1.4 2.9
v 1.9 1.5 2.9
v 1.9 1.6 2.9
v 2 1.3 2.9
v 2 1.4 2.9
v 2 1.5 2.9
v 2.1 1.4 2.9
v 2.1 1.5 2.9
v 2.2 1.3 2.9
v 2.2 1.5 2.9
v 2.3 1.4 2.9
v 2.3 1.5 2.9
v 2.4 1.3 2.9
v 2.4 1.4 2.9
v 2.4 1.5 2.9
v 2.5 1.3 2.9
v 2.5 1.4 2.9
v 2.5 1.5 2.9
v 2.6 1.3 2.9
v 2.6 1.4 2.9
v 2.6 1.5 2.9
v 2.7 1.4 2.9
v 2.7 1.5 2.9
v 2.8 1.3 2.9
v 2.8 1.5 2.9
v 2.9 1.3 2.9
v 2.9 1.5 2.9
v 3 0.7 2.9
v 3 0.9 2.9
v 3 1.5 2.9
v 3 1.6 2.9
v 3.1 0.7 2.9
v 3.1 0.9 2.9
v -3.1 1.3 2.8
v -3.1 1.6 2.8
v -3 1 2.8
v -3 1.2 2.8
v -3 1.3 2.8
v -3 1.5 2.8
v -3 1.6 2.8
v -2.9 1.4 2.8
v -2.9 1.5 2.8
v -2.7 1.3 2.8
v -2.7 1.4 2.8
v -2.7 1.5 2.8
v -2.6 1.3 2.8
v -2.6 1.4 2.8
v -2.5 1.3 2.8
v -2.5 1.5 2.8
v -2.4 1.3 2.8
v -2.4 1.5 2.8
v -2.3 1.3 2.8
v -2.3 1.5 2.8
v -2.2 1.4 2.8
v -2.2 1.5 2.8
v -2.1 1.3 2.8
v -2.1 1.4 2.8
v -2.1 1.5 2.8
v -2 1 2.8
v -2 1.2 2.8
v -2 1.3 2.8
v -2 1.4 2.8
v -2 1.5 2.8
v -2 1.6 2.8
v -1.9 1.3 2.8
v -1.9 1.4 2.8
v -1.9 1.5 2.8
v -1.9 1.6 2.8
v 1.8 1.5 2.8
v 1.8 1.6 2.8
v 1.9 1 2.8
v 1.9 1.2 2.8
v 1.9 1.3 2.8
v 1.9 1.4 2.8
v 1.9 1.5 2.8
v 1.9 1.6 2.8
v 2 1.3 2.8
v 2 1.4 2.8
v 2 1.5 2.8
v 2.1 1.4 2.8
v 2.1 1.5 2.8
v 2.2 1.3 2.8
v 2.2 1.5 2.8
v 2.3 1.4 2.8
v 2.3 1.5 2.8
v 2.4 1.3 2.8
v 2.4 1.4 2.8
v 2.4 1.5 2.8
v 2.5 1.3 2.8
v 2.5 1.4 2.8
v 2.5 1.5 2.8
v 2.6 1.3 2.8
v 2.6 1.4 2.8
v 2.6 1.5 2.8
v 2.7 1.4 2.8
v 2.7 1.5 2.8
v 2.8 1.3 2.8
v 2.8 1.5 2.8
v 2.9 1.3 2.8
v 2.9 1.5 2.8
v 3 1 2.8
v 3 1.2 2.8
v 3 1.3 2.8
v 3 1.4 2.8
v 3 1.5 2.8
v 3 1.6 2.8
v 3.1 1.3 2.8
v 3.1 1.4 2.8
v 3.1 1.5 2.8
v 3.1 1.6 2.8
v -2.3 1.6 2.7
v -2.3 1.7 2.7
v -2.2 1.6 2.7
v -2.2 1.7 2.7
v -2 1.4 2.7
v -2 1.5 2.7
v -1.9 1.4 2.7
v -1.9 1.5 2.7
v 0.9 1.2 2.7
v 0.9 1.3 2.7
v 1 1 2.7
v 1 1.1 2.7
v 1.1 1 2.7
v 1.1 1.1 2.7
v 1.1 1.2 2.7
v 1.2 1 2.7
v 1.2 1.1 2.7
v 1.3 1 2.7
v 1.3 1.2 2.7
v 1.5 1 2.7
v 1.5 1.2 2.7
v 1.6 1 2.7
v 1.6 1.3 2.7
v 1.6 1.5 2.7
v 1.6 1.6 2.7
v 1.7 1.4 2.7
v 1.7 1.5 2.7
v 1.8 1.3 2.7
v 1.8 1.4 2.7
v 1.8 1.5 2.7
v 1.8 1.6 2.7
v 1.9 1.3 2.7
v 1.9 1.4 2.7
v 3 1.4 2.7
v 3 1.5 2.7
v 3.1 1.4 2.7
v 3.1 1.5 2.7
v -3.1 1.3 2.6
v -3.1 1.4 2.6
v -3 1.3 2.6
v -3 1.4 2.6
v -2.4 1.6 2.6
v -2.4 1.7 2.6
v -2.3 1.6 2.6
v -2.3 1.7 2.6
v -2.2 1.6 2.6
v -2.2 1.7 2.6
v -2.1 1.6 2.6
v -2.1 1.7 2.6
v 0.8 1.2 2.6
v 0.8 1.3 2.6
v 0.9 1 2.6
v 0.9 1.2 2.6
v 0.9 1.3 2.6
v 1 1 2.6
v 1 1.1 2.6
v 1.1 1 2.6
v 1.1 1.1 2.6
v 1.1 1.2 2.6
v 1.2 1 2.6
v 1.2 1.1 2.6
v 1.3 1 2.6
v 1.3 1.2 2.6
v 1.5 1 2.6
v 1.5 1.2 2.6
v 1.5 1.5 2.6
v 1.5 1.6 2.6
v 1.6 1 2.6
v 1.6 1.2 2.6
v 1.6 1.3 2.6
v 1.6 1.5 2.6
v 1.6 1.6 2.6
v 1.7 1.4 2.6
v 1.7 1.5 2.6
v 1.8 1.3 2.6
v 1.8 1.4 2.6
v 1.8 1.5 2.6
v 1.9 1 2.6
v 1.9 1.2 2.6
v 1.9 1.3 2.6
v 1.9 1.4 2.6
v 1.9 1.5 2.6
v -3.1 1.4 2.5
v -3.1 1.5 2.5
v -3 1.4 2.5
v -3 1.5 2.5
v -2 1.2 2.5
v -2 1.3 2.5
v -1.9 1.1 2.5
v -1.9 1.2 2.5
v -1.8 1 2.5
v -1.8 1.1 2.5
v -1.8 1.2 2.5
v -1.7 1 2.5
v -1.7 1.1 2.5
v -1.6 1 2.5
v -1.6 1.1 2.5
v -1.5 1 2.5
v -1.5 1.1 2.5
v -1.5 1.2 2.5
v -1.4 1.1 2.5
v -1.4 1.3 2.5
v 0.8 1.1 2.5
v 0.8 1.2 2.5
v 0.9 1.1 2.5
v 0.9 1.2 2.5
v 1.5 1.3 2.5
v 1.5 1.5 2.5
v 1.6 1.3 2.5
v 1.6 1.5 2.5
v 3 1.3 2.5
v 3 1.4 2.5
v 3.1 1.3 2.5
v 3.1 1.4 2.5
v -2 1 2.4
v -2 1.2 2.4
v -2 1.3 2.4
v -2 1.5 2.4
v -1.9 1.1 2.4
v -1.9 1.2 2.4
v -1.9 1.3 2.4
v -1.9 1.5 2.4
v -1.8 1 2.4
v -1.8 1.1 2.4
v -1.8 1.2 2.4
v -1.7 1 2.4
v -1.7 1.1 2.4
v -1.6 1 2.4
v -1.6 1.1 2.4
v -1.5 1 2.4
v -1.5 1.1 2.4
v -1.5 1.2 2.4
v -1.4 1 2.4
v -1.4 1.1 2.4
v -1.4 1.3 2.4
v -1.3 1.1 2.4
v -1.3 1.3 2.4
v 0.8 1 2.4
v 0.8 1.1 2.4
v 0.9 1 2.4
v 0.9 1.1 2.4
v 3 1.4 2.4
v 3 1.5 2.4
v 3.1 1.4 2.4
v 3.1 1.5 2.4
v -3.1 1.3 2.3
v -3.1 1.5 2.3
v -3 1.3 2.3
v -3 1.5 2.3
v -1.4 1 2.3
v -1.4 1.1 2.3
v -1.3 1 2.3
v -1.3 1.1 2.3
v 1.5 1.3 2.3
v 1.5 1.5 2.3
v 1.6 1.3 2.3
v 1.6 1.5 2.3
v -2 1.4 2.2
v -2 1.5 2.2
v -1.9 1.4 2.2
v -1.9 1.5 2.2
v 0.8 1 2.2
v 0.8 1.2 2.2
v 0.9 1 2.2
v 0.9 1.2 2.2
v -2 1.3 2.1
v -2 1.4 2.1
v -1.9 1.3 2.1
v -1.9 1.4 2.1
v -1.4 1 2.1
v -1.4 1.1 2.1
v -1.3 1 2.1
v -1.3 1.1 2.1
v 1.5 1.4 2.1
v 1.5 1.5 2.1
v 1.6 1.4 2.1
v 1.6 1.5 2.1
v 2 1.8 2.1
v 2 1.9 2.1
v 2.1 1.6 2.1
v 2.1 1.7 2.1
v 2.2 1.6 2.1
v 2.2 1.7 2.1
v 2.2 1.8 2.1
v 2.3 1.7 2.1
v 2.3 1.8 2.1
v 2.4 1.7 2.1
v 2.4 1.8 2.1
v 2.5 1.6 2.1
v 2.5 1.7 2.1
v 2.5 1.8 2.1
v 2.6 1.6 2.1
v 2.6 1.7 2.1
v 2.7 1.7 2.1
v 2.7 1.8 2.1
v 2.8 1.6 2.1
v 2.8 1.7 2.1
v 2.8 1.8 2.1
v 2.9 1.6 2.1
v 2.9 1.7 2.1
v 2.9 1.8 2.1
v 3 1.3 2.1
v 3 1.5 2.1
v 3 1.7 2.1
v 3 1.9 2.1
v 3.1 1.3 2.1
v 3.1 1.5 2.1
v -3.1 1.3 2
v -3.1 1.4 2
v -3 1.3 2
v -3 1.4 2
v -1.4 1.1 2
v -1.4 1.2 2
v -1.3 1.1 2
v -1.3 1.2 2
v 0.8 1.1 2
v 0.8 1.2 2
v 0.9 1.1 2
v 0.9 1.2 2
v 1.5 1.3 2
v 1.5 1.4 2
v 1.6 1.3 2
v 1.6 1.4 2
v 1.9 1.8 2
v 1.9 1.9 2
v 2 1.6 2
v 2 1.8 2
v 2 1.9 2
v 2.1 1.6 2
v 2.1 1.7 2
v 2.2 1.6 2
v 2.2 1.7 2
v 2.2 1.8 2
v 2.3 1.7 2
v 2.3 1.8 2
v 2.4 1.7 2
v 2.4 1.8 2
v 2.5 1.6 2
v 2.5 1.7 2
v 2.5 1.8 2
v 2.6 1.6 2
v 2.6 1.7 2
v 2.7 1.7 2
v 2.7 1.8 2
v 2.8 1.6 2
v 2.8 1.7 2
v 2.8 1.8 2
v 2.9 1.6 2
v 2.9 1.7 2
v 2.9 1.8 2
v 3 1.6 2
v 3 1.7 2
v 3 1.9 2
v 3.1 1.7 2
v 3.1 1.9 2
v -3.1 1.4 1.9
v -3.1 1.5 1.9
v -3 1.4 1.9
v -3 1.5 1.9
v -3 1.6 1.9
v -3 1.9 1.9
v -2.9 1.6 1.9
v -2.9 1.8 1.9
v -2.8 1.7 1.9
v -2.8 1.8 1.9
v -2.7 1.6 1.9
v -2.7 1.7 1.9
v -2.7 1.8 1.9
v -2.5 1.6 1.9
v -2.5 1.7 1.9
v -2.5 1.8 1.9
v -2.4 1.7 1.9
v -2.4 1.9 1.9
v -2 1.4 1.9
v -2 1.5 1.9
v -1.9 1.4 1.9
v -1.9 1.5 1.9
v -1.4 1 1.9
v -1.4 1.1 1.9
v -1.3 1 1.9
v -1.3 1.1 1.9
v 0.8 1 1.9
v 0.8 1.1 1.9
v 0.9 1 1.9
v 0.9 1.1 1.9
v 1.9 1.6 1.9
v 1.9 1.7 1.9
v 2 1.6 1.9
v 2 1.7 1.9
v 2 1.9 1.9
v 2 2.2 1.9
v 2.1 1.9 1.9
v 2.1 2.2 1.9
v 3 1.6 1.9
v 3 1.7 1.9
v 3.1 1.6 1.9
v 3.1 1.7 1.9
v -3.1 1.8 1.8
v -3.1 1.9 1.8
v -3 1.8 1.8
v -3 1.9 1.8
v -2.9 1.6 1.8
v -2.9 1.8 1.8
v -2.8 1.7 1.8
v -2.8 1.8 1.8
v -2.7 1.6 1.8
v -2.7 1.7 1.8
v -2.7 1.8 1.8
v -2.5 1.6 1.8
v -2.5 1.7 1.8
v -2.5 1.8 1.8
v -2.4 1.6 1.8
v -2.4 1.7 1.8
v -2.4 1.9 1.8
v -2.3 1.6 1.8
v -2.3 1.9 1.8
v -1.6 1.3 1.8
v -1.6 1.4 1.8
v -1.5 1.3 1.8
v -1.5 1.4 1.8
v 1.9 1.7 1.8
v 1.9 1.8 1.8
v 2 1.7 1.8
v 2 1.8 1.8
v -3.1 1.7 1.7
v -3.1 1.8 1.7
v -3 1.7 1.7
v -3 1.8 1.7
v -2 1.4 1.7
v -2 1.5 1.7
v -1.9 1.4 1.7
v -1.9 1.5 1.7
v -1.7 1.3 1.7
v -1.7 1.4 1.7
v -1.6 1.3 1.7
v -1.6 1.4 1.7
v -1.5 1.3 1.7
v -1.5 1.4 1.7
v -1.4 1.3 1.7
v -1.4 1.4 1.7
v 0.9 1 1.7
v 0.9 1.2 1.7
v 1 1 1.7
v 1 1.2 1.7
v 1.5 1.3 1.7
v 1.5 1.5 1.7
v 1.6 1.3 1.7
v 1.6 1.5 1.7
v 3 1.6 1.7
v 3 1.8 1.7
v 3.1 1.6 1.7
v 3.1 1.8 1.7
v -3.1 1.6 1.6
v -3.1 1.7 1.6
v -3 1.6 1.6
v -3 1.7 1.6
v -2.4 1.7 1.6
v -2.4 1.8 1.6
v -2.3 1.7 1.6
v -2.3 1.8 1.6
v -2 1.3 1.6
v -2 1.4 1.6
v -1.9 1.3 1.6
v -1.9 1.4 1.6
v -1.4 1 1.6
v -1.4 1.1 1.6
v -1.3 1 1.6
v -1.3 1.1 1.6
v 1.9 1.6 1.6
v 1.9 1.7 1.6
v 2 1.6 1.6
v 2 1.7 1.6
v 2 1.9 1.6
v 2 2 1.6
v 2 2.1 1.6
v 2 2.2 1.6
v 2.1 1.9 1.6
v 2.1 2 1.6
v 2.1 2.1 1.6
v 2.1 2.2 1.6
v 2.5 1.9 1.6
v 2.5 2 1.6
v 2.6 1.9 1.6
v 2.6 2 1.6
v -2.4 1.6 1.5
v -2.4 1.7 1.5
v -2.3 1.6 1.5
v -2.3 1.7 1.5
v -1.4 1.1 1.5
v -1.4 1.2 1.5
v -1.3 1.1 1.5
v -1.3 1.2 1.5
v 0.9 1.1 1.5
v 0.9 1.2 1.5
v 1 1.1 1.5
v 1 1.2 1.5
v 1.9 1.7 1.5
v 1.9 1.8 1.5
v 2 1.7 1.5
v 2 1.8 1.5
v 2.4 1.9 1.5
v 2.4 2 1.5
v 2.5 1.9 1.5
v 2.5 2 1.5
v 2.6 1.9 1.5
v 2.6 2 1.5
v 2.7 1.9 1.5
v 2.7 2 1.5
v 3 1.7 1.5
v 3 1.8 1.5
v 3.1 1.7 1.5
v 3.1 1.8 1.5
v -3.1 1.7 1.4
v -3.1 1.8 1.4
v -3 1.7 1.4
v -3 1.8 1.4
v 0.9 1 1.4
v 0.9 1.1 1.4
v 1 1 1.4
v 1 1.1 1.4
v 1.5 1.3 1.4
v 1.5 1.5 1.4
v 1.6 1.3 1.4
v 1.6 1.5 1.4
v 3 1.6 1.4
v 3 1.7 1.4
v 3.1 1.6 1.4
v 3.1 1.7 1.4
v -3.1 1.6 1.3
v -3.1 1.7 1.3
v -3 1.6 1.3
v -3 1.7 1.3
v -2.4 1.7 1.3
v -2.4 1.8 1.3
v -2.3 1.7 1.3
v -2.3 1.8 1.3
v -2 1.4 1.3
v -2 1.5 1.3
v -1.9 1.4 1.3
v -1.9 1.5 1.3
v -1.4 1 1.3
v -1.4 1.2 1.3
v -1.3 1 1.3
v -1.3 1.2 1.3
v 1.9 1.7 1.3
v 1.9 1.8 1.3
v 2 1.7 1.3
v 2 1.8 1.3
v 2 1.9 1.3
v 2 2 1.3
v 2 2.1 1.3
v 2 2.2 1.3
v 2.1 1.9 1.3
v 2.1 2 1.3
v 2.1 2.1 1.3
v 2.1 2.2 1.3
v -2.4 1.6 1.2
v -2.4 1.7 1.2
v -2.3 1.6 1.2
v -2.3 1.7 1.2
v -2 1.3 1.2
v -2 1.4 1.2
v -1.9 1.3 1.2
v -1.9 1.4 1.2
v 0.9 1.1 1.2
v 0.9 1.2 1.2
v 1 1.1 1.2
v 1 1.2 1.2
v 1.5 1.4 1.2
v 1.5 1.5 1.2
v 1.6 1.4 1.2
v 1.6 1.5 1.2
v 1.9 1.6 1.2
v 1.9 1.7 1.2
v 2 1.6 1.2
v 2 1.7 1.2
v 3 1.6 1.2
v 3 1.7 1.2
v 3.1 1.6 1.2
v 3.1 1.7 1.2
v -3.1 1.6 1.1
v -3.1 1.7 1.1
v -3 1.6 1.1
v -3 1.7 1.1
v -2.4 1.7 1.1
v -2.4 1.8 1.1
v -2.3 1.7 1.1
v -2.3 1.8 1.1
v -1.4 1 1.1
v -1.4 1.1 1.1
v -1.3 1 1.1
v -1.3 1.1 1.1
v 0.9 1 1.1
v 0.9 1.1 1.1
v 1 1 1.1
v 1 1.1 1.1
v 1.5 1.3 1.1
v 1.5 1.4 1.1
v 1.6 1.3 1.1
v 1.6 1.4 1.1
v 3 1.7 1.1
v 3 1.8 1.1
v 3.1 1.7 1.1
v 3.1 1.8 1.1
v -3.1 1.7 1
v -3.1 1.8 1
v -3 1.7 1
v -3 1.8 1
v -2.8 1.9 1
v -2.8 2 1
v -2.7 1.9 1
v -2.7 2 1
v -2 1.4 1
v -2 1.5 1
v -1.9 1.4 1
v -1.9 1.5 1
v -1.4 1.1 1
v -1.4 1.2 1
v -1.3 1.1 1
v -1.3 1.2 1
v 1.9 1.6 1
v 1.9 1.7 1
v 2 1.6 1
v 2 1.7 1
v 2 1.9 1
v 2 2 1
v 2 2.1 1
v 2 2.2 1
v 2.1 1.9 1
v 2.1 2 1
v 2.1 2.1 1
v 2.1 2.2 1
v -2.9 1.9 0.9
v -2.9 2 0.9
v -2.8 1.9 0.9
v -2.8 2 0.9
v -2.7 1.9 0.9
v -2.7 2 0.9
v -2.6 1.9 0.9
v -2.6 2 0.9
v -2.4 1.6 0.9
v -2.4 1.8 0.9
v -2.3 1.6 0.9
v -2.3 1.8 0.9
v -2 1.3 0.9
v -2 1.4 0.9
v -1.9 1.3 0.9
v -1.9 1.4 0.9
v 1.5 1.3 0.9
v 1.5 1.4 0.9
v 1.6 1.3 0.9
v 1.6 1.4 0.9
v 1.9 1.7 0.9
v 1.9 1.8 0.9
v 2 1.7 0.9
v 2 1.8 0.9
v -3.1 1.6 0.8
v -3.1 1.8 0.8
v -3 1.6 0.8
v -3 1.8 0.8
v -1.5 1 0.8
v -1.5 1.1 0.8
v -1.4 1 0.8
v -1.4 1.1 0.8
v 0.9 1 0.8
v 0.9 1.1 0.8
v 1 1 0.8
v 1 1.1 0.8
v 1.5 1.4 0.8
v 1.5 1.5 0.8
v 1.6 1.4 0.8
v 1.6 1.5 0.8
v 3 1.6 0.8
v 3 1.8 0.8
v 3.1 1.6 0.8
v 3.1 1.8 0.8
v -2.4 1.7 0.7
v -2.4 1.8 0.7
v -2.3 1.7 0.7
v -2.3 1.8 0.7
v -2 1.3 0.7
v -2 1.4 0.7
v -1.9 1.3 0.7
v -1.9 1.4 0.7
v -1.5 1.1 0.7
v -1.5 1.2 0.7
v -1.4 1.1 0.7
v -1.4 1.2 0.7
v 0.9 1.1 0.7
v 0.9 1.2 0.7
v 1 1.1 0.7
v 1 1.2 0.7
v 1.9 1.6 0.7
v 1.9 1.8 0.7
v 2 1.6 0.7
v 2 1.8 0.7
v 2 1.9 0.7
v 2 2 0.7
v 2 2.1 0.7
v 2 2.2 0.7
v 2.1 1.9 0.7
v 2.1 2 0.7
v 2.1 2.1 0.7
v 2.1 2.2 0.7
v -3.1 1.7 0.6
v -3.1 1.8 0.6
v -3 1.7 0.6
v -3 1.8 0.6
v -2.4 1.6 0.6
v -2.4 1.7 0.6
v -2.3 1.6 0.6
v -2.3 1.7 0.6
v -2 1.4 0.6
v -2 1.5 0.6
v -1.9 1.4 0.6
v -1.9 1.5 0.6
v 1.5 1.4 0.6
v 1.5 1.5 0.6
v 1.6 1.4 0.6
v 1.6 1.5 0.6
v 3 1.6 0.6
v 3 1.7 0.6
v 3.1 1.6 0.6
v 3.1 1.7 0.6
v -3.1 1.6 0.5
v -3.1 1.7 0.5
v -3 1.6 0.5
v -3 1.7 0.5
v -1.5 1 0.5
v -1.5 1.1 0.5
v -1.4 1 0.5
v -1.4 1.1 0.5
v 0.9 1 0.5
v 0.9 1.2 0.5
v 1 1 0.5
v 1 1.2 0.5
v 1.5 1.3 0.5
v 1.5 1.4 0.5
v 1.6 1.3 0.5
v 1.6 1.4 0.5
v 3 1.7 0.5
v 3 1.8 0.5
v 3.1 1.7 0.5
v 3.1 1.8 0.5
v -2.4 1.6 0.4
v -2.4 1.7 0.4
v -2.3 1.6 0.4
v -2.3 1.7 0.4
v -2 1.4 0.4
v -2 1.5 0.4
v -1.9 1.4 0.4
v -1.9 1.5 0.4
v -1.5 1.1 0.4
v -1.5 1.2 0.4
v -1.4 1.1 0.4
v -1.4 1.2 0.4
v 1.9 1.6 0.4
v 1.9 1.7 0.4
v 2 1.6 0.4
v 2 1.7 0.4
v 2 1.9 0.4
v 2 2 0.4
v 2 2.1 0.4
v 2 2.2 0.4
v 2.1 1.9 0.4
v 2.1 2 0.4
v 2.1 2.1 0.4
v 2.1 2.2 0.4
v 2.4 2.2 0.4
v 2.4 2.3 0.4
v 2.4 2.5 0.4
v 2.4 2.6 0.4
v 2.4 2.8 0.4
v 2.4 2.9 0.4
v 2.4 3 0.4
v 2.5 3 0.4
v 2.5 3.1 0.4
v 2.7 3 0.4
v 2.7 3.1 0.4
v 2.8 2.2 0.4
v 2.8 2.3 0.4
v 2.8 2.5 0.4
v 2.8 2.6 0.4
v 2.8 2.8 0.4
v 2.8 2.9 0.4
v 2.8 3 0.4
v -3.1 1.7 0.3
v -3.1 1.8 0.3
v -3 1.7 0.3
v -3 1.8 0.3
v -2.4 1.7 0.3
v -2.4 1.8 0.3
v -2.3 1.7 0.3
v -2.3 1.8 0.3
v -2 1.3 0.3
v -2 1.4 0.3
v -1.9 1.3 0.3
v -1.9 1.4 0.3
v 0.9 1.5 0.3
v 0.9 1.6 0.3
v 0.9 1.8 0.3
v 1 1.8 0.3
v 1 1.9 0.3
v 1.2 1.8 0.3
v 1.2 1.9 0.3
v 1.3 1.5 0.3
v 1.3 1.6 0.3
v 1.3 1.8 0.3
v 1.5 1.3 0.3
v 1.5 1.5 0.3
v 1.6 1.3 0.3
v 1.6 1.5 0.3
v 1.9 1.7 0.3
v 1.9 1.8 0.3
v 2 1.7 0.3
v 2 1.8 0.3
v 2.4 3 0.3
v 2.4 3.1 0.3
v 2.5 1.9 0.3
v 2.5 2.2 0.3
v 2.5 3 0.3
v 2.5 3.1 0.3
v 2.5 3.2 0.3
v 2.7 1.9 0.3
v 2.7 2.2 0.3
v 2.7 3 0.3
v 2.7 3.1 0.3
v 2.7 3.2 0.3
v 2.8 3 0.3
v 2.8 3.1 0.3
v 3 1.6 0.3
v 3 1.8 0.3
v 3.1 1.6 0.3
v 3.1 1.8 0.3
v -3.1 1.6 0.2
v -3.1 1.7 0.2
v -3 1.6 0.2
v -3 1.7 0.2
v -1.5 1 0.2
v -1.5 1.2 0.2
v -1.4 1 0.2
v -1.4 1.2 0.2
v 0.9 1.8 0.2
v 0.9 1.9 0.2
v 1 1.3 0.2
v 1 1.5 0.2
v 1 1.8 0.2
v 1 1.9 0.2
v 1 2 0.2
v 1.2 1.3 0.2
v 1.2 1.5 0.2
v 1.2 1.8 0.2
v 1.2 1.9 0.2
v 1.2 2 0.2
v 1.3 1.8 0.2
v 1.3 1.9 0.2
v -2.4 1.6 0.0999999
v -2.4 1.7 0.0999999
v -2.3 1.6 0.0999999
v -2.3 1.7 0.0999999
v -2 1.3 0.0999999
v -2 1.4 0.0999999
v -1.9 1.3 0.0999999
v -1.9 1.4 0.0999999
v 0.9 1.1 0.0999999
v 0.9 1.2 0.0999999
v 1 1.1 0.0999999
v 1 1.2 0.0999999
v 1.5 1.4 0.0999999
v 1.5 1.5 0.0999999
v 1.6 1.4 0.0999999
v 1.6 1.5 0.0999999
v 2 1.9 0.0999999
v 2 2 0.0999999
v 2 2.1 0.0999999
v 2 2.2 0.0999999
v 2.1 1.9 0.0999999
v 2.1 2 0.0999999
v 2.1 2.1 0.0999999
v 2.1 2.2 0.0999999
v 3 1.6 0.0999999
v 3 1.8 0.0999999
v 3.1 1.6 0.0999999
v 3.1 1.8 0.0999999
v -3.1 1.6 0
v -3.1 1.7 0
v -3 1.6 0
v -3 1.7 0
v -2.4 1.7 0
v -2.4 1.8 0
v -2.3 1.7 0
v -2.3 1.8 0
v -2 1.4 0
v -2 1.5 0
v -1.9 1.4 0
v -1.9 1.5 0
v 1.5 1.3 0
v 1.5 1.4 0
v 1.6 1.3 0
v 1.6 1.4 0
v 1.9 1.7 0
v 1.9 1.8 0
v 2 1.7 0
v 2 1.8 0
v -3.1 1.7 -0.0999999
v -3.1 1.8 -0.0999999
v -3 1.7 -0.0999999
v -3 1.8 -0.0999999
v -1.5 1.1 -0.0999999
v -1.5 1.2 -0.0999999
v -1.4 1.1 -0.0999999
v -1.4 1.2 -0.0999999
v 0.9 1 -0.0999999
v 0.9 1.1 -0.0999999
v 1 1 -0.0999999
v 1 1.1 -0.0999999
v 1.9 1.6 -0.0999999
v 1.9 1.7 -0.0999999
v 2 1.6 -0.0999999
v 2 1.7 -0.0999999
v 3 1.7 -0.0999999
v 3 1.8 -0.0999999
v 3.1 1.7 -0.0999999
v 3.1 1.8 -0.0999999
v -2 1.4 -0.2
v -2 1.5 -0.2
v -1.9 1.4 -0.2
v -1.9 1.5 -0.2
v -1.5 1 -0.2
v -1.5 1.1 -0.2
v -1.4 1 -0.2
v -1.4 1.1 -0.2
v 1.5 1.4 -0.2
v 1.5 1.5 -0.2
v 1.6 1.4 -0.2
v 1.6 1.5 -0.2
v 2 1.9 -0.2
v 2 2 -0.2
v 2 2.1 -0.2
v 2 2.2 -0.2
v 2.1 1.9 -0.2
v 2.1 2 -0.2
v 2.1 2.1 -0.2
v 2.1 2.2 -0.2
v 3 1.6 -0.2
v 3 1.7 -0.2
v 3.1 1.6 -0.2
v 3.1 1.7 -0.2
v -3.1 1.6 -0.3
v -3.1 1.8 -0.3
v -3 1.6 -0.3
v -3 1.8 -0.3
v -2.8 2.1 -0.3
v -2.8 2.2 -0.3
v -2.8 2.4 -0.3
v -2.8 2.5 -0.3
v -2.8 2.6 -0.3
v -2.7 2.6 -0.3
v -2.7 2.7 -0.3
v -2.5 2.6 -0.3
v -2.5 2.7 -0.3
v -2.4 1.6 -0.3
v -2.4 1.8 -0.3
v -2.4 2.1 -0.3
v -2.4 2.2 -0.3
v -2.4 2.4 -0.3
v -2.4 2.5 -0.3
v -2.4 2.6 -0.3
v -2.3 1.6 -0.3
v -2.3 1.8 -0.3
v -2 1.3 -0.3
v -2 1.4 -0.3
v -1.9 1.3 -0.3
v -1.9 1.4 -0.3
v -2.8 2.6 -0.4
v -2.8 2.7 -0.4
v -2.7 1.9 -0.4
v -2.7 2.1 -0.4
v -2.7 2.6 -0.4
v -2.7 2.7 -0.4
v -2.7 2.8 -0.4
v -2.5 1.9 -0.4
v -2.5 2.1 -0.4
v -2.5 2.6 -0.4
v -2.5 2.7 -0.4
v -2.5 2.8 -0.4
v -2.4 2.6 -0.4
v -2.4 2.7 -0.4
v 0.9 1.1 -0.4
v 0.9 1.2 -0.4
v 1 1.1 -0.4
v 1 1.2 -0.4
v 1.9 1.6 -0.4
v 1.9 1.7 -0.4
v 2 1.6 -0.4
v 2 1.7 -0.4
v 3 1.6 -0.4
v 3 1.7 -0.4
v 3.1 1.6 -0.4
v 3.1 1.7 -0.4
v -3.1 1.7 -0.5
v -3.1 1.8 -0.5
v -3 1.7 -0.5
v -3 1.8 -0.5
v -2.4 1.6 -0.5
v -2.4 1.7 -0.5
v -2.3 1.6 -0.5
v -2.3 1.7 -0.5
v -2 1.4 -0.5
v -2 1.5 -0.5
v -1.9 1.4 -0.5
v -1.9 1.5 -0.5
v -1.5 1 -0.5
v -1.5 1.1 -0.5
v -1.4 1 -0.5
v -1.4 1.1 -0.5
v 1.5 1.4 -0.5
v 1.5 1.5 -0.5
v 1.6 1.4 -0.5
v 1.6 1.5 -0.5
v 1.9 1.7 -0.5
v 1.9 1.8 -0.5
v 2 1.7 -0.5
v 2 1.8 -0.5
v 2 1.9 -0.5
v 2 2 -0.5
v 2 2.1 -0.5
v 2 2.2 -0.5
v 2.1 1.9 -0.5
v 2.1 2 -0.5
v 2.1 2.1 -0.5
v 2.1 2.2 -0.5
v 3 1.7 -0.5
v 3 1.8 -0.5
v 3.1 1.7 -0.5
v 3.1 1.8 -0.5
v -3.1 1.6 -0.6
v -3.1 1.7 -0.6
v -3 1.6 -0.6
v -3 1.7 -0.6
v -2.4 1.7 -0.6
v -2.4 1.8 -0.6
v -2.3 1.7 -0.6
v -2.3 1.8 -0.6
v -2 1.3 -0.6
v -2 1.4 -0.6
v -1.9 1.3 -0.6
v -1.9 1.4 -0.6
v -1.5 1.1 -0.6
v -1.5 1.2 -0.6
v -1.4 1.1 -0.6
v -1.4 1.2 -0.6
v 0.9 1 -0.6
v 0.9 1.1 -0.6
v 1 1 -0.6
v 1 1.1 -0.6
v 1.5 1.3 -0.6
v 1.5 1.4 -0.6
v 1.6 1.3 -0.6
v 1.6 1.4 -0.6
v -3.1 1.7 -0.8
v -3.1 1.8 -0.8
v -3 1.7 -0.8
v -3 1.8 -0.8
v -2.4 1.7 -0.8
v -2.4 1.8 -0.8
v -2.3 1.7 -0.8
v -2.3 1.8 -0.8
v -2 1.3 -0.8
v -2 1.5 -0.8
v -1.9 1.3 -0.8
v -1.9 1.5 -0.8
v -1.5 1 -0.8
v -1.5 1.1 -0.8
v -1.4 1 -0.8
v -1.4 1.1 -0.8
v 0.9 1 -0.8
v 0.9 1.1 -0.8
v 1 1 -0.8
v 1 1.1 -0.8
v 1.5 1.4 -0.8
v 1.5 1.5 -0.8
v 1.6 1.4 -0.8
v 1.6 1.5 -0.8
v 1.9 1.6 -0.8
v 1.9 1.7 -0.8
v 2 1.6 -0.8
v 2 1.7 -0.8
v 2 1.9 -0.8
v 2 2 -0.8
v 2 2.1 -0.8
v 2 2.2 -0.8
v 2.1 1.9 -0.8
v 2.1 2 -0.8
v 2.1 2.1 -0.8
v 2.1 2.2 -0.8
v -3.1 1.6 -0.9
v -3.1 1.7 -0.9
v -3 1.6 -0.9
v -3 1.7 -0.9
v -2.4 1.6 -0.9
v -2.4 1.7 -0.9
v -2.3 1.6 -0.9
v -2.3 1.7 -0.9
v -1.5 1.1 -0.9
v -1.5 1.2 -0.9
v -1.4 1.1 -0.9
v -1.4 1.2 -0.9
v 0.9 1.1 -0.9
v 0.9 1.2 -0.9
v 1 1.1 -0.9
v 1 1.2 -0.9
v 1.5 1.3 -0.9
v 1.5 1.4 -0.9
v 1.6 1.3 -0.9
v 1.6 1.4 -0.9
v 1.9 1.7 -0.9
v 1.9 1.8 -0.9
v 2 1.7 -0.9
v 2 1.8 -0.9
v -2.7 1.9 -1
v -2.7 2 -1
v -2.6 1.9 -1
v -2.6 2 -1
v -2 1.4 -1
v -2 1.5 -1
v -1.9 1.4 -1
v -1.9 1.5 -1
v 3 1.6 -1
v 3 1.8 -1
v 3.1 1.6 -1
v 3.1 1.8 -1
v -3.1 1.6 -1.1
v -3.1 1.8 -1.1
v -3 1.6 -1.1
v -3 1.8 -1.1
v -2.8 1.9 -1.1
v -2.8 2 -1.1
v -2.7 1.9 -1.1
v -2.7 2 -1.1
v -2.6 1.9 -1.1
v -2.6 2 -1.1
v -2.5 1.9 -1.1
v -2.5 2 -1.1
v -2 1.3 -1.1
v -2 1.4 -1.1
v -1.9 1.3 -1.1
v -1.9 1.4 -1.1
v -1.5 1.1 -1.1
v -1.5 1.2 -1.1
v -1.4 1.1 -1.1
v -1.4 1.2 -1.1
v 0.9 1 -1.1
v 0.9 1.2 -1.1
v 1 1 -1.1
v 1 1.2 -1.1
v 1.5 1.3 -1.1
v 1.5 1.4 -1.1
v 1.6 1.3 -1.1
v 1.6 1.4 -1.1
v 1.9 1.7 -1.1
v 1.9 1.8 -1.1
v 2 1.7 -1.1
v 2 1.8 -1.1
v 2 1.9 -1.1
v 2 2 -1.1
v 2 2.1 -1.1
v 2 2.2 -1.1
v 2.1 1.9 -1.1
v 2.1 2 -1.1
v 2.1 2.1 -1.1
v 2.1 2.2 -1.1
v -2.4 1.6 -1.2
v -2.4 1.7 -1.2
v -2.3 1.6 -1.2
v -2.3 1.7 -1.2
v -1.5 1 -1.2
v -1.5 1.1 -1.2
v -1.4 1 -1.2
v -1.4 1.1 -1.2
v 0.8 1 -1.2
v 0.8 1.3 -1.2
v 0.9 1 -1.2
v 0.9 1.3 -1.2
v 1.5 1.4 -1.2
v 1.5 1.5 -1.2
v 1.6 1.4 -1.2
v 1.6 1.5 -1.2
v 1.9 1.6 -1.2
v 1.9 1.7 -1.2
v 2 1.6 -1.2
v 2 1.7 -1.2
v -3.1 1.6 -1.3
v -3.1 1.7 -1.3
v -3 1.6 -1.3
v -3 1.7 -1.3
v -2.4 1.7 -1.3
v -2.4 1.8 -1.3
v -2.3 1.7 -1.3
v -2.3 1.8 -1.3
v -2 1.3 -1.3
v -2 1.4 -1.3
v -1.9 1.3 -1.3
v -1.9 1.4 -1.3
v -1.5 1.1 -1.3
v -1.5 1.2 -1.3
v -1.4 1.1 -1.3
v -1.4 1.2 -1.3
v -3.1 1.7 -1.4
v -3.1 1.8 -1.4
v -3 1.7 -1.4
v -3 1.8 -1.4
v -2 1.4 -1.4
v -2 1.5 -1.4
v -1.9 1.4 -1.4
v -1.9 1.5 -1.4
v 1.5 1.4 -1.4
v 1.5 1.5 -1.4
v 1.6 1.4 -1.4
v 1.6 1.5 -1.4
v 2 1.9 -1.4
v 2 2 -1.4
v 2 2.1 -1.4
v 2 2.2 -1.4
v 2.1 1.9 -1.4
v 2.1 2 -1.4
v 2.1 2.1 -1.4
v 2.1 2.2 -1.4
v 2.3 1.9 -1.4
v 2.3 2 -1.4
v 2.3 2.1 -1.4
v 2.3 2.2 -1.4
v 2.4 1.9 -1.4
v 2.4 2 -1.4
v 2.4 2.1 -1.4
v 2.4 2.2 -1.4
v 2.6 1.9 -1.4
v 2.6 2 -1.4
v 2.6 2.1 -1.4
v 2.6 2.2 -1.4
v 2.7 1.9 -1.4
v 2.7 2 -1.4
v 2.7 2.1 -1.4
v 2.7 2.2 -1.4
v 2.9 1.9 -1.4
v 2.9 2 -1.4
v 2.9 2.1 -1.4
v 2.9 2.2 -1.4
v 3 1.9 -1.4
v 3 2.2 -1.4
v -2.4 1.6 -1.5
v -2.4 1.7 -1.5
v -2.3 1.6 -1.5
v -2.3 1.7 -1.5
v -1.5 1 -1.5
v -1.5 1.1 -1.5
v -1.4 1 -1.5
v -1.4 1.1 -1.5
v 0.8 1 -1.5
v 0.8 1.2 -1.5
v 0.9 1 -1.5
v 0.9 1.2 -1.5
v 1.5 1.3 -1.5
v 1.5 1.4 -1.5
v 1.6 1.3 -1.5
v 1.6 1.4 -1.5
v 3 1.3 -1.5
v 3 1.5 -1.5
v 3 1.6 -1.5
v 3.1 1.3 -1.5
v 3.1 1.6 -1.5
v -3.1 1.6 -1.6
v -3.1 1.7 -1.6
v -3 1.6 -1.6
v -3 1.7 -1.6
v -2.4 1.7 -1.6
v -2.4 1.8 -1.6
v -2.3 1.7 -1.6
v -2.3 1.8 -1.6
v -2 1.4 -1.6
v -2 1.5 -1.6
v -1.9 1.4 -1.6
v -1.9 1.5 -1.6
v -1.5 1.1 -1.6
v -1.5 1.2 -1.6
v -1.4 1.1 -1.6
v -1.4 1.2 -1.6
v -3.1 1.7 -1.7
v -3.1 1.8 -1.7
v -3 1.7 -1.7
v -3 1.8 -1.7
v -2 1.3 -1.7
v -2 1.4 -1.7
v -1.9 1.3 -1.7
v -1.9 1.4 -1.7
v -1.5 1 -1.7
v -1.5 1.1 -1.7
v -1.4 1 -1.7
v -1.4 1.1 -1.7
v -1.4 1.2 -1.7
v -1.4 1.3 -1.7
v -1.3 1.2 -1.7
v -1.3 1.3 -1.7
v 0.8 1.1 -1.7
v 0.8 1.2 -1.7
v 0.9 1.1 -1.7
v 0.9 1.2 -1.7
v 1.5 1.3 -1.7
v 1.5 1.5 -1.7
v 1.6 1.3 -1.7
v 1.6 1.5 -1.7
v -2.4 1.6 -1.8
v -2.4 1.8 -1.8
v -2.3 1.6 -1.8
v -2.3 1.8 -1.8
v -1.4 1 -1.8
v -1.4 1.2 -1.8
v -1.3 1 -1.8
v -1.3 1.2 -1.8
v 0.8 1 -1.8
v 0.8 1.1 -1.8
v 0.9 1 -1.8
v 0.9 1.1 -1.8
v 0.9 1.5 -1.8
v 0.9 1.6 -1.8
v 0.9 1.8 -1.8
v 0.9 1.9 -1.8
v 0.9 2 -1.8
v 1 2 -1.8
v 1 2.1 -1.8
v 1.2 2 -1.8
v 1.2 2.1 -1.8
v 1.3 1.5 -1.8
v 1.3 1.6 -1.8
v 1.3 1.8 -1.8
v 1.3 1.9 -1.8
v 1.3 2 -1.8
v 3 1.4 -1.8
v 3 1.5 -1.8
v 3.1 1.4 -1.8
v 3.1 1.5 -1.8
v -3.1 1.6 -1.9
v -3.1 1.8 -1.9
v -3 1.6 -1.9
v -3 1.8 -1.9
v -1.7 1.3 -1.9
v -1.7 1.4 -1.9
v -1.6 1.3 -1.9
v -1.6 1.4 -1.9
v 0.9 2 -1.9
v 0.9 2.1 -1.9
v 1 1.3 -1.9
v 1 1.5 -1.9
v 1 2 -1.9
v 1 2.1 -1.9
v 1 2.2 -1.9
v 1.2 1.3 -1.9
v 1.2 1.5 -1.9
v 1.2 2 -1.9
v 1.2 2.1 -1.9
v 1.2 2.2 -1.9
v 1.3 2 -1.9
v 1.3 2.1 -1.9
v 3 1.3 -1.9
v 3 1.4 -1.9
v 3.1 1.3 -1.9
v 3.1 1.4 -1.9
v -2.4 1.6 -2
v -2.4 1.7 -2
v -2.3 1.6 -2
v -2.3 1.7 -2
v -2 1.4 -2
v -2 1.5 -2
v -1.9 1.4 -2
v -1.9 1.5 -2
v -1.8 1.3 -2
v -1.8 1.4 -2
v -1.7 1.3 -2
v -1.7 1.4 -2
v -1.6 1.3 -2
v -1.6 1.4 -2
v -1.5 1.3 -2
v -1.5 1.4 -2
v 1.5 1.3 -2
v 1.5 1.5 -2
v 1.6 1.3 -2
v 1.6 1.5 -2
v 2.2 1.6 -2
v 2.2 1.7 -2
v 2.3 1.6 -2
v 2.3 1.7 -2
v -3.1 1.6 -2.1
v -3.1 1.8 -2.1
v -3 1.6 -2.1
v -3 1.8 -2.1
v -2.4 1.7 -2.1
v -2.4 1.8 -2.1
v -2.3 1.7 -2.1
v -2.3 1.8 -2.1
v -2 1.3 -2.1
v -2 1.4 -2.1
v -1.9 1.3 -2.1
v -1.9 1.4 -2.1
v -1.4 1 -2.1
v -1.4 1.1 -2.1
v -1.3 1 -2.1
v -1.3 1.1 -2.1
v 0.8 1 -2.1
v 0.8 1.2 -2.1
v 0.9 1 -2.1
v 0.9 1.2 -2.1
v 2.1 1.6 -2.1
v 2.1 1.7 -2.1
v 2.2 1.6 -2.1
v 2.2 1.7 -2.1
v 2.3 1.6 -2.1
v 2.3 1.7 -2.1
v 2.4 1.6 -2.1
v 2.4 1.7 -2.1
v 3 1.3 -2.1
v 3 1.4 -2.1
v 3.1 1.3 -2.1
v 3.1 1.4 -2.1
v -3.1 1.4 -2.2
v -3.1 1.6 -2.2
v -3 1.4 -2.2
v -3 1.5 -2.2
v -3 1.6 -2.2
v -1.4 1.1 -2.2
v -1.4 1.2 -2.2
v -1.3 1.1 -2.2
v -1.3 1.2 -2.2
v 1.5 1.3 -2.2
v 1.5 1.4 -2.2
v 1.6 1.3 -2.2
v 1.6 1.4 -2.2
v 3 1.4 -2.2
v 3 1.5 -2.2
v 3.1 1.4 -2.2
v 3.1 1.5 -2.2
v -3.1 1.3 -2.3
v -3.1 1.4 -2.3
v -3 1.3 -2.3
v -3 1.4 -2.3
v -2 1.4 -2.3
v -2 1.5 -2.3
v -1.9 1.4 -2.3
v -1.9 1.5 -2.3
v 1.5 1.4 -2.3
v 1.5 1.5 -2.3
v 1.6 1.4 -2.3
v 1.6 1.5 -2.3
v -2 1.3 -2.4
v -2 1.4 -2.4
v -1.9 1.3 -2.4
v -1.9 1.4 -2.4
v -3.1 1.3 -2.5
v -3.1 1.5 -2.5
v -3 1.3 -2.5
v -3 1.5 -2.5
v 3 0.8 -2.5
v 3 0.9 -2.5
v 3 1 -2.5
v 3.1 0.8 -2.5
v 3.1 1 -2.5
v -3 1.6 -2.6
v -3 1.7 -2.6
v -2.9 1.6 -2.6
v -2.9 1.7 -2.6
v -2 1.3 -2.6
v -2 1.4 -2.6
v -1.9 1.3 -2.6
v -1.9 1.4 -2.6
v -1.6 1 -2.6
v -1.6 1.1 -2.6
v -1.5 1 -2.6
v -1.5 1.1 -2.6
v 3 0.7 -2.6
v 3 0.8 -2.6
v 3.1 0.7 -2.6
v 3.1 0.8 -2.6
v -3.1 1.4 -2.7
v -3.1 1.5 -2.7
v -3.1 1.6 -2.7
v -3.1 1.7 -2.7
v -3 1.4 -2.7
v -3 1.5 -2.7
v -3 1.6 -2.7
v -3 1.7 -2.7
v -2.9 1.6 -2.7
v -2.9 1.7 -2.7
v -2.8 1.6 -2.7
v -2.8 1.7 -2.7
v -2 1.4 -2.7
v -2 1.5 -2.7
v -1.9 1.4 -2.7
v -1.9 1.5 -2.7
v -1.7 1 -2.7
v -1.7 1.1 -2.7
v -1.6 1 -2.7
v -1.6 1.1 -2.7
v -1.5 1 -2.7
v -1.5 1.1 -2.7
v -1.4 1 -2.7
v -1.4 1.1 -2.7
v -3.1 1.3 -2.8
v -3.1 1.4 -2.8
v -3 1.3 -2.8
v -3 1.4 -2.8
v 1 1 -2.8
v 1 1.1 -2.8
v 1.1 1 -2.8
v 1.1 1.1 -2.8
v 3 0.7 -2.8
v 3 0.9 -2.8
v 3.1 0.7 -2.8
v 3.1 0.9 -2.8
v -3.1 1.4 -2.9
v -3.1 1.5 -2.9
v -3 1.4 -2.9
v -3 1.5 -2.9
v 0.9 1 -2.9
v 0.9 1.1 -2.9
v 1 1 -2.9
v 1 1.1 -2.9
v 1.1 1 -2.9
v 1.1 1.1 -2.9
v 1.2 1 -2.9
v 1.2 1.1 -2.9
v -3.1 0.7 2.8
v -3.1 0.8 2.8
v -3 0.7 2.8
v -3 0.8 2.8
v -1.9 1.9 2.8
v -1.9 2 2.8
v -1.8 1 2.8
v -1.8 1.3 2.8
v -1.8 1.9 2.8
v -1.8 2 2.8
v -1.8 2.1 2.8
v -1.6 1 2.8
v -1.6 1.3 2.8
v -1.6 1.9 2.8
v -1.6 2 2.8
v -1.6 2.1 2.8
v -1.5 1.9 2.8
v -1.5 2 2.8
v 3 0.7 2.8
v 3 0.9 2.8
v 3 1 2.8
v 3.1 0.7 2.8
v 3.1 1 2.8
v -3.1 0.8 2.7
v -3.1 1 2.7
v -3.1 1.3 2.7
v -3.1 1.5 2.7
v -3 0.8 2.7
v -3 0.9 2.7
v -3 1 2.7
v -3 1.3 2.7
v -3 1.5 2.7
v -2 1.3 2.7
v -2 1.4 2.7
v -1.9 1.3 2.7
v -1.9 1.4 2.7
v -1.9 1.6 2.7
v -1.9 1.7 2.7
v -1.9 1.9 2.7
v -1.8 1.9 2.7
v -1.8 2 2.7
v -1.6 1.9 2.7
v -1.6 2 2.7
v -1.5 1.3 2.7
v -1.5 1.4 2.7
v -1.5 1.6 2.7
v -1.5 1.7 2.7
v -1.5 1.9 2.7
v 3 1.3 2.7
v 3 1.4 2.7
v 3.1 1.3 2.7
v 3.1 1.4 2.7
v -2 1.4 2.6
v -2 1.5 2.6
v -1.9 1.4 2.6
v -1.9 1.5 2.6
v 3 1.4 2.6
v 3 1.5 2.6
v 3.1 1.4 2.6
v 3.1 1.5 2.6
v -3.1 1.3 2.5
v -3.1 1.4 2.5
v -3 1.3 2.5
v -3 1.4 2.5
v -2.4 1.6 2.5
v -2.4 1.7 2.5
v -2.3 1.6 2.5
v -2.3 1.7 2.5
v -2.2 1.6 2.5
v -2.2 1.7 2.5
v -2.1 1.6 2.5
v -2.1 1.7 2.5
v -3.1 1.4 2.4
v -3.1 1.5 2.4
v -3 1.4 2.4
v -3 1.5 2.4
v -2.3 1.6 2.4
v -2.3 1.7 2.4
v -2.2 1.6 2.4
v -2.2 1.7 2.4
v 0.8 1.1 2.4
v 0.8 1.2 2.4
v 0.9 1.1 2.4
v 0.9 1.2 2.4
v 1.5 1.3 2.4
v 1.5 1.5 2.4
v 1.6 1.3 2.4
v 1.6 1.5 2.4
v 3 1.3 2.4
v 3 1.4 2.4
v 3.1 1.3 2.4
v 3.1 1.4 2.4
v -2 1.3 2.3
v -2 1.5 2.3
v -1.9 1.3 2.3
v -1.9 1.5 2.3
v -1.4 1.1 2.3
v -1.4 1.2 2.3
v -1.3 1.1 2.3
v -1.3 1.2 2.3
v 0.8 1 2.3
v 0.8 1.1 2.3
v 0.9 1 2.3
v 0.9 1.1 2.3
v 3 1.4 2.3
v 3 1.5 2.3
v 3.1 1.4 2.3
v 3.1 1.5 2.3
v -3.1 1.3 2.2
v -3.1 1.5 2.2
v -3 1.3 2.2
v -3 1.5 2.2
v -1.4 1 2.2
v -1.4 1.1 2.2
v -1.3 1 2.2
v -1.3 1.1 2.2
v 1.5 1.3 2.2
v 1.5 1.5 2.2
v 1.6 1.3 2.2
v 1.6 1.5 2.2
v -2 1.4 2.1
v -2 1.5 2.1
v -1.9 1.4 2.1
v -1.9 1.5 2.1
v 0.8 1 2.1
v 0.8 1.2 2.1
v 0.9 1 2.1
v 0.9 1.2 2.1
v -1.4 1 2
v -1.4 1.1 2
v -1.3 1 2
v -1.3 1.1 2
v 1.5 1.4 2
v 1.5 1.5 2
v 1.6 1.4 2
v 1.6 1.5 2
v 3 1.3 2
v 3 1.5 2
v 3 1.6 2
v 3.1 1.3 2
v 3.1 1.6 2
v -3.1 1.3 1.9
v -3.1 1.4 1.9
v -3 1.3 1.9
v -3 1.4 1.9
v -2 1.3 1.9
v -2 1.4 1.9
v -1.9 1.3 1.9
v -1.9 1.4 1.9
v -1.4 1.1 1.9
v -1.4 1.2 1.9
v -1.3 1.1 1.9
v -1.3 1.2 1.9
v 0.8 1.1 1.9
v 0.8 1.2 1.9
v 0.9 1.1 1.9
v 0.9 1.2 1.9
v 1.5 1.3 1.9
v 1.5 1.4 1.9
v 1.6 1.3 1.9
v 1.6 1.4 1.9
v 3 1.7 1.9
v 3 1.8 1.9
v 3.1 1.7 1.9
v 3.1 1.8 1.9
v -3.1 1.4 1.8
v -3.1 1.6 1.8
v -3 1.4 1.8
v -3 1.5 1.8
v -3 1.6 1.8
v -2 1.4 1.8
v -2 1.5 1.8
v -1.9 1.4 1.8
v -1.9 1.5 1.8
v -1.4 1 1.8
v -1.4 1.1 1.8
v -1.3 1 1.8
v -1.3 1.1 1.8
v 0.8 1 1.8
v 0.8 1.1 1.8
v 0.8 1.2 1.8
v 0.8 1.3 1.8
v 0.9 1 1.8
v 0.9 1.1 1.8
v 0.9 1.2 1.8
v 0.9 1.3 1.8
v 1 1 1.8
v 1 1.2 1.8
v 1.9 1.6 1.8
v 1.9 1.7 1.8
v 2 1.6 1.8
v 2 1.7 1.8
v 2 1.9 1.8
v 2 2 1.8
v 2 2.1 1.8
v 2 2.2 1.8
v 2.1 1.9 1.8
v 2.1 2 1.8
v 2.1 2.1 1.8
v 2.1 2.2 1.8
v 3 1.6 1.8
v 3 1.7 1.8
v 3.1 1.6 1.8
v 3.1 1.7 1.8
v -2.4 1.6 1.7
v -2.4 1.8 1.7
v -2.3 1.6 1.7
v -2.3 1.8 1.7
v 1.9 1.7 1.7
v 1.9 1.8 1.7
v 2 1.7 1.7
v 2 1.8 1.7
v -3.1 1.7 1.6
v -3.1 1.8 1.6
v -3 1.7 1.6
v -3 1.8 1.6
v -2 1.4 1.6
v -2 1.5 1.6
v -1.9 1.4 1.6
v -1.9 1.5 1.6
v -1.7 1.3 1.6
v -1.7 1.4 1.6
v -1.6 1.3 1.6
v -1.6 1.4 1.6
v -1.5 1.3 1.6
v -1.5 1.4 1.6
v -1.4 1.3 1.6
v -1.4 1.4 1.6
v 0.9 1 1.6
v 0.9 1.2 1.6
v 1 1 1.6
v 1 1.2 1.6
v 1.5 1.3 1.6
v 1.5 1.5 1.6
v 1.6 1.3 1.6
v 1.6 1.5 1.6
v 3 1.6 1.6
v 3 1.8 1.6
v 3.1 1.6 1.6
v 3.1 1.8 1.6
v -3.1 1.6 1.5
v -3.1 1.7 1.5
v -3 1.6 1.5
v -3 1.7 1.5
v -2.4 1.7 1.5
v -2.4 1.8 1.5
v -2.3 1.7 1.5
v -2.3 1.8 1.5
v -2 1.3 1.5
v -2 1.4 1.5
v -1.9 1.3 1.5
v -1.9 1.4 1.5
v -1.6 1.3 1.5
v -1.6 1.4 1.5
v -1.5 1.3 1.5
v -1.5 1.4 1.5
v -1.4 1 1.5
v -1.4 1.1 1.5
v -1.3 1 1.5
v -1.3 1.1 1.5
v 1.9 1.6 1.5
v 1.9 1.7 1.5
v 2 1.6 1.5
v 2 1.7 1.5
v 2 1.9 1.5
v 2 2 1.5
v 2 2.1 1.5
v 2 2.2 1.5
v 2.1 1.9 1.5
v 2.1 2 1.5
v 2.1 2.1 1.5
v 2.1 2.2 1.5
v -1.4 1.1 1.4
v -1.4 1.2 1.4
v -1.3 1.1 1.4
v -1.3 1.2 1.4
v 0.9 1.1 1.4
v 0.9 1.2 1.4
v 1 1.1 1.4
v 1 1.2 1.4
v 1.9 1.7 1.4
v 1.9 1.8 1.4
v 2 1.7 1.4
v 2 1.8 1.4
v 2.4 1.9 1.4
v 2.4 2 1.4
v 2.5 1.9 1.4
v 2.5 2 1.4
v 2.6 1.9 1.4
v 2.6 2 1.4
v 2.7 1.9 1.4
v 2.7 2 1.4
v 3 1.7 1.4
v 3 1.8 1.4
v 3.1 1.7 1.4
v 3.1 1.8 1.4
v -3.1 1.7 1.3
v -3.1 1.8 1.3
v -3 1.7 1.3
v -3 1.8 1.3
v -2.4 1.6 1.3
v -2.4 1.7 1.3
v -2.3 1.6 1.3
v -2.3 1.7 1.3
v 0.9 1 1.3
v 0.9 1.1 1.3
v 1 1 1.3
v 1 1.1 1.3
v 1.5 1.3 1.3
v 1.5 1.5 1.3
v 1.6 1.3 1.3
v 1.6 1.5 1.3
v 2.5 1.9 1.3
v 2.5 2 1.3
v 2.6 1.9 1.3
v 2.6 2 1.3
v 3 1.6 1.3
v 3 1.7 1.3
v 3.1 1.6 1.3
v 3.1 1.7 1.3
v -3.1 1.6 1.2
v -3.1 1.7 1.2
v -3 1.6 1.2
v -3 1.7 1.2
v -2.4 1.7 1.2
v -2.4 1.8 1.2
v -2.3 1.7 1.2
v -2.3 1.8 1.2
v -2 1.4 1.2
v -2 1.5 1.2
v -1.9 1.4 1.2
v -1.9 1.5 1.2
v -1.4 1 1.2
v -1.4 1.2 1.2
v -1.3 1 1.2
v -1.3 1.2 1.2
v 1.9 1.7 1.2
v 1.9 1.8 1.2
v 2 1.7 1.2
v 2 1.8 1.2
v 2 1.9 1.2
v 2 2 1.2
v 2 2.1 1.2
v 2 2.2 1.2
v 2.1 1.9 1.2
v 2.1 2 1.2
v 2.1 2.1 1.2
v 2.1 2.2 1.2
v -2.4 1.6 1.1
v -2.4 1.7 1.1
v -2.3 1.6 1.1
v -2.3 1.7 1.1
v -2 1.3 1.1
v -2 1.4 1.1
v -1.9 1.3 1.1
v -1.9 1.4 1.1
v 0.9 1.1 1.1
v 0.9 1.2 1.1
v 1 1.1 1.1
v 1 1.2 1.1
v 1.5 1.4 1.1
v 1.5 1.5 1.1
v 1.6 1.4 1.1
v 1.6 1.5 1.1
v 1.9 1.6 1.1
v 1.9 1.7 1.1
v 2 1.6 1.1
v 2 1.7 1.1
v 3 1.6 1.1
v 3 1.7 1.1
v 3.1 1.6 1.1
v 3.1 1.7 1.1
v -3.1 1.6 1
v -3.1 1.7 1
v -3 1.6 1
v -3 1.7 1
v -2.4 1.7 1
v -2.4 1.8 1
v -2.3 1.7 1
v -2.3 1.8 1
v -1.4 1 1
v -1.4 1.1 1
v -1.3 1 1
v -1.3 1.1 1
v 0.9 1 1
v 0.9 1.1 1
v 1 1 1
v 1 1.1 1
v 1.5 1.3 1
v 1.5 1.4 1
v 1.6 1.3 1
v 1.6 1.4 1
v 3 1.7 1
v 3 1.8 1
v 3.1 1.7 1
v 3.1 1.8 1
v -3.1 1.7 0.9
v -3.1 1.8 0.9
v -3 1.7 0.9
v -3 1.8 0.9
v -2 1.4 0.9
v -2 1.5 0.9
v -1.9 1.4 0.9
v -1.9 1.5 0.9
v -1.5 1 0.9
v -1.5 1.2 0.9
v -1.4 1 0.9
v -1.4 1.1 0.9
v -1.4 1.2 0.9
v -1.4 1.3 0.9
v -1.3 1.1 0.9
v -1.3 1.3 0.9
v 1.9 1.6 0.9
v 1.9 1.7 0.9
v 2 1.6 0.9
v 2 1.7 0.9
v 2 1.9 0.9
v 2 2 0.9
v 2 2.1 0.9
v 2 2.2 0.9
v 2.1 1.9 0.9
v 2.1 2 0.9
v 2.1 2.1 0.9
v 2.1 2.2 0.9
v -2.9 1.9 0.8
v -2.9 2 0.8
v -2.8 1.9 0.8
v -2.8 2 0.8
v -2.7 1.9 0.8
v -2.7 2 0.8
v -2.6 1.9 0.8
v -2.6 2 0.8
v -2.4 1.6 0.8
v -2.4 1.8 0.8
v -2.3 1.6 0.8
v -2.3 1.8 0.8
v -2 1.3 0.8
v -2 1.4 0.8
v -1.9 1.3 0.8
v -1.9 1.4 0.8
v 1.5 1.3 0.8
v 1.5 1.4 0.8
v 1.6 1.3 0.8
v 1.6 1.4 0.8
v 1.9 1.7 0.8
v 1.9 1.8 0.8
v 2 1.7 0.8
v 2 1.8 0.8
v -3.1 1.6 0.7
v -3.1 1.8 0.7
v -3 1.6 0.7
v -3 1.8 0.7
v -2.8 1.9 0.7
v -2.8 2 0.7
v -2.7 1.9 0.7
v -2.7 2 0.7
v -1.5 1 0.7
v -1.5 1.1 0.7
v -1.4 1 0.7
v -1.4 1.1 0.7
v 0.9 1 0.7
v 0.9 1.1 0.7
v 1 1 0.7
v 1 1.1 0.7
v 1.5 1.4 0.7
v 1.5 1.5 0.7
v 1.6 1.4 0.7
v 1.6 1.5 0.7
v 3 1.6 0.7
v 3 1.8 0.7
v 3.1 1.6 0.7
v 3.1 1.8 0.7
v -2.4 1.7 0.6
v -2.4 1.8 0.6
v -2.3 1.7 0.6
v -2.3 1.8 0.6
v -2 1.3 0.6
v -2 1.4 0.6
v -1.9 1.3 0.6
v -1.9 1.4 0.6
v -1.5 1.1 0.6
v -1.5 1.2 0.6
v -1.4 1.1 0.6
v -1.4 1.2 0.6
v 0.9 1.1 0.6
v 0.9 1.2 0.6
v 1 1.1 0.6
v 1 1.2 0.6
v 1.9 1.6 0.6
v 1.9 1.8 0.6
v 2 1.6 0.6
v 2 1.8 0.6
v 2 1.9 0.6
v 2 2 0.6
v 2 2.1 0.6
v 2 2.2 0.6
v 2.1 1.9 0.6
v 2.1 2 0.6
v 2.1 2.1 0.6
v 2.1 2.2 0.6
v -3.1 1.7 0.5
v -3.1 1.8 0.5
v -3 1.7 0.5
v -3 1.8 0.5
v -2.4 1.6 0.5
v -2.4 1.7 0.5
v -2.3 1.6 0.5
v -2.3 1.7 0.5
v -2 1.4 0.5
v -2 1.5 0.5
v -1.9 1.4 0.5
v -1.9 1.5 0.5
v 1.5 1.4 0.5
v 1.5 1.5 0.5
v 1.6 1.4 0.5
v 1.6 1.5 0.5
v 3 1.6 0.5
v 3 1.7 0.5
v 3.1 1.6 0.5
v 3.1 1.7 0.5
v -3.1 1.6 0.4
v -3.1 1.7 0.4
v -3 1.6 0.4
v -3 1.7 0.4
v -1.5 1 0.4
v -1.5 1.1 0.4
v -1.4 1 0.4
v -1.4 1.1 0.4
v 0.9 1 0.4
v 0.9 1.2 0.4
v 1 1 0.4
v 1 1.2 0.4
v 1.5 1.3 0.4
v 1.5 1.4 0.4
v 1.6 1.3 0.4
v 1.6 1.4 0.4
v 3 1.7 0.4
v 3 1.8 0.4
v 3.1 1.7 0.4
v 3.1 1.8 0.4
v -2.4 1.6 0.3
v -2.4 1.7 0.3
v -2.3 1.6 0.3
v -2.3 1.7 0.3
v -2 1.4 0.3
v -2 1.5 0.3
v -1.9 1.4 0.3
v -1.9 1.5 0.3
v -1.5 1.1 0.3
v -1.5 1.2 0.3
v -1.4 1.1 0.3
v -1.4 1.2 0.3
v 1.9 1.6 0.3
v 1.9 1.7 0.3
v 2 1.6 0.3
v 2 1.7 0.3
v 2 1.9 0.3
v 2 2 0.3
v 2 2.1 0.3
v 2 2.2 0.3
v 2.1 1.9 0.3
v 2.1 2 0.3
v 2.1 2.1 0.3
v 2.1 2.2 0.3
v -3.1 1.7 0.2
v -3.1 1.8 0.2
v -3 1.7 0.2
v -3 1.8 0.2
v -2.4 1.7 0.2
v -2.4 1.8 0.2
v -2.3 1.7 0.2
v -2.3 1.8 0.2
v -2 1.3 0.2
v -2 1.4 0.2
v -1.9 1.3 0.2
v -1.9 1.4 0.2
v 1.5 1.3 0.2
v 1.5 1.5 0.2
v 1.6 1.3 0.2
v 1.6 1.5 0.2
v 1.9 1.7 0.2
v 1.9 1.8 0.2
v 2 1.7 0.2
v 2 1.8 0.2
v 3 1.6 0.2
v 3 1.8 0.2
v 3.1 1.6 0.2
v 3.1 1.8 0.2
v -3.1 1.6 0.0999999
v -3.1 1.7 0.0999999
v -3 1.6 0.0999999
v -3 1.7 0.0999999
v -1.5 1 0.0999999
v -1.5 1.2 0.0999999
v -1.4 1 0.0999999
v -1.4 1.2 0.0999999
v 2.4 3 0.0999999
v 2.4 3.1 0.0999999
v 2.5 1.9 0.0999999
v 2.5 2.2 0.0999999
v 2.5 3 0.0999999
v 2.5 3.1 0.0999999
v 2.5 3.2 0.0999999
v 2.7 1.9 0.0999999
v 2.7 2.2 0.0999999
v 2.7 3 0.0999999
v 2.7 3.1 0.0999999
v 2.7 3.2 0.0999999
v 2.8 3 0.0999999
v 2.8 3.1 0.0999999
v -2.4 1.6 0
v -2.4 1.7 0
v -2.3 1.6 0
v -2.3 1.7 0
v -2 1.3 0
v -2 1.4 0
v -1.9 1.3 0
v -1.9 1.4 0
v 0.9 1.8 0
v 0.9 1.9 0
v 1 1.3 0
v 1 1.5 0
v 1 1.8 0
v 1 1.9 0
v 1 2 0
v 1.2 1.3 0
v 1.2 1.5 0
v 1.2 1.8 0
v 1.2 1.9 0
v 1.2 2 0
v 1.3 1.8 0
v 1.3 1.9 0
v 1.5 1.4 0
v 1.5 1.5 0
v 1.6 1.4 0
v 1.6 1.5 0
v 2 1.9 0
v 2 2 0
v 2 2.1 0
v 2 2.2 0
v 2.1 1.9 0
v 2.1 2 0
v 2.1 2.1 0
v 2.1 2.2 0
v 2.4 2.2 0
v 2.4 2.3 0
v 2.4 2.5 0
v 2.4 2.6 0
v 2.4 2.8 0
v 2.4 2.9 0
v 2.4 3 0
v 2.5 3 0
v 2.5 3.1 0
v 2.7 3 0
v 2.7 3.1 0
v 2.8 2.2 0
v 2.8 2.3 0
v 2.8 2.5 0
v 2.8 2.6 0
v 2.8 2.8 0
v 2.8 2.9 0
v 2.8 3 0
v 3 1.6 0
v 3 1.8 0
v 3.1 1.6 0
v 3.1 1.8 0
v -3.1 1.6 -0.0999999
v -3.1 1.7 -0.0999999
v -3 1.6 -0.0999999
v -3 1.7 -0.0999999
v -2.4 1.7 -0.0999999
v -2.4 1.8 -0.0999999
v -2.3 1.7 -0.0999999
v -2.3 1.8 -0.0999999
v -2 1.4 -0.0999999
v -2 1.5 -0.0999999
v -1.9 1.4 -0.0999999
v -1.9 1.5 -0.0999999
v 0.9 1.1 -0.0999999
v 0.9 1.2 -0.0999999
v 0.9 1.5 -0.0999999
v 0.9 1.6 -0.0999999
v 0.9 1.8 -0.0999999
v 1 1.1 -0.0999999
v 1 1.2 -0.0999999
v 1 1.8 -0.0999999
v 1 1.9 -0.0999999
v 1.2 1.8 -0.0999999
v 1.2 1.9 -0.0999999
v 1.3 1.5 -0.0999999
v 1.3 1.6 -0.0999999
v 1.3 1.8 -0.0999999
v 1.9 1.7 -0.0999999
v 1.9 1.8 -0.0999999
v 2 1.7 -0.0999999
v 2 1.8 -0.0999999
v -3.1 1.7 -0.2
v -3.1 1.8 -0.2
v -3 1.7 -0.2
v -3 1.8 -0.2
v -1.5 1.1 -0.2
v -1.5 1.2 -0.2
v -1.4 1.1 -0.2
v -1.4 1.2 -0.2
v 0.9 1 -0.2
v 0.9 1.1 -0.2
v 1 1 -0.2
v 1 1.1 -0.2
v 1.5 1.3 -0.2
v 1.5 1.4 -0.2
v 1.6 1.3 -0.2
v 1.6 1.4 -0.2
v 1.9 1.6 -0.2
v 1.9 1.7 -0.2
v 2 1.6 -0.2
v 2 1.7 -0.2
v 3 1.7 -0.2
v 3 1.8 -0.2
v 3.1 1.7 -0.2
v 3.1 1.8 -0.2
v -2 1.4 -0.3
v -2 1.5 -0.3
v -1.9 1.4 -0.3
v -1.9 1.5 -0.3
v -1.5 1 -0.3
v -1.5 1.1 -0.3
v -1.4 1 -0.3
v -1.4 1.1 -0.3
v 1.5 1.4 -0.3
v 1.5 1.5 -0.3
v 1.6 1.4 -0.3
v 1.6 1.5 -0.3
v 2 1.9 -0.3
v 2 2 -0.3
v 2 2.1 -0.3
v 2 2.2 -0.3
v 2.1 1.9 -0.3
v 2.1 2 -0.3
v 2.1 2.1 -0.3
v 2.1 2.2 -0.3
v 3 1.6 -0.3
v 3 1.7 -0.3
v 3.1 1.6 -0.3
v 3.1 1.7 -0.3
v -3.1 1.6 -0.4
v -3.1 1.8 -0.4
v -3 1.6 -0.4
v -3 1.8 -0.4
v -2.4 1.6 -0.4
v -2.4 1.8 -0.4
v -2.3 1.6 -0.4
v -2.3 1.8 -0.4
v -2 1.3 -0.4
v -2 1.4 -0.4
v -1.9 1.3 -0.4
v -1.9 1.4 -0.4
v 1.9 1.6 -0.5
v 1.9 1.7 -0.5
v 2 1.6 -0.5
v 2 1.7 -0.5
v 3 1.6 -0.5
v 3 1.7 -0.5
v 3.1 1.6 -0.5
v 3.1 1.7 -0.5
v -3.1 1.7 -0.6
v -3.1 1.8 -0.6
v -3 1.7 -0.6
v -3 1.8 -0.6
v -2.8 2.6 -0.6
v -2.8 2.7 -0.6
v -2.7 1.9 -0.6
v -2.7 2.1 -0.6
v -2.7 2.6 -0.6
v -2.7 2.7 -0.6
v -2.7 2.8 -0.6
v -2.5 1.9 -0.6
v -2.5 2.1 -0.6
v -2.5 2.6 -0.6
v -2.5 2.7 -0.6
v -2.5 2.8 -0.6
v -2.4 1.6 -0.6
v -2.4 1.7 -0.6
v -2.4 2.6 -0.6
v -2.4 2.7 -0.6
v -2.3 1.6 -0.6
v -2.3 1.7 -0.6
v -2 1.4 -0.6
v -2 1.5 -0.6
v -1.9 1.4 -0.6
v -1.9 1.5 -0.6
v -1.5 1 -0.6
v -1.5 1.1 -0.6
v -1.4 1 -0.6
v -1.4 1.1 -0.6
v 0.9 1.1 -0.6
v 0.9 1.2 -0.6
v 1 1.1 -0.6
v 1 1.2 -0.6
v 1.5 1.4 -0.6
v 1.5 1.5 -0.6
v 1.6 1.4 -0.6
v 1.6 1.5 -0.6
v 1.9 1.7 -0.6
v 1.9 1.8 -0.6
v 2 1.7 -0.6
v 2 1.8 -0.6
v 2 1.9 -0.6
v 2 2 -0.6
v 2 2.1 -0.6
v 2 2.2 -0.6
v 2.1 1.9 -0.6
v 2.1 2 -0.6
v 2.1 2.1 -0.6
v 2.1 2.2 -0.6
v -3.1 1.6 -0.7
v -3.1 1.7 -0.7
v -3 1.6 -0.7
v -3 1.7 -0.7
v -2.8 2.1 -0.7
v -2.8 2.2 -0.7
v -2.8 2.4 -0.7
v -2.8 2.5 -0.7
v -2.8 2.6 -0.7
v -2.7 2.6 -0.7
v -2.7 2.7 -0.7
v -2.5 2.6 -0.7
v -2.5 2.7 -0.7
v -2.4 1.7 -0.7
v -2.4 1.8 -0.7
v -2.4 2.1 -0.7
v -2.4 2.2 -0.7
v -2.4 2.4 -0.7
v -2.4 2.5 -0.7
v -2.4 2.6 -0.7
v -2.3 1.7 -0.7
v -2.3 1.8 -0.7
v -2 1.3 -0.7
v -2 1.4 -0.7
v -1.9 1.3 -0.7
v -1.9 1.4 -0.7
v -1.5 1.1 -0.7
v -1.5 1.2 -0.7
v -1.4 1.1 -0.7
v -1.4 1.2 -0.7
v 0.9 1 -0.7
v 0.9 1.1 -0.7
v 1 1 -0.7
v 1 1.1 -0.7
v 1.5 1.3 -0.7
v 1.5 1.4 -0.7
v 1.6 1.3 -0.7
v 1.6 1.4 -0.7
v 3 1.7 -0.7
v 3 1.8 -0.7
v 3.1 1.7 -0.7
v 3.1 1.8 -0.7
v -3.1 1.7 -0.9
v -3.1 1.8 -0.9
v -3 1.7 -0.9
v -3 1.8 -0.9
v -2.4 1.7 -0.9
v -2.4 1.8 -0.9
v -2.3 1.7 -0.9
v -2.3 1.8 -0.9
v -2 1.3 -0.9
v -2 1.5 -0.9
v -1.9 1.3 -0.9
v -1.9 1.5 -0.9
v -1.5 1 -0.9
v -1.5 1.1 -0.9
v -1.4 1 -0.9
v -1.4 1.1 -0.9
v 0.9 1 -0.9
v 0.9 1.1 -0.9
v 1 1 -0.9
v 1 1.1 -0.9
v 1.5 1.4 -0.9
v 1.5 1.5 -0.9
v 1.6 1.4 -0.9
v 1.6 1.5 -0.9
v 1.9 1.6 -0.9
v 1.9 1.7 -0.9
v 2 1.6 -0.9
v 2 1.7 -0.9
v 2 1.9 -0.9
v 2 2 -0.9
v 2 2.1 -0.9
v 2 2.2 -0.9
v 2.1 1.9 -0.9
v 2.1 2 -0.9
v 2.1 2.1 -0.9
v 2.1 2.2 -0.9
v -3.1 1.6 -1
v -3.1 1.7 -1
v -3 1.6 -1
v -3 1.7 -1
v -2.4 1.6 -1
v -2.4 1.7 -1
v -2.3 1.6 -1
v -2.3 1.7 -1
v -1.5 1.1 -1
v -1.5 1.2 -1
v -1.4 1.1 -1
v -1.4 1.2 -1
v 0.9 1.1 -1
v 0.9 1.2 -1
v 1 1.1 -1
v 1 1.2 -1
v 1.5 1.3 -1
v 1.5 1.4 -1
v 1.6 1.3 -1
v 1.6 1.4 -1
v 1.9 1.7 -1
v 1.9 1.8 -1
v 2 1.7 -1
v 2 1.8 -1
v -2 1.4 -1.1
v -2 1.5 -1.1
v -1.9 1.4 -1.1
v -1.9 1.5 -1.1
v 3 1.6 -1.1
v 3 1.8 -1.1
v 3.1 1.6 -1.1
v 3.1 1.8 -1.1
v -3.1 1.6 -1.2
v -3.1 1.8 -1.2
v -3 1.6 -1.2
v -3 1.8 -1.2
v -2.8 1.9 -1.2
v -2.8 2 -1.2
v -2.7 1.9 -1.2
v -2.7 2 -1.2
v -2.6 1.9 -1.2
v -2.6 2 -1.2
v -2.5 1.9 -1.2
v -2.5 2 -1.2
v -2 1.3 -1.2
v -2 1.4 -1.2
v -1.9 1.3 -1.2
v -1.9 1.4 -1.2
v -1.5 1.1 -1.2
v -1.5 1.2 -1.2
v -1.4 1.1 -1.2
v -1.4 1.2 -1.2
v 1.5 1.3 -1.2
v 1.5 1.4 -1.2
v 1.6 1.3 -1.2
v 1.6 1.4 -1.2
v 1.9 1.7 -1.2
v 1.9 1.8 -1.2
v 2 1.7 -1.2
v 2 1.8 -1.2
v 2 1.9 -1.2
v 2 2 -1.2
v 2 2.1 -1.2
v 2 2.2 -1.2
v 2.1 1.9 -1.2
v 2.1 2 -1.2
v 2.1 2.1 -1.2
v 2.1 2.2 -1.2
v -2.7 1.9 -1.3
v -2.7 2 -1.3
v -2.6 1.9 -1.3
v -2.6 2 -1.3
v -2.4 1.6 -1.3
v -2.4 1.7 -1.3
v -2.3 1.6 -1.3
v -2.3 1.7 -1.3
v -1.5 1 -1.3
v -1.5 1.1 -1.3
v -1.4 1 -1.3
v -1.4 1.1 -1.3
v 0.8 1 -1.3
v 0.8 1.2 -1.3
v 0.9 1 -1.3
v 0.9 1.2 -1.3
v 1.5 1.4 -1.3
v 1.5 1.5 -1.3
v 1.6 1.4 -1.3
v 1.6 1.5 -1.3
v 1.9 1.6 -1.3
v 1.9 1.7 -1.3
v 2 1.6 -1.3
v 2 1.7 -1.3
v -3.1 1.6 -1.4
v -3.1 1.7 -1.4
v -3 1.6 -1.4
v -3 1.7 -1.4
v -2.4 1.7 -1.4
v -2.4 1.8 -1.4
v -2.3 1.7 -1.4
v -2.3 1.8 -1.4
v -2 1.3 -1.4
v -2 1.4 -1.4
v -1.9 1.3 -1.4
v -1.9 1.4 -1.4
v -1.5 1.1 -1.4
v -1.5 1.2 -1.4
v -1.4 1.1 -1.4
v -1.4 1.2 -1.4
v 1.9 1.8 -1.4
v 1.9 1.9 -1.4
v 2 1.6 -1.4
v 2 1.7 -1.4
v 2 1.8 -1.4
v 2 1.9 -1.4
v 2.1 1.6 -1.4
v 2.1 1.7 -1.4
v 2.1 1.8 -1.4
v 2.2 1.6 -1.4
v 2.2 1.7 -1.4
v 2.3 1.7 -1.4
v 2.3 1.8 -1.4
v 2.4 1.6 -1.4
v 2.4 1.7 -1.4
v 2.4 1.8 -1.4
v 2.5 1.6 -1.4
v 2.5 1.7 -1.4
v 2.6 1.6 -1.4
v 2.6 1.7 -1.4
v 2.7 1.6 -1.4
v 2.7 1.7 -1.4
v 2.7 1.8 -1.4
v 2.8 1.7 -1.4
v 2.8 1.8 -1.4
v 2.9 1.6 -1.4
v 2.9 1.8 -1.4
v 3 1.8 -1.4
v 3 1.9 -1.4
v 3.1 1.8 -1.4
v 3.1 1.9 -1.4
v -3.1 1.7 -1.5
v -3.1 1.8 -1.5
v -3 1.7 -1.5
v -3 1.8 -1.5
v -2 1.4 -1.5
v -2 1.5 -1.5
v -1.9 1.4 -1.5
v -1.9 1.5 -1.5
v 1.5 1.4 -1.5
v 1.5 1.5 -1.5
v 1.6 1.4 -1.5
v 1.6 1.5 -1.5
v 2 1.7 -1.5
v 2 1.9 -1.5
v 2 2.2 -1.5
v 2.1 1.6 -1.5
v 2.1 1.7 -1.5
v 2.1 1.8 -1.5
v 2.1 1.9 -1.5
v 2.1 2 -1.5
v 2.1 2.1 -1.5
v 2.1 2.2 -1.5
v 2.2 1.6 -1.5
v 2.2 1.7 -1.5
v 2.3 1.7 -1.5
v 2.3 1.8 -1.5
v 2.3 1.9 -1.5
v 2.3 2 -1.5
v 2.3 2.1 -1.5
v 2.3 2.2 -1.5
v 2.4 1.6 -1.5
v 2.4 1.7 -1.5
v 2.4 1.8 -1.5
v 2.4 1.9 -1.5
v 2.4 2 -1.5
v 2.4 2.1 -1.5
v 2.4 2.2 -1.5
v 2.5 1.6 -1.5
v 2.5 1.7 -1.5
v 2.6 1.6 -1.5
v 2.6 1.7 -1.5
v 2.6 1.9 -1.5
v 2.6 2 -1.5
v 2.6 2.1 -1.5
v 2.6 2.2 -1.5
v 2.7 1.6 -1.5
v 2.7 1.7 -1.5
v 2.7 1.8 -1.5
v 2.7 1.9 -1.5
v 2.7 2 -1.5
v 2.7 2.1 -1.5
v 2.7 2.2 -1.5
v 2.8 1.7 -1.5
v 2.8 1.8 -1.5
v 2.9 1.6 -1.5
v 2.9 1.8 -1.5
v 2.9 1.9 -1.5
v 2.9 2 -1.5
v 2.9 2.1 -1.5
v 2.9 2.2 -1.5
v 3 1.6 -1.5
v 3 1.9 -1.5
v 3 2.2 -1.5
v -2.4 1.6 -1.6
v -2.4 1.7 -1.6
v -2.3 1.6 -1.6
v -2.3 1.7 -1.6
v -1.5 1 -1.6
v -1.5 1.1 -1.6
v -1.4 1 -1.6
v -1.4 1.1 -1.6
v 0.8 1 -1.6
v 0.8 1.2 -1.6
v 0.9 1 -1.6
v 0.9 1.2 -1.6
v 1.5 1.3 -1.6
v 1.5 1.4 -1.6
v 1.6 1.3 -1.6
v 1.6 1.4 -1.6
v 3 1.3 -1.6
v 3 1.5 -1.6
v 3.1 1.3 -1.6
v 3.1 1.5 -1.6
v -3.1 1.6 -1.7
v -3.1 1.7 -1.7
v -3 1.6 -1.7
v -3 1.7 -1.7
v -2.4 1.7 -1.7
v -2.4 1.8 -1.7
v -2.3 1.7 -1.7
v -2.3 1.8 -1.7
v -2 1.4 -1.7
v -2 1.5 -1.7
v -1.9 1.4 -1.7
v -1.9 1.5 -1.7
v -3.1 1.7 -1.8
v -3.1 1.8 -1.8
v -3 1.7 -1.8
v -3 1.8 -1.8
v -2 1.3 -1.8
v -2 1.4 -1.8
v -1.9 1.3 -1.8
v -1.9 1.4 -1.8
v 0.8 1.1 -1.8
v 0.8 1.2 -1.8
v 0.9 1.1 -1.8
v 0.9 1.2 -1.8
v 1.5 1.3 -1.8
v 1.5 1.5 -1.8
v 1.6 1.3 -1.8
v 1.6 1.5 -1.8
v -2.4 1.6 -1.9
v -2.4 1.8 -1.9
v -2.3 1.6 -1.9
v -2.3 1.8 -1.9
v -1.4 1 -1.9
v -1.4 1.2 -1.9
v -1.3 1 -1.9
v -1.3 1.2 -1.9
v 0.8 1 -1.9
v 0.8 1.1 -1.9
v 0.9 1 -1.9
v 0.9 1.1 -1.9
v 3 1.4 -1.9
v 3 1.5 -1.9
v 3.1 1.4 -1.9
v 3.1 1.5 -1.9
v -3.1 1.6 -2
v -3.1 1.8 -2
v -3 1.6 -2
v -3 1.8 -2
v 3 1.3 -2
v 3 1.4 -2
v 3.1 1.3 -2
v 3.1 1.4 -2
v -2.4 1.6 -2.1
v -2.4 1.7 -2.1
v -2.3 1.6 -2.1
v -2.3 1.7 -2.1
v -2 1.4 -2.1
v -2 1.5 -2.1
v -1.9 1.4 -2.1
v -1.9 1.5 -2.1
v -1.8 1.3 -2.1
v -1.8 1.4 -2.1
v -1.7 1.3 -2.1
v -1.7 1.4 -2.1
v -1.6 1.3 -2.1
v -1.6 1.4 -2.1
v -1.5 1.3 -2.1
v -1.5 1.4 -2.1
v 0.9 2 -2.1
v 0.9 2.1 -2.1
v 1 1.3 -2.1
v 1 1.5 -2.1
v 1 2 -2.1
v 1 2.1 -2.1
v 1 2.2 -2.1
v 1.2 1.3 -2.1
v 1.2 1.5 -2.1
v 1.2 2 -2.1
v 1.2 2.1 -2.1
v 1.2 2.2 -2.1
v 1.3 2 -2.1
v 1.3 2.1 -2.1
v 1.5 1.3 -2.1
v 1.5 1.5 -2.1
v 1.6 1.3 -2.1
v 1.6 1.5 -2.1
v -3.1 1.6 -2.2
v -3.1 1.9 -2.2
v -3 1.6 -2.2
v -3 1.7 -2.2
v -3 1.9 -2.2
v -2.9 1.6 -2.2
v -2.9 1.7 -2.2
v -2.9 1.8 -2.2
v -2.8 1.6 -2.2
v -2.8 1.7 -2.2
v -2.7 1.7 -2.2
v -2.7 1.8 -2.2
v -2.6 1.6 -2.2
v -2.6 1.7 -2.2
v -2.6 1.8 -2.2
v -2.5 1.6 -2.2
v -2.5 1.7 -2.2
v -2.5 1.8 -2.2
v -2.4 1.6 -2.2
v -2.4 1.7 -2.2
v -2.4 1.9 -2.2
v -2.3 1.7 -2.2
v -2.3 1.9 -2.2
v -2 1.3 -2.2
v -2 1.4 -2.2
v -1.9 1.3 -2.2
v -1.9 1.4 -2.2
v -1.7 1.3 -2.2
v -1.7 1.4 -2.2
v -1.6 1.3 -2.2
v -1.6 1.4 -2.2
v -1.4 1 -2.2
v -1.4 1.1 -2.2
v -1.3 1 -2.2
v -1.3 1.1 -2.2
v 0.8 1 -2.2
v 0.8 1.2 -2.2
v 0.9 1 -2.2
v 0.9 1.2 -2.2
v 0.9 1.5 -2.2
v 0.9 1.6 -2.2
v 0.9 1.8 -2.2
v 0.9 1.9 -2.2
v 0.9 2 -2.2
v 1 2 -2.2
v 1 2.1 -2.2
v 1.2 2 -2.2
v 1.2 2.1 -2.2
v 1.3 1.5 -2.2
v 1.3 1.6 -2.2
v 1.3 1.8 -2.2
v 1.3 1.9 -2.2
v 1.3 2 -2.2
v 2.1 1.6 -2.2
v 2.1 1.7 -2.2
v 2.2 1.6 -2.2
v 2.2 1.7 -2.2
v 2.3 1.6 -2.2
v 2.3 1.7 -2.2
v 2.4 1.6 -2.2
v 2.4 1.7 -2.2
v 3 1.3 -2.2
v 3 1.4 -2.2
v 3.1 1.3 -2.2
v 3.1 1.4 -2.2
v -3.1 1.4 -2.3
v -3.1 1.5 -2.3
v -3 1.4 -2.3
v -3 1.5 -2.3
v -3 1.7 -2.3
v -3 1.9 -2.3
v -2.9 1.6 -2.3
v -2.9 1.7 -2.3
v -2.9 1.8 -2.3
v -2.8 1.6 -2.3
v -2.8 1.7 -2.3
v -2.7 1.7 -2.3
v -2.7 1.8 -2.3
v -2.6 1.6 -2.3
v -2.6 1.7 -2.3
v -2.6 1.8 -2.3
v -2.5 1.6 -2.3
v -2.5 1.7 -2.3
v -2.5 1.8 -2.3
v -2.4 1.7 -2.3
v -2.4 1.9 -2.3
v -1.4 1.1 -2.3
v -1.4 1.2 -2.3
v -1.3 1.1 -2.3
v -1.3 1.2 -2.3
v 0.8 1.2 -2.3
v 0.8 1.3 -2.3
v 0.9 1 -2.3
v 0.9 1.2 -2.3
v 0.9 1.3 -2.3
v 1 1.1 -2.3
v 1 1.2 -2.3
v 1.1 1 -2.3
v 1.1 1.1 -2.3
v 1.1 1.2 -2.3
v 1.2 1 -2.3
v 1.2 1.1 -2.3
v 1.2 1.2 -2.3
v 1.3 1.1 -2.3
v 1.3 1.2 -2.3
v 1.4 1.1 -2.3
v 1.4 1.2 -2.3
v 1.5 1 -2.3
v 1.5 1.1 -2.3
v 1.5 1.2 -2.3
v 1.5 1.3 -2.3
v 1.5 1.4 -2.3
v 1.6 1.1 -2.3
v 1.6 1.2 -2.3
v 1.6 1.3 -2.3
v 1.6 1.4 -2.3
v 2.2 1.6 -2.3
v 2.2 1.7 -2.3
v 2.3 1.6 -2.3
v 2.3 1.7 -2.3
v 3 1.4 -2.3
v 3 1.5 -2.3
v 3.1 1.4 -2.3
v 3.1 1.5 -2.3
v -3.1 1.3 -2.4
v -3.1 1.4 -2.4
v -3 1.3 -2.4
v -3 1.4 -2.4
v -2 1 -2.4
v -2 1.2 -2.4
v -2 1.4 -2.4
v -2 1.5 -2.4
v -1.9 1 -2.4
v -1.9 1.1 -2.4
v -1.9 1.4 -2.4
v -1.9 1.5 -2.4
v -1.8 1 -2.4
v -1.8 1.1 -2.4
v -1.8 1.2 -2.4
v -1.7 1.1 -2.4
v -1.7 1.2 -2.4
v -1.6 1.1 -2.4
v -1.6 1.2 -2.4
v -1.5 1 -2.4
v -1.5 1.1 -2.4
v -1.5 1.2 -2.4
v -1.4 1.1 -2.4
v -1.4 1.2 -2.4
v -1.4 1.3 -2.4
v -1.3 1.2 -2.4
v -1.3 1.3 -2.4
v 1 1.1 -2.4
v 1 1.2 -2.4
v 1.1 1 -2.4
v 1.1 1.1 -2.4
v 1.1 1.2 -2.4
v 1.2 1 -2.4
v 1.2 1.1 -2.4
v 1.2 1.2 -2.4
v 1.3 1.1 -2.4
v 1.3 1.2 -2.4
v 1.4 1.1 -2.4
v 1.4 1.2 -2.4
v 1.5 1 -2.4
v 1.5 1.1 -2.4
v 1.5 1.2 -2.4
v 1.5 1.4 -2.4
v 1.5 1.5 -2.4
v 1.6 1 -2.4
v 1.6 1.1 -2.4
v 1.6 1.4 -2.4
v 1.6 1.5 -2.4
v -2 1.2 -2.5
v -2 1.4 -2.5
v -1.9 1 -2.5
v -1.9 1.1 -2.5
v -1.9 1.3 -2.5
v -1.9 1.4 -2.5
v -1.8 1 -2.5
v -1.8 1.1 -2.5
v -1.8 1.2 -2.5
v -1.7 1.1 -2.5
v -1.7 1.2 -2.5
v -1.6 1.1 -2.5
v -1.6 1.2 -2.5
v -1.5 1 -2.5
v -1.5 1.1 -2.5
v -1.5 1.2 -2.5
v -1.4 1 -2.5
v -1.4 1.1 -2.5
v -1.4 1.2 -2.5
v -1.4 1.3 -2.5
v 0.9 1.2 -2.5
v 0.9 1.3 -2.5
v 1.5 1.5 -2.5
v 1.5 1.6 -2.5
v 1.6 1 -2.5
v 1.6 1.2 -2.5
v 1.6 1.3 -2.5
v 1.6 1.5 -2.5
v 1.6 1.6 -2.5
v 1.7 1.3 -2.5
v 1.7 1.5 -2.5
v 1.8 1.4 -2.5
v 1.8 1.5 -2.5
v 1.9 1.3 -2.5
v 1.9 1.4 -2.5
v 1.9 1.5 -2.5
v 2 1.3 -2.5
v 2 1.4 -2.5
v 2.1 1.4 -2.5
v 2.1 1.5 -2.5
v 2.2 1.3 -2.5
v 2.2 1.4 -2.5
v 2.2 1.5 -2.5
v 2.3 1.3 -2.5
v 2.3 1.4 -2.5
v 2.4 1.3 -2.5
v 2.4 1.4 -2.5
v 2.5 1.3 -2.5
v 2.5 1.4 -2.5
v 2.5 1.5 -2.5
v 2.6 1.4 -2.5
v 2.6 1.5 -2.5
v 2.7 1.3 -2.5
v 2.7 1.5 -2.5
v 2.8 1.3 -2.5
v 2.8 1.5 -2.5
v 2.9 1.3 -2.5
v 2.9 1.5 -2.5
v 3 1 -2.5
v 3 1.2 -2.5
v 3 1.3 -2.5
v 3 1.5 -2.5
v 3 1.6 -2.5
v 3.1 1.5 -2.5
v 3.1 1.6 -2.5
v -3.1 1.3 -2.6
v -3.1 1.5 -2.6
v -3 1.3 -2.6
v -3 1.5 -2.6
v 1.6 1.3 -2.6
v 1.6 1.6 -2.6
v 1.7 1.3 -2.6
v 1.7 1.5 -2.6
v 1.8 1.4 -2.6
v 1.8 1.5 -2.6
v 1.9 1.3 -2.6
v 1.9 1.4 -2.6
v 1.9 1.5 -2.6
v 2 1.3 -2.6
v 2 1.4 -2.6
v 2.1 1.4 -2.6
v 2.1 1.5 -2.6
v 2.2 1.3 -2.6
v 2.2 1.4 -2.6
v 2.2 1.5 -2.6
v 2.3 1.3 -2.6
v 2.3 1.4 -2.6
v 2.4 1.3 -2.6
v 2.4 1.4 -2.6
v 2.5 1.3 -2.6
v 2.5 1.4 -2.6
v 2.5 1.5 -2.6
v 2.6 1.4 -2.6
v 2.6 1.5 -2.6
v 2.7 1.3 -2.6
v 2.7 1.5 -2.6
v 2.8 1.3 -2.6
v 2.8 1.5 -2.6
v 2.9 1.3 -2.6
v 2.9 1.5 -2.6
v 3 0.8 -2.6
v 3 0.9 -2.6
v 3 1.3 -2.6
v 3 1.6 -2.6
v 3.1 0.8 -2.6
v 3.1 0.9 -2.6
v -2 1.3 -2.7
v -2 1.4 -2.7
v -1.9 1.3 -2.7
v -1.9 1.4 -2.7
v 3 0.7 -2.7
v 3 0.8 -2.7
v 3.1 0.7 -2.7
v 3.1 0.8 -2.7
v -3.1 1.4 -2.8
v -3.1 1.5 -2.8
v -3.1 1.6 -2.8
v -3.1 1.7 -2.8
v -3 1.4 -2.8
v -3 1.5 -2.8
v -3 1.6 -2.8
v -3 1.7 -2.8
v -2.9 1.6 -2.8
v -2.9 1.7 -2.8
v -2.8 1.6 -2.8
v -2.8 1.7 -2.8
v -2 1.4 -2.8
v -2 1.5 -2.8
v -1.9 1.4 -2.8
v -1.9 1.5 -2.8
v -1.7 1 -2.8
v -1.7 1.1 -2.8
v -1.6 1 -2.8
v -1.6 1.1 -2.8
v -1.5 1 -2.8
v -1.5 1.1 -2.8
v -1.4 1 -2.8
v -1.4 1.1 -2.8
v -3.1 1.3 -2.9
v -3.1 1.4 -2.9
v -3 1.3 -2.9
v -3 1.4 -2.9
v -3 1.6 -2.9
v -3 1.7 -2.9
v -2.9 1.6 -2.9
v -2.9 1.7 -2.9
v -1.6 1 -2.9
v -1.6 1.1 -2.9
v -1.5 1 -2.9
v -1.5 1.1 -2.9
v 3 0.7 -2.9
v 3 0.9 -2.9
v 3.1 0.7 -2.9
v 3.1 0.9 -2.9
v -3.1 1.4 -3
v -3.1 1.6 -3
v -3 0 -3
v -3 0.3 -3
v -3 0.6 -3
v -3 0.9 -3
v -3 1.2 -3
v -3 1.3 -3
v -3 1.4 -3
v -3 1.6 -3
v -2.9 1.3 -3
v -2.9 1.5 -3
v -2.8 1.3 -3
v -2.8 1.4 -3
v -2.7 1.3 -3
v -2.7 1.4 -3
v -2.7 1.5 -3
v -2.5 1.3 -3
v -2.5 1.4 -3
v -2.5 1.5 -3
v -2.4 1.4 -3
v -2.4 1.5 -3
v -2.3 1.3 -3
v -2.3 1.5 -3
v -2.2 1.3 -3
v -2.2 1.4 -3
v -2.1 1.3 -3
v -2.1 1.4 -3
v -2.1 1.5 -3
v -2 0.9 -3
v -2 1 -3
v -2 1.2 -3
v -2 1.4 -3
v -2 1.5 -3
v -2 1.6 -3
v -1.9 0.8 -3
v -1.9 0.9 -3
v -1.9 1.5 -3
v -1.9 1.6 -3
v -1.8 0.7 -3
v -1.8 0.8 -3
v -1.8 0.9 -3
v -1.7 0.7 -3
v -1.7 0.8 -3
v -1.5 0.7 -3
v -1.5 0.9 -3
v -1.4 0.7 -3
v -1.4 0.9 -3
v -1.1 0.7 -3
v -1.1 0.9 -3
v 0.0999999 0.8 -3
v 0.0999999 0.9 -3
v 0.2 0.8 -3
v 0.2 0.9 -3
v 0.4 0.7 -3
v 0.4 0.8 -3
v 0.4 0.9 -3
v 0.5 0.7 -3
v 0.5 0.8 -3
v 0.5 0.9 -3
v 0.6 0.8 -3
v 0.6 0.9 -3
v 0.7 0.8 -3
v 0.7 0.9 -3
v 0.8 0.7 -3
v 0.8 0.8 -3
v 0.8 0.9 -3
v 0.9 0.7 -3
v 0.9 0.8 -3
v 0.9 1 -3
v 0.9 1.1 -3
v 1 0.7 -3
v 1 0.8 -3
v 1 1 -3
v 1 1.1 -3
v 1.1 0.7 -3
v 1.1 0.8 -3
v 1.1 0.9 -3
v 1.1 1 -3
v 1.1 1.1 -3
v 1.2 0.8 -3
v 1.2 0.9 -3
v 1.2 1 -3
v 1.2 1.1 -3
v 1.3 0.8 -3
v 1.3 0.9 -3
v 1.4 0.7 -3
v 1.4 0.8 -3
v 1.4 0.9 -3
v 1.5 0.7 -3
v 1.5 0.8 -3
v 1.6 0.8 -3
v 1.6 0.9 -3
v 1.7 0.7 -3
v 1.7 0.8 -3
v 1.7 0.9 -3
v 1.8 0.7 -3
v 1.8 0.8 -3
v 1.9 0.7 -3
v 1.9 0.8 -3
v 2 0.7 -3
v 2 0.8 -3
v 2 0.9 -3
v 2.1 0.8 -3
v 2.1 0.9 -3
v 2.2 0.7 -3
v 2.2 0.9 -3
v 2.3 0.7 -3
v 2.3 0.9 -3
v 2.4 0.8 -3
v 2.4 0.9 -3
v 2.5 0.7 -3
v 2.5 0.8 -3
v 2.5 0.9 -3
v 2.6 0.7 -3
v 2.6 0.8 -3
v 2.7 0.7 -3
v 2.7 0.9 -3
v 2.8 0.7 -3
v 2.8 0.8 -3
v 2.9 0.8 -3
v 2.9 0.9 -3
v 3 0 -3
v 3 0.3 -3
v 3 0.6 -3
v 3 0.9 -3
v 3 1 -3
v 3.1 0.9 -3
v 3.1 1 -3
v -3 1.3 -3.1
v -3 1.6 -3.1
v -2.9 1.3 -3.1
v -2.9 1.5 -3.1
v -2.8 1.3 -3.1
v -2.8 1.4 -3.1
v -2.7 1.3 -3.1
v -2.7 1.4 -3.1
v -2.7 1.5 -3.1
v -2.5 1.3 -3.1
v -2.5 1.4 -3.1
v -2.5 1.5 -3.1
v -2.4 1.4 -3.1
v -2.4 1.5 -3.1
v -2.3 1.3 -3.1
v -2.3 1.5 -3.1
v -2.2 1.3 -3.1
v -2.2 1.4 -3.1
v -2.1 1.3 -3.1
v -2.1 1.4 -3.1
v -2.1 1.5 -3.1
v -2 0.9 -3.1
v -2 1 -3.1
v -2 1.4 -3.1
v -2 1.6 -3.1
v -1.9 0.8 -3.1
v -1.9 0.9 -3.1
v -1.8 0.7 -3.1
v -1.8 0.8 -3.1
v -1.8 0.9 -3.1
v -1.7 0.7 -3.1
v -1.7 0.8 -3.1
v -1.5 0.7 -3.1
v -1.5 0.9 -3.1
v -1.4 0.7 -3.1
v -1.4 0.9 -3.1
v -1.1 0.9 -3.1
v -1.1 1 -3.1
v 0.4 0.7 -3.1
v 0.4 0.8 -3.1
v 0.4 0.9 -3.1
v 0.4 1 -3.1
v 0.5 0.7 -3.1
v 0.5 0.8 -3.1
v 0.5 0.9 -3.1
v 0.6 0.8 -3.1
v 0.6 0.9 -3.1
v 0.7 0.8 -3.1
v 0.7 0.9 -3.1
v 0.8 0.7 -3.1
v 0.8 0.8 -3.1
v 0.8 0.9 -3.1
v 0.9 0.7 -3.1
v 0.9 0.8 -3.1
v 1 0.7 -3.1
v 1 0.8 -3.1
v 1 1 -3.1
v 1 1.1 -3.1
v 1.1 0.7 -3.1
v 1.1 0.8 -3.1
v 1.1 0.9 -3.1
v 1.1 1 -3.1
v 1.1 1.1 -3.1
v 1.2 0.8 -3.1
v 1.2 0.9 -3.1
v 1.3 0.8 -3.1
v 1.3 0.9 -3.1
v 1.4 0.7 -3.1
v 1.4 0.8 -3.1
v 1.4 0.9 -3.1
v 1.5 0.7 -3.1
v 1.5 0.8 -3.1
v 1.6 0.8 -3.1
v 1.6 0.9 -3.1
v 1.7 0.7 -3.1
v 1.7 0.8 -3.1
v 1.7 0.9 -3.1
v 1.8 0.7 -3.1
v 1.8 0.8 -3.1
v 1.9 0.7 -3.1
v 1.9 0.8 -3.1
v 2 0.7 -3.1
v 2 0.8 -3.1
v 2 0.9 -3.1
v 2.1 0.8 -3.1
v 2.1 0.9 -3.1
v 2.2 0.7 -3.1
v 2.2 0.9 -3.1
v 2.3 0.7 -3.1
v 2.3 0.9 -3.1
v 2.4 0.8 -3.1
v 2.4 0.9 -3.1
v 2.5 0.7 -3.1
v 2.5 0.8 -3.1
v 2.5 0.9 -3.1
v 2.6 0.7 -3.1
v 2.6 0.8 -3.1
v 2.7 0.7 -3.1
v 2.7 0.9 -3.1
v 2.8 0.7 -3.1
v 2.8 0.8 -3.1
v 2.9 0.8 -3.1
v 2.9 0.9 -3.1
v 3 0.9 -3.1
v 3 1 -3.1
v -3 0 3
v 3 0 3
v -3 0 -3
v 3 0 -3
v -3 0.7 3.1
v -2.9 0.7 3.1
v -2.6 0.7 3.1
v -2.5 0.7 3.1
v -2.4 0.7 3.1
v -2.3 0.7 3.1
v -2.2 0.7 3.1
v -2.1 0.7 3.1
v -1.9 0.7 3.1
v -1.8 0.7 3.1
v -1.7 0.7 3.1
v -1.6 0.7 3.1
v -1.4 0.7 3.1
v -1.3 0.7 3.1
v 0.6 0.7 3.1
v 0.7 0.7 3.1
v 0.9 0.7 3.1
v 1 0.7 3.1
v 1.1 0.7 3.1
v 1.2 0.7 3.1
v 1.4 0.7 3.1
v 1.5 0.7 3.1
v 1.7 0.7 3.1
v 1.8 0.7 3.1
v 2 0.7 3.1
v 2.1 0.7 3.1
v 2.2 0.7 3.1
v 2.3 0.7 3.1
v 2.5 0.7 3.1
v 2.6 0.7 3.1
v 2.8 0.7 3.1
v 2.9 0.7 3.1
v -3 0.7 3
v -2.9 0.7 3
v -2.6 0.7 3
v -2.5 0.7 3
v -2.4 0.7 3
v -2.3 0.7 3
v -2.2 0.7 3
v -2.1 0.7 3
v -1.9 0.7 3
v -1.8 0.7 3
v -1.7 0.7 3
v -1.6 0.7 3
v -1.4 0.7 3
v -1.3 0.7 3
v 0.6 0.7 3
v 0.7 0.7 3
v 0.9 0.7 3
v 1 0.7 3
v 1.1 0.7 3
v 1.2 0.7 3
v 1.4 0.7 3
v 1.5 0.7 3
v 1.7 0.7 3
v 1.8 0.7 3
v 2 0.7 3
v 2.1 0.7 3
v 2.2 0.7 3
v 2.3 0.7 3
v 2.5 0.7 3
v 2.6 0.7 3
v 2.8 0.7 3
v 2.9 0.7 3
v -3.1 0.7 2.9
v -3 0.7 2.9
v 3 0.7 2.9
v 3.1 0.7 2.9
v -3.1 0.7 2.8
v -3 0.7 2.8
v 3 0.7 2.8
v 3.1 0.7 2.8
v 3 0.7 -2.6
v 3.1 0.7 -2.6
v 3 0.7 -2.7
v 3.1 0.7 -2.7
v 3 0.7 -2.8
v 3.1 0.7 -2.8
v 3 0.7 -2.9
v 3.1 0.7 -2.9
v -1.8 0.7 -3
v -1.7 0.7 -3
v -1.5 0.7 -3
v -1.4 0.7 -3
v 0.4 0.7 -3
v 0.5 0.7 -3
v 0.8 0.7 -3
v 0.9 0.7 -3
v 1 0.7 -3
v 1.1 0.7 -3
v 1.4 0.7 -3
v 1.5 0.7 -3
v 1.7 0.7 -3
v 1.8 0.7 -3
v 1.9 0.7 -3
v 2 0.7 -3
v 2.2 0.7 -3
v 2.3 0.7 -3
v 2.5 0.7 -3
v 2.6 0.7 -3
v 2.7 0.7 -3
v 2.8 0.7 -3
v -1.8 0.7 -3.1
v -1.7 0.7 -3.1
v -1.5 0.7 -3.1
v -1.4 0.7 -3.1
v 0.4 0.7 -3.1
v 0.5 0.7 -3.1
v 0.8 0.7 -3.1
v 0.9 0.7 -3.1
v 1 0.7 -3.1
v 1.1 0.7 -3.1
v 1.4 0.7 -3.1
v 1.5 0.7 -3.1
v 1.7 0.7 -3.1
v 1.8 0.7 -3.1
v 1.9 0.7 -3.1
v 2 0.7 -3.1
v 2.2 0.7 -3.1
v 2.3 0.7 -3.1
v 2.5 0.7 -3.1
v 2.6 0.7 -3.1
v 2.7 0.7 -3.1
v 2.8 0.7 -3.1
v -2.9 0.8 3.1
v -2.8 0.8 3.1
v -2.7 0.8 3.1
v -2.6 0.8 3.1
v -2.1 0.8 3.1
v -2 0.8 3.1
v -1.6 0.8 3.1
v -1.5 0.8 3.1
v 0.5 0.8 3.1
v 0.6 0.8 3.1
v 1 0.8 3.1
v 1.1 0.8 3.1
v 1.5 0.8 3.1
v 1.6 0.8 3.1
v 1.9 0.8 3.1
v 2 0.8 3.1
v 2.3 0.8 3.1
v 2.4 0.8 3.1
v 2.7 0.8 3.1
v 2.8 0.8 3.1
v -2.9 0.8 3
v -2.8 0.8 3
v -2.7 0.8 3
v -2.6 0.8 3
v -2.1 0.8 3
v -2 0.8 3
v -1.6 0.8 3
v -1.5 0.8 3
v 0.5 0.8 3
v 0.6 0.8 3
v 1 0.8 3
v 1.1 0.8 3
v 1.5 0.8 3
v 1.6 0.8 3
v 1.9 0.8 3
v 2 0.8 3
v 2.3 0.8 3
v 2.4 0.8 3
v 2.7 0.8 3
v 2.8 0.8 3
v -3.1 0.8 2.8
v -3 0.8 2.8
v -3.1 0.8 2.7
v -3 0.8 2.7
v 3 0.8 -2.5
v 3.1 0.8 -2.5
v 3 0.8 -2.6
v 3.1 0.8 -2.6
v -1.9 0.8 -3
v -1.8 0.8 -3
v 0.5 0.8 -3
v 0.6 0.8 -3
v 0.7 0.8 -3
v 0.8 0.8 -3
v 1.1 0.8 -3
v 1.2 0.8 -3
v 1.3 0.8 -3
v 1.4 0.8 -3
v 1.6 0.8 -3
v 1.7 0.8 -3
v 2 0.8 -3
v 2.1 0.8 -3
v 2.4 0.8 -3
v 2.5 0.8 -3
v 2.8 0.8 -3
v 2.9 0.8 -3
v -1.9 0.8 -3.1
v -1.8 0.8 -3.1
v 0.5 0.8 -3.1
v 0.6 0.8 -3.1
v 0.7 0.8 -3.1
v 0.8 0.8 -3.1
v 1.1 0.8 -3.1
v 1.2 0.8 -3.1
v 1.3 0.8 -3.1
v 1.4 0.8 -3.1
v 1.6 0.8 -3.1
v 1.7 0.8 -3.1
v 2 0.8 -3.1
v 2.1 0.8 -3.1
v 2.4 0.8 -3.1
v 2.5 0.8 -3.1
v 2.8 0.8 -3.1
v 2.9 0.8 -3.1
v -3 0.9 3.1
v -2.9 0.9 3.1
v -2.8 0.9 3.1
v -2.7 0.9 3.1
v -2.6 0.9 3.1
v -2.4 0.9 3.1
v -2.3 0.9 3.1
v -2.1 0.9 3.1
v -2 0.9 3.1
v -1.9 0.9 3.1
v -1.8 0.9 3.1
v -1.6 0.9 3.1
v -1.5 0.9 3.1
v -1.4 0.9 3.1
v -1.3 0.9 3.1
v -1.1 0.9 3.1
v 0.4 0.9 3.1
v 0.5 0.9 3.1
v 0.6 0.9 3.1
v 1 0.9 3.1
v 1.2 0.9 3.1
v 1.5 0.9 3.1
v 1.6 0.9 3.1
v 1.7 0.9 3.1
v 1.8 0.9 3.1
v 1.9 0.9 3.1
v 2 0.9 3.1
v 2.3 0.9 3.1
v 2.4 0.9 3.1
v 2.5 0.9 3.1
v 2.6 0.9 3.1
v 2.7 0.9 3.1
v 2.8 0.9 3.1
v 3 0.9 3.1
v -3.1 0.9 3
v -3 0.9 3
v -2.9 0.9 3
v -2.8 0.9 3
v -2.7 0.9 3
v -2.6 0.9 3
v -2.4 0.9 3
v -2.3 0.9 3
v -2.1 0.9 3
v -2 0.9 3
v -1.9 0.9 3
v -1.8 0.9 3
v -1.6 0.9 3
v -1.5 0.9 3
v -1.4 0.9 3
v -1.3 0.9 3
v -1.1 0.9 3
v 0.4 0.9 3
v 0.5 0.9 3
v 0.6 0.9 3
v 1 0.9 3
v 1.2 0.9 3
v 1.5 0.9 3
v 1.6 0.9 3
v 1.7 0.9 3
v 1.8 0.9 3
v 1.9 0.9 3
v 2 0.9 3
v 2.3 0.9 3
v 2.4 0.9 3
v 2.5 0.9 3
v 2.6 0.9 3
v 2.7 0.9 3
v 2.8 0.9 3
v 3 0.9 3
v 3.1 0.9 3
v -3.1 0.9 2.9
v -3 0.9 2.9
v 3 0.9 2.9
v 3.1 0.9 2.9
v 3 0.9 -2.6
v 3.1 0.9 -2.6
v 3 0.9 -2.8
v 3.1 0.9 -2.8
v 3 0.9 -2.9
v 3.1 0.9 -2.9
v -2 0.9 -3
v -1.9 0.9 -3
v -1.8 0.9 -3
v -1.5 0.9 -3
v -1.4 0.9 -3
v -1.1 0.9 -3
v 0.4 0.9 -3
v 0.5 0.9 -3
v 0.6 0.9 -3
v 0.7 0.9 -3
v 0.8 0.9 -3
v 1.1 0.9 -3
v 1.2 0.9 -3
v 1.3 0.9 -3
v 1.4 0.9 -3
v 1.6 0.9 -3
v 1.7 0.9 -3
v 2 0.9 -3
v 2.1 0.9 -3
v 2.2 0.9 -3
v 2.3 0.9 -3
v 2.4 0.9 -3
v 2.5 0.9 -3
v 2.7 0.9 -3
v 2.9 0.9 -3
v 3 0.9 -3
v 3.1 0.9 -3
v -2 0.9 -3.1
v -1.9 0.9 -3.1
v -1.8 0.9 -3.1
v -1.5 0.9 -3.1
v -1.4 0.9 -3.1
v -1.1 0.9 -3.1
v 0.4 0.9 -3.1
v 0.5 0.9 -3.1
v 0.6 0.9 -3.1
v 0.7 0.9 -3.1
v 0.8 0.9 -3.1
v 1.1 0.9 -3.1
v 1.2 0.9 -3.1
v 1.3 0.9 -3.1
v 1.4 0.9 -3.1
v 1.6 0.9 -3.1
v 1.7 0.9 -3.1
v 2 0.9 -3.1
v 2.1 0.9 -3.1
v 2.2 0.9 -3.1
v 2.3 0.9 -3.1
v 2.4 0.9 -3.1
v 2.5 0.9 -3.1
v 2.7 0.9 -3.1
v 2.9 0.9 -3.1
v 3 0.9 -3.1
v 1.1 1.1 2.7
v 1.2 1.1 2.7
v 1.1 1.1 2.6
v 1.2 1.1 2.6
v -1.9 1.1 2.5
v -1.8 1.1 2.5
v -1.5 1.1 2.5
v -1.4 1.1 2.5
v 0.8 1.1 2.5
v 0.9 1.1 2.5
v -1.9 1.1 2.4
v -1.8 1.1 2.4
v -1.5 1.1 2.4
v -1.4 1.1 2.4
v -1.3 1.1 2.4
v 0.8 1.1 2.4
v 0.9 1.1 2.4
v -1.4 1.1 2.3
v -1.3 1.1 2.3
v -1.4 1.1 2
v -1.3 1.1 2
v 0.8 1.1 2
v 0.9 1.1 2
v -1.4 1.1 1.9
v -1.3 1.1 1.9
v 0.8 1.1 1.9
v 0.9 1.1 1.9
v -1.4 1.1 1.5
v -1.3 1.1 1.5
v 0.9 1.1 1.5
v 1 1.1 1.5
v -1.4 1.1 1.4
v -1.3 1.1 1.4
v 0.9 1.1 1.4
v 1 1.1 1.4
v 0.9 1.1 1.2
v 1 1.1 1.2
v 0.9 1.1 1.1
v 1 1.1 1.1
v -1.4 1.1 1
v -1.3 1.1 1
v -1.4 1.1 0.9
v -1.3 1.1 0.9
v -1.5 1.1 0.7
v -1.4 1.1 0.7
v 0.9 1.1 0.7
v 1 1.1 0.7
v -1.5 1.1 0.6
v -1.4 1.1 0.6
v 0.9 1.1 0.6
v 1 1.1 0.6
v -1.5 1.1 0.4
v -1.4 1.1 0.4
v -1.5 1.1 0.3
v -1.4 1.1 0.3
v 0.9 1.1 0.0999999
v 1 1.1 0.0999999
v -1.5 1.1 -0.0999999
v -1.4 1.1 -0.0999999
v 0.9 1.1 -0.0999999
v 1 1.1 -0.0999999
v -1.5 1.1 -0.2
v -1.4 1.1 -0.2
v 0.9 1.1 -0.4
v 1 1.1 -0.4
v -1.5 1.1 -0.6
v -1.4 1.1 -0.6
v 0.9 1.1 -0.6
v 1 1.1 -0.6
v -1.5 1.1 -0.7
v -1.4 1.1 -0.7
v -1.5 1.1 -0.9
v -1.4 1.1 -0.9
v 0.9 1.1 -0.9
v 1 1.1 -0.9
v -1.5 1.1 -1
v -1.4 1.1 -1
v 0.9 1.1 -1
v 1 1.1 -1
v -1.5 1.1 -1.1
v -1.4 1.1 -1.1
v -1.5 1.1 -1.2
v -1.4 1.1 -1.2
v -1.5 1.1 -1.3
v -1.4 1.1 -1.3
v -1.5 1.1 -1.4
v -1.4 1.1 -1.4
v -1.5 1.1 -1.6
v -1.4 1.1 -1.6
v -1.5 1.1 -1.7
v -1.4 1.1 -1.7
v 0.8 1.1 -1.7
v 0.9 1.1 -1.7
v 0.8 1.1 -1.8
v 0.9 1.1 -1.8
v -1.4 1.1 -2.2
v -1.3 1.1 -2.2
v -1.4 1.1 -2.3
v -1.3 1.1 -2.3
v 1 1.1 -2.3
v 1.1 1.1 -2.3
v 1.2 1.1 -2.3
v 1.3 1.1 -2.3
v 1.4 1.1 -2.3
v 1.5 1.1 -2.3
v -1.8 1.1 -2.4
v -1.7 1.1 -2.4
v -1.6 1.1 -2.4
v -1.5 1.1 -2.4
v 1 1.1 -2.4
v 1.1 1.1 -2.4
v 1.2 1.1 -2.4
v 1.3 1.1 -2.4
v 1.4 1.1 -2.4
v 1.5 1.1 -2.4
v -1.8 1.1 -2.5
v -1.7 1.1 -2.5
v -1.6 1.1 -2.5
v -1.5 1.1 -2.5
v 0.9 1.2 2.7
v 1.1 1.2 2.7
v 1.3 1.2 2.7
v 1.5 1.2 2.7
v 0.8 1.2 2.6
v 0.9 1.2 2.6
v 1.1 1.2 2.6
v 1.3 1.2 2.6
v 1.5 1.2 2.6
v -2 1.2 2.5
v -1.9 1.2 2.5
v -1.8 1.2 2.5
v -1.5 1.2 2.5
v 0.8 1.2 2.5
v 0.9 1.2 2.5
v -2 1.2 2.4
v -1.9 1.2 2.4
v -1.8 1.2 2.4
v -1.5 1.2 2.4
v 0.8 1.2 2.4
v 0.9 1.2 2.4
v -1.4 1.2 2.3
v -1.3 1.2 2.3
v 0.8 1.2 2.2
v 0.9 1.2 2.2
v 0.8 1.2 2.1
v 0.9 1.2 2.1
v -1.4 1.2 2
v -1.3 1.2 2
v 0.8 1.2 2
v 0.9 1.2 2
v -1.4 1.2 1.9
v -1.3 1.2 1.9
v 0.8 1.2 1.9
v 0.9 1.2 1.9
v 0.8 1.2 1.8
v 0.9 1.2 1.8
v 1 1.2 1.8
v 0.9 1.2 1.7
v 1 1.2 1.7
v 0.9 1.2 1.6
v 1 1.2 1.6
v -1.4 1.2 1.5
v -1.3 1.2 1.5
v 0.9 1.2 1.5
v 1 1.2 1.5
v -1.4 1.2 1.4
v -1.3 1.2 1.4
v 0.9 1.2 1.4
v 1 1.2 1.4
v -1.4 1.2 1.3
v -1.3 1.2 1.3
v -1.4 1.2 1.2
v -1.3 1.2 1.2
v 0.9 1.2 1.2
v 1 1.2 1.2
v 0.9 1.2 1.1
v 1 1.2 1.1
v -1.4 1.2 1
v -1.3 1.2 1
v -1.5 1.2 0.9
v -1.4 1.2 0.9
v -1.5 1.2 0.7
v -1.4 1.2 0.7
v 0.9 1.2 0.7
v 1 1.2 0.7
v -1.5 1.2 0.6
v -1.4 1.2 0.6
v 0.9 1.2 0.6
v 1 1.2 0.6
v 0.9 1.2 0.5
v 1 1.2 0.5
v -1.5 1.2 0.4
v -1.4 1.2 0.4
v 0.9 1.2 0.4
v 1 1.2 0.4
v -1.5 1.2 0.3
v -1.4 1.2 0.3
v -1.5 1.2 0.2
v -1.4 1.2 0.2
v -1.5 1.2 0.0999999
v -1.4 1.2 0.0999999
v 0.9 1.2 0.0999999
v 1 1.2 0.0999999
v -1.5 1.2 -0.0999999
v -1.4 1.2 -0.0999999
v 0.9 1.2 -0.0999999
v 1 1.2 -0.0999999
v -1.5 1.2 -0.2
v -1.4 1.2 -0.2
v 0.9 1.2 -0.4
v 1 1.2 -0.4
v -1.5 1.2 -0.6
v -1.4 1.2 -0.6
v 0.9 1.2 -0.6
v 1 1.2 -0.6
v -1.5 1.2 -0.7
v -1.4 1.2 -0.7
v -1.5 1.2 -0.9
v -1.4 1.2 -0.9
v 0.9 1.2 -0.9
v 1 1.2 -0.9
v -1.5 1.2 -1
v -1.4 1.2 -1
v 0.9 1.2 -1
v 1 1.2 -1
v -1.5 1.2 -1.1
v -1.4 1.2 -1.1
v 0.9 1.2 -1.1
v 1 1.2 -1.1
v -1.5 1.2 -1.2
v -1.4 1.2 -1.2
v -1.5 1.2 -1.3
v -1.4 1.2 -1.3
v 0.8 1.2 -1.3
v 0.9 1.2 -1.3
v -1.5 1.2 -1.4
v -1.4 1.2 -1.4
v 0.8 1.2 -1.5
v 0.9 1.2 -1.5
v -1.5 1.2 -1.6
v -1.4 1.2 -1.6
v 0.8 1.2 -1.6
v 0.9 1.2 -1.6
v -1.4 1.2 -1.7
v -1.3 1.2 -1.7
v 0.8 1.2 -1.7
v 0.9 1.2 -1.7
v -1.4 1.2 -1.8
v -1.3 1.2 -1.8
v 0.8 1.2 -1.8
v 0.9 1.2 -1.8
v -1.4 1.2 -1.9
v -1.3 1.2 -1.9
v 0.8 1.2 -2.1
v 0.9 1.2 -2.1
v -1.4 1.2 -2.2
v -1.3 1.2 -2.2
v 0.8 1.2 -2.2
v 0.9 1.2 -2.2
v -1.4 1.2 -2.3
v -1.3 1.2 -2.3
v 0.8 1.2 -2.3
v 0.9 1.2 -2.3
v 1 1.2 -2.3
v 1.1 1.2 -2.3
v 1.2 1.2 -2.3
v 1.3 1.2 -2.3
v 1.4 1.2 -2.3
v 1.5 1.2 -2.3
v 1.6 1.2 -2.3
v -2 1.2 -2.4
v -1.8 1.2 -2.4
v -1.7 1.2 -2.4
v -1.6 1.2 -2.4
v -1.5 1.2 -2.4
v -1.4 1.2 -2.4
v -1.3 1.2 -2.4
v 1 1.2 -2.4
v 1.1 1.2 -2.4
v 1.2 1.2 -2.4
v 1.3 1.2 -2.4
v 1.4 1.2 -2.4
v 1.5 1.2 -2.4
v -2 1.2 -2.5
v -1.8 1.2 -2.5
v -1.7 1.2 -2.5
v -1.6 1.2 -2.5
v -1.5 1.2 -2.5
v -1.4 1.2 -2.5
v 0.9 1.2 -2.5
v 1.6 1.2 -2.5
v -1.9 1.3 3.1
v -1.5 1.3 3.1
v -1.8 1.3 3
v -1.6 1.3 3
v -2.7 1.3 2.9
v -2.6 1.3 2.9
v -2.5 1.3 2.9
v -2.4 1.3 2.9
v -2.3 1.3 2.9
v -2.1 1.3 2.9
v 1.9 1.3 2.9
v 2 1.3 2.9
v 2.2 1.3 2.9
v 2.4 1.3 2.9
v 2.5 1.3 2.9
v 2.6 1.3 2.9
v 2.8 1.3 2.9
v 2.9 1.3 2.9
v -3.1 1.3 2.8
v -3 1.3 2.8
v -2.7 1.3 2.8
v -2.6 1.3 2.8
v -2.5 1.3 2.8
v -2.4 1.3 2.8
v -2.3 1.3 2.8
v -2.1 1.3 2.8
v -2 1.3 2.8
v -1.9 1.3 2.8
v -1.8 1.3 2.8
v -1.6 1.3 2.8
v 1.9 1.3 2.8
v 2 1.3 2.8
v 2.2 1.3 2.8
v 2.4 1.3 2.8
v 2.5 1.3 2.8
v 2.6 1.3 2.8
v 2.8 1.3 2.8
v 2.9 1.3 2.8
v 3 1.3 2.8
v 3.1 1.3 2.8
v -3.1 1.3 2.7
v -3 1.3 2.7
v -2 1.3 2.7
v -1.9 1.3 2.7
v -1.5 1.3 2.7
v 1.8 1.3 2.7
v 1.9 1.3 2.7
v 3 1.3 2.7
v 3.1 1.3 2.7
v -3.1 1.3 2.6
v -3 1.3 2.6
v 1.8 1.3 2.6
v 1.9 1.3 2.6
v -3.1 1.3 2.5
v -3 1.3 2.5
v 3 1.3 2.5
v 3.1 1.3 2.5
v 3 1.3 2.4
v 3.1 1.3 2.4
v -3.1 1.3 2.3
v -3 1.3 2.3
v -3.1 1.3 2.2
v -3 1.3 2.2
v 3 1.3 2.1
v 3.1 1.3 2.1
v -3.1 1.3 2
v -3 1.3 2
v 3 1.3 2
v 3.1 1.3 2
v -3.1 1.3 1.9
v -3 1.3 1.9
v 3 1.3 -1.5
v 3.1 1.3 -1.5
v 3 1.3 -1.6
v 3.1 1.3 -1.6
v 3 1.3 -1.9
v 3.1 1.3 -1.9
v 3 1.3 -2
v 3.1 1.3 -2
v 3 1.3 -2.1
v 3.1 1.3 -2.1
v 3 1.3 -2.2
v 3.1 1.3 -2.2
v -3.1 1.3 -2.3
v -3 1.3 -2.3
v -3.1 1.3 -2.4
v -3 1.3 -2.4
v -3.1 1.3 -2.5
v -3 1.3 -2.5
v 1.6 1.3 -2.5
v 1.7 1.3 -2.5
v 1.9 1.3 -2.5
v 2 1.3 -2.5
v 2.2 1.3 -2.5
v 2.3 1.3 -2.5
v 2.4 1.3 -2.5
v 2.5 1.3 -2.5
v 2.7 1.3 -2.5
v 2.8 1.3 -2.5
v 2.9 1.3 -2.5
v 3 1.3 -2.5
v -3.1 1.3 -2.6
v -3 1.3 -2.6
v -2 1.3 -2.6
v -1.9 1.3 -2.6
v 1.6 1.3 -2.6
v 1.7 1.3 -2.6
v 1.9 1.3 -2.6
v 2 1.3 -2.6
v 2.2 1.3 -2.6
v 2.3 1.3 -2.6
v 2.4 1.3 -2.6
v 2.5 1.3 -2.6
v 2.7 1.3 -2.6
v 2.8 1.3 -2.6
v 2.9 1.3 -2.6
v 3 1.3 -2.6
v -2 1.3 -2.7
v -1.9 1.3 -2.7
v -3.1 1.3 -2.8
v -3 1.3 -2.8
v -3.1 1.3 -2.9
v -3 1.3 -2.9
v -3 1.3 -3
v -2.9 1.3 -3
v -2.8 1.3 -3
v -2.7 1.3 -3
v -2.5 1.3 -3
v -2.3 1.3 -3
v -2.2 1.3 -3
v -2.1 1.3 -3
v -3 1.3 -3.1
v -2.9 1.3 -3.1
v -2.8 1.3 -3.1
v -2.7 1.3 -3.1
v -2.5 1.3 -3.1
v -2.3 1.3 -3.1
v -2.2 1.3 -3.1
v -2.1 1.3 -3.1
v -2.9 1.4 2.9
v -2.7 1.4 2.9
v -2.1 1.4 2.9
v -2 1.4 2.9
v 2 1.4 2.9
v 2.1 1.4 2.9
v 2.4 1.4 2.9
v 2.5 1.4 2.9
v 2.6 1.4 2.9
v 2.7 1.4 2.9
v -2.9 1.4 2.8
v -2.7 1.4 2.8
v -2.1 1.4 2.8
v -2 1.4 2.8
v 2 1.4 2.8
v 2.1 1.4 2.8
v 2.4 1.4 2.8
v 2.5 1.4 2.8
v 2.6 1.4 2.8
v 2.7 1.4 2.8
v -2 1.4 2.7
v -1.9 1.4 2.7
v 1.7 1.4 2.7
v 1.8 1.4 2.7
v 3 1.4 2.7
v 3.1 1.4 2.7
v -2 1.4 2.6
v -1.9 1.4 2.6
v 1.7 1.4 2.6
v 1.8 1.4 2.6
v 3 1.4 2.6
v 3.1 1.4 2.6
v -3.1 1.4 2.5
v -3 1.4 2.5
v -3.1 1.4 2.4
v -3 1.4 2.4
v 3 1.4 2.4
v 3.1 1.4 2.4
v 3 1.4 2.3
v 3.1 1.4 2.3
v -2 1.4 2.2
v -1.9 1.4 2.2
v -2 1.4 2.1
v -1.9 1.4 2.1
v 1.5 1.4 2.1
v 1.6 1.4 2.1
v 1.5 1.4 2
v 1.6 1.4 2
v -3.1 1.4 1.9
v -3 1.4 1.9
v -2 1.4 1.9
v -1.9 1.4 1.9
v -3.1 1.4 1.8
v -3 1.4 1.8
v -2 1.4 1.8
v -1.9 1.4 1.8
v -2 1.4 1.7
v -1.9 1.4 1.7
v -2 1.4 1.6
v -1.9 1.4 1.6
v -2 1.4 1.3
v -1.9 1.4 1.3
v -2 1.4 1.2
v -1.9 1.4 1.2
v 1.5 1.4 1.2
v 1.6 1.4 1.2
v 1.5 1.4 1.1
v 1.6 1.4 1.1
v -2 1.4 1
v -1.9 1.4 1
v -2 1.4 0.9
v -1.9 1.4 0.9
v 1.5 1.4 0.8
v 1.6 1.4 0.8
v 1.5 1.4 0.7
v 1.6 1.4 0.7
v -2 1.4 0.6
v -1.9 1.4 0.6
v 1.5 1.4 0.6
v 1.6 1.4 0.6
v -2 1.4 0.5
v -1.9 1.4 0.5
v 1.5 1.4 0.5
v 1.6 1.4 0.5
v -2 1.4 0.4
v -1.9 1.4 0.4
v -2 1.4 0.3
v -1.9 1.4 0.3
v 1.5 1.4 0.0999999
v 1.6 1.4 0.0999999
v -2 1.4 0
v -1.9 1.4 0
v 1.5 1.4 0
v 1.6 1.4 0
v -2 1.4 -0.0999999
v -1.9 1.4 -0.0999999
v -2 1.4 -0.2
v -1.9 1.4 -0.2
v 1.5 1.4 -0.2
v 1.6 1.4 -0.2
v -2 1.4 -0.3
v -1.9 1.4 -0.3
v 1.5 1.4 -0.3
v 1.6 1.4 -0.3
v -2 1.4 -0.5
v -1.9 1.4 -0.5
v 1.5 1.4 -0.5
v 1.6 1.4 -0.5
v -2 1.4 -0.6
v -1.9 1.4 -0.6
v 1.5 1.4 -0.6
v 1.6 1.4 -0.6
v 1.5 1.4 -0.8
v 1.6 1.4 -0.8
v 1.5 1.4 -0.9
v 1.6 1.4 -0.9
v -2 1.4 -1
v -1.9 1.4 -1
v -2 1.4 -1.1
v -1.9 1.4 -1.1
v 1.5 1.4 -1.2
v 1.6 1.4 -1.2
v 1.5 1.4 -1.3
v 1.6 1.4 -1.3
v -2 1.4 -1.4
v -1.9 1.4 -1.4
v 1.5 1.4 -1.4
v 1.6 1.4 -1.4
v -2 1.4 -1.5
v -1.9 1.4 -1.5
v 1.5 1.4 -1.5
v 1.6 1.4 -1.5
v -2 1.4 -1.6
v -1.9 1.4 -1.6
v -2 1.4 -1.7
v -1.9 1.4 -1.7
v 3 1.4 -1.8
v 3.1 1.4 -1.8
v 3 1.4 -1.9
v 3.1 1.4 -1.9
v -2 1.4 -2
v -1.9 1.4 -2
v -2 1.4 -2.1
v -1.9 1.4 -2.1
v -3.1 1.4 -2.2
v -3 1.4 -2.2
v 3 1.4 -2.2
v 3.1 1.4 -2.2
v -3.1 1.4 -2.3
v -3 1.4 -2.3
v -2 1.4 -2.3
v -1.9 1.4 -2.3
v 1.5 1.4 -2.3
v 1.6 1.4 -2.3
v 3 1.4 -2.3
v 3.1 1.4 -2.3
v -2 1.4 -2.4
v -1.9 1.4 -2.4
v 1.5 1.4 -2.4
v 1.6 1.4 -2.4
v 1.8 1.4 -2.5
v 1.9 1.4 -2.5
v 2.1 1.4 -2.5
v 2.2 1.4 -2.5
v 2.5 1.4 -2.5
v 2.6 1.4 -2.5
v 1.8 1.4 -2.6
v 1.9 1.4 -2.6
v 2.1 1.4 -2.6
v 2.2 1.4 -2.6
v 2.5 1.4 -2.6
v 2.6 1.4 -2.6
v -3.1 1.4 -2.7
v -3 1.4 -2.7
v -2 1.4 -2.7
v -1.9 1.4 -2.7
v -3.1 1.4 -2.8
v -3 1.4 -2.8
v -2 1.4 -2.8
v -1.9 1.4 -2.8
v -3.1 1.4 -2.9
v -3 1.4 -2.9
v -3.1 1.4 -3
v -3 1.4 -3
v -2.7 1.4 -3
v -2.5 1.4 -3
v -2.1 1.4 -3
v -2 1.4 -3
v -2.7 1.4 -3.1
v -2.5 1.4 -3.1
v -2.1 1.4 -3.1
v -2 1.4 -3.1
v -3 1.5 2.9
v -2.9 1.5 2.9
v -2.7 1.5 2.9
v -2.5 1.5 2.9
v -2.4 1.5 2.9
v -2.3 1.5 2.9
v -2.2 1.5 2.9
v -2.1 1.5 2.9
v 1.9 1.5 2.9
v 2 1.5 2.9
v 2.1 1.5 2.9
v 2.2 1.5 2.9
v 2.3 1.5 2.9
v 2.4 1.5 2.9
v 2.5 1.5 2.9
v 2.6 1.5 2.9
v 2.7 1.5 2.9
v 2.8 1.5 2.9
v 2.9 1.5 2.9
v 3 1.5 2.9
v -3 1.5 2.8
v -2.9 1.5 2.8
v -2.7 1.5 2.8
v -2.5 1.5 2.8
v -2.4 1.5 2.8
v -2.3 1.5 2.8
v -2.2 1.5 2.8
v -2.1 1.5 2.8
v -2 1.5 2.8
v -1.9 1.5 2.8
v 1.8 1.5 2.8
v 1.9 1.5 2.8
v 2 1.5 2.8
v 2.1 1.5 2.8
v 2.2 1.5 2.8
v 2.3 1.5 2.8
v 2.4 1.5 2.8
v 2.5 1.5 2.8
v 2.6 1.5 2.8
v 2.7 1.5 2.8
v 2.8 1.5 2.8
v 2.9 1.5 2.8
v 3 1.5 2.8
v 3.1 1.5 2.8
v -3.1 1.5 2.7
v -3 1.5 2.7
v -2 1.5 2.7
v -1.9 1.5 2.7
v 1.6 1.5 2.7
v 1.7 1.5 2.7
v 1.8 1.5 2.7
v 3 1.5 2.7
v 3.1 1.5 2.7
v -2 1.5 2.6
v -1.9 1.5 2.6
v 1.5 1.5 2.6
v 1.6 1.5 2.6
v 1.7 1.5 2.6
v 1.8 1.5 2.6
v 1.9 1.5 2.6
v 3 1.5 2.6
v 3.1 1.5 2.6
v -3.1 1.5 2.5
v -3 1.5 2.5
v 1.5 1.5 2.5
v 1.6 1.5 2.5
v -3.1 1.5 2.4
v -3 1.5 2.4
v -2 1.5 2.4
v -1.9 1.5 2.4
v 1.5 1.5 2.4
v 1.6 1.5 2.4
v 3 1.5 2.4
v 3.1 1.5 2.4
v -3.1 1.5 2.3
v -3 1.5 2.3
v -2 1.5 2.3
v -1.9 1.5 2.3
v 1.5 1.5 2.3
v 1.6 1.5 2.3
v 3 1.5 2.3
v 3.1 1.5 2.3
v -3.1 1.5 2.2
v -3 1.5 2.2
v -2 1.5 2.2
v -1.9 1.5 2.2
v 1.5 1.5 2.2
v 1.6 1.5 2.2
v -2 1.5 2.1
v -1.9 1.5 2.1
v 1.5 1.5 2.1
v 1.6 1.5 2.1
v 3 1.5 2.1
v 3.1 1.5 2.1
v 1.5 1.5 2
v 1.6 1.5 2
v -3.1 1.5 1.9
v -3 1.5 1.9
v -2 1.5 1.9
v -1.9 1.5 1.9
v -2 1.5 1.8
v -1.9 1.5 1.8
v -2 1.5 1.7
v -1.9 1.5 1.7
v 1.5 1.5 1.7
v 1.6 1.5 1.7
v -2 1.5 1.6
v -1.9 1.5 1.6
v 1.5 1.5 1.6
v 1.6 1.5 1.6
v 1.5 1.5 1.4
v 1.6 1.5 1.4
v -2 1.5 1.3
v -1.9 1.5 1.3
v 1.5 1.5 1.3
v 1.6 1.5 1.3
v -2 1.5 1.2
v -1.9 1.5 1.2
v 1.5 1.5 1.2
v 1.6 1.5 1.2
v 1.5 1.5 1.1
v 1.6 1.5 1.1
v -2 1.5 1
v -1.9 1.5 1
v -2 1.5 0.9
v -1.9 1.5 0.9
v 1.5 1.5 0.8
v 1.6 1.5 0.8
v 1.5 1.5 0.7
v 1.6 1.5 0.7
v -2 1.5 0.6
v -1.9 1.5 0.6
v 1.5 1.5 0.6
v 1.6 1.5 0.6
v -2 1.5 0.5
v -1.9 1.5 0.5
v 1.5 1.5 0.5
v 1.6 1.5 0.5
v -2 1.5 0.4
v -1.9 1.5 0.4
v -2 1.5 0.3
v -1.9 1.5 0.3
v 0.9 1.5 0.3
v 1.3 1.5 0.3
v 1.5 1.5 0.3
v 1.6 1.5 0.3
v 1 1.5 0.2
v 1.2 1.5 0.2
v 1.5 1.5 0.2
v 1.6 1.5 0.2
v 1.5 1.5 0.0999999
v 1.6 1.5 0.0999999
v -2 1.5 0
v -1.9 1.5 0
v 1 1.5 0
v 1.2 1.5 0
v 1.5 1.5 0
v 1.6 1.5 0
v -2 1.5 -0.0999999
v -1.9 1.5 -0.0999999
v 0.9 1.5 -0.0999999
v 1.3 1.5 -0.0999999
v -2 1.5 -0.2
v -1.9 1.5 -0.2
v 1.5 1.5 -0.2
v 1.6 1.5 -0.2
v -2 1.5 -0.3
v -1.9 1.5 -0.3
v 1.5 1.5 -0.3
v 1.6 1.5 -0.3
v -2 1.5 -0.5
v -1.9 1.5 -0.5
v 1.5 1.5 -0.5
v 1.6 1.5 -0.5
v -2 1.5 -0.6
v -1.9 1.5 -0.6
v 1.5 1.5 -0.6
v 1.6 1.5 -0.6
v -2 1.5 -0.8
v -1.9 1.5 -0.8
v 1.5 1.5 -0.8
v 1.6 1.5 -0.8
v -2 1.5 -0.9
v -1.9 1.5 -0.9
v 1.5 1.5 -0.9
v 1.6 1.5 -0.9
v -2 1.5 -1
v -1.9 1.5 -1
v -2 1.5 -1.1
v -1.9 1.5 -1.1
v 1.5 1.5 -1.2
v 1.6 1.5 -1.2
v 1.5 1.5 -1.3
v 1.6 1.5 -1.3
v -2 1.5 -1.4
v -1.9 1.5 -1.4
v 1.5 1.5 -1.4
v 1.6 1.5 -1.4
v -2 1.5 -1.5
v -1.9 1.5 -1.5
v 1.5 1.5 -1.5
v 1.6 1.5 -1.5
v -2 1.5 -1.6
v -1.9 1.5 -1.6
v 3 1.5 -1.6
v 3.1 1.5 -1.6
v -2 1.5 -1.7
v -1.9 1.5 -1.7
v 1.5 1.5 -1.7
v 1.6 1.5 -1.7
v 0.9 1.5 -1.8
v 1.3 1.5 -1.8
v 1.5 1.5 -1.8
v 1.6 1.5 -1.8
v 3 1.5 -1.8
v 3.1 1.5 -1.8
v 1 1.5 -1.9
v 1.2 1.5 -1.9
v 3 1.5 -1.9
v 3.1 1.5 -1.9
v -2 1.5 -2
v -1.9 1.5 -2
v 1.5 1.5 -2
v 1.6 1.5 -2
v -2 1.5 -2.1
v -1.9 1.5 -2.1
v 1 1.5 -2.1
v 1.2 1.5 -2.1
v 1.5 1.5 -2.1
v 1.6 1.5 -2.1
v 0.9 1.5 -2.2
v 1.3 1.5 -2.2
v 3 1.5 -2.2
v 3.1 1.5 -2.2
v -3.1 1.5 -2.3
v -3 1.5 -2.3
v -2 1.5 -2.3
v -1.9 1.5 -2.3
v 1.5 1.5 -2.3
v 1.6 1.5 -2.3
v 3 1.5 -2.3
v 3.1 1.5 -2.3
v -2 1.5 -2.4
v -1.9 1.5 -2.4
v 1.5 1.5 -2.4
v 1.6 1.5 -2.4
v -3.1 1.5 -2.5
v -3 1.5 -2.5
v 1.5 1.5 -2.5
v 1.6 1.5 -2.5
v 1.7 1.5 -2.5
v 1.8 1.5 -2.5
v 1.9 1.5 -2.5
v 2.1 1.5 -2.5
v 2.2 1.5 -2.5
v 2.5 1.5 -2.5
v 2.6 1.5 -2.5
v 2.7 1.5 -2.5
v 2.8 1.5 -2.5
v 2.9 1.5 -2.5
v 3 1.5 -2.5
v 3.1 1.5 -2.5
v -3.1 1.5 -2.6
v -3 1.5 -2.6
v 1.7 1.5 -2.6
v 1.8 1.5 -2.6
v 1.9 1.5 -2.6
v 2.1 1.5 -2.6
v 2.2 1.5 -2.6
v 2.5 1.5 -2.6
v 2.6 1.5 -2.6
v 2.7 1.5 -2.6
v 2.8 1.5 -2.6
v 2.9 1.5 -2.6
v -3.1 1.5 -2.7
v -3 1.5 -2.7
v -2 1.5 -2.7
v -1.9 1.5 -2.7
v -3.1 1.5 -2.8
v -3 1.5 -2.8
v -2 1.5 -2.8
v -1.9 1.5 -2.8
v -3.1 1.5 -2.9
v -3 1.5 -2.9
v -2.9 1.5 -3
v -2.7 1.5 -3
v -2.5 1.5 -3
v -2.4 1.5 -3
v -2.3 1.5 -3
v -2.1 1.5 -3
v -2 1.5 -3
v -1.9 1.5 -3
v -2.9 1.5 -3.1
v -2.7 1.5 -3.1
v -2.5 1.5 -3.1
v -2.4 1.5 -3.1
v -2.3 1.5 -3.1
v -2.1 1.5 -3.1
v 3 1.6 1.9
v 3.1 1.6 1.9
v 3 1.6 1.8
v 3.1 1.6 1.8
v 3 1.6 1.7
v 3.1 1.6 1.7
v -3.1 1.6 1.6
v -3 1.6 1.6
v 3 1.6 1.6
v 3.1 1.6 1.6
v -3.1 1.6 1.5
v -3 1.6 1.5
v 3 1.6 1.4
v 3.1 1.6 1.4
v -3.1 1.6 1.3
v -3 1.6 1.3
v 3 1.6 1.3
v 3.1 1.6 1.3
v -3.1 1.6 1.2
v -3 1.6 1.2
v 3 1.6 1.2
v 3.1 1.6 1.2
v -3.1 1.6 1.1
v -3 1.6 1.1
v 3 1.6 1.1
v 3.1 1.6 1.1
v -3.1 1.6 1
v -3 1.6 1
v -3.1 1.6 0.8
v -3 1.6 0.8
v 3 1.6 0.8
v 3.1 1.6 0.8
v -3.1 1.6 0.7
v -3 1.6 0.7
v 3 1.6 0.7
v 3.1 1.6 0.7
v 3 1.6 0.6
v 3.1 1.6 0.6
v -3.1 1.6 0.5
v -3 1.6 0.5
v 3 1.6 0.5
v 3.1 1.6 0.5
v -3.1 1.6 0.4
v -3 1.6 0.4
v 3 1.6 0.3
v 3.1 1.6 0.3
v -3.1 1.6 0.2
v -3 1.6 0.2
v 3 1.6 0.2
v 3.1 1.6 0.2
v -3.1 1.6 0.0999999
v -3 1.6 0.0999999
v 3 1.6 0.0999999
v 3.1 1.6 0.0999999
v -3.1 1.6 0
v -3 1.6 0
v 3 1.6 0
v 3.1 1.6 0
v -3.1 1.6 -0.0999999
v -3 1.6 -0.0999999
v 3 1.6 -0.2
v 3.1 1.6 -0.2
v -3.1 1.6 -0.3
v -3 1.6 -0.3
v 3 1.6 -0.3
v 3.1 1.6 -0.3
v -3.1 1.6 -0.4
v -3 1.6 -0.4
v 3 1.6 -0.4
v 3.1 1.6 -0.4
v 3 1.6 -0.5
v 3.1 1.6 -0.5
v -3.1 1.6 -0.6
v -3 1.6 -0.6
v -3.1 1.6 -0.7
v -3 1.6 -0.7
v -3.1 1.6 -0.9
v -3 1.6 -0.9
v -3.1 1.6 -1
v -3 1.6 -1
v 3 1.6 -1
v 3.1 1.6 -1
v -3.1 1.6 -1.1
v -3 1.6 -1.1
v 3 1.6 -1.1
v 3.1 1.6 -1.1
v -3.1 1.6 -1.2
v -3 1.6 -1.2
v -3.1 1.6 -1.3
v -3 1.6 -1.3
v -3.1 1.6 -1.4
v -3 1.6 -1.4
v -3.1 1.6 -1.6
v -3 1.6 -1.6
v -3.1 1.6 -1.7
v -3 1.6 -1.7
v -3.1 1.6 -1.9
v -3 1.6 -1.9
v -3.1 1.6 -2
v -3 1.6 -2
v -3.1 1.6 -2.1
v -3 1.6 -2.1
v -3.1 1.6 -2.2
v -3 1.6 -2.2
v 2.2 1.7 2.1
v 2.3 1.7 2.1
v 2.4 1.7 2.1
v 2.5 1.7 2.1
v 2.7 1.7 2.1
v 2.8 1.7 2.1
v 2.9 1.7 2.1
v 3 1.7 2.1
v 2.2 1.7 2
v 2.3 1.7 2
v 2.4 1.7 2
v 2.5 1.7 2
v 2.7 1.7 2
v 2.8 1.7 2
v 2.9 1.7 2
v 3 1.7 2
v 3.1 1.7 2
v -2.8 1.7 1.9
v -2.7 1.7 1.9
v -2.5 1.7 1.9
v -2.4 1.7 1.9
v 3 1.7 1.9
v 3.1 1.7 1.9
v -2.8 1.7 1.8
v -2.7 1.7 1.8
v -2.5 1.7 1.8
v -2.4 1.7 1.8
v 1.9 1.7 1.8
v 2 1.7 1.8
v -3.1 1.7 1.7
v -3 1.7 1.7
v 1.9 1.7 1.7
v 2 1.7 1.7
v -3.1 1.7 1.6
v -3 1.7 1.6
v -2.4 1.7 1.6
v -2.3 1.7 1.6
v -2.4 1.7 1.5
v -2.3 1.7 1.5
v 1.9 1.7 1.5
v 2 1.7 1.5
v 3 1.7 1.5
v 3.1 1.7 1.5
v -3.1 1.7 1.4
v -3 1.7 1.4
v 1.9 1.7 1.4
v 2 1.7 1.4
v 3 1.7 1.4
v 3.1 1.7 1.4
v -3.1 1.7 1.3
v -3 1.7 1.3
v -2.4 1.7 1.3
v -2.3 1.7 1.3
v 1.9 1.7 1.3
v 2 1.7 1.3
v -2.4 1.7 1.2
v -2.3 1.7 1.2
v 1.9 1.7 1.2
v 2 1.7 1.2
v -2.4 1.7 1.1
v -2.3 1.7 1.1
v 3 1.7 1.1
v 3.1 1.7 1.1
v -3.1 1.7 1
v -3 1.7 1
v -2.4 1.7 1
v -2.3 1.7 1
v 3 1.7 1
v 3.1 1.7 1
v -3.1 1.7 0.9
v -3 1.7 0.9
v 1.9 1.7 0.9
v 2 1.7 0.9
v 1.9 1.7 0.8
v 2 1.7 0.8
v -2.4 1.7 0.7
v -2.3 1.7 0.7
v -3.1 1.7 0.6
v -3 1.7 0.6
v -2.4 1.7 0.6
v -2.3 1.7 0.6
v -3.1 1.7 0.5
v -3 1.7 0.5
v 3 1.7 0.5
v 3.1 1.7 0.5
v 3 1.7 0.4
v 3.1 1.7 0.4
v -3.1 1.7 0.3
v -3 1.7 0.3
v -2.4 1.7 0.3
v -2.3 1.7 0.3
v 1.9 1.7 0.3
v 2 1.7 0.3
v -3.1 1.7 0.2
v -3 1.7 0.2
v -2.4 1.7 0.2
v -2.3 1.7 0.2
v 1.9 1.7 0.2
v 2 1.7 0.2
v -2.4 1.7 0
v -2.3 1.7 0
v 1.9 1.7 0
v 2 1.7 0
v -3.1 1.7 -0.0999999
v -3 1.7 -0.0999999
v -2.4 1.7 -0.0999999
v -2.3 1.7 -0.0999999
v 1.9 1.7 -0.0999999
v 2 1.7 -0.0999999
v 3 1.7 -0.0999999
v 3.1 1.7 -0.0999999
v -3.1 1.7 -0.2
v -3 1.7 -0.2
v 3 1.7 -0.2
v 3.1 1.7 -0.2
v -3.1 1.7 -0.5
v -3 1.7 -0.5
v 1.9 1.7 -0.5
v 2 1.7 -0.5
v 3 1.7 -0.5
v 3.1 1.7 -0.5
v -3.1 1.7 -0.6
v -3 1.7 -0.6
v -2.4 1.7 -0.6
v -2.3 1.7 -0.6
v 1.9 1.7 -0.6
v 2 1.7 -0.6
v -2.4 1.7 -0.7
v -2.3 1.7 -0.7
v 3 1.7 -0.7
v 3.1 1.7 -0.7
v -3.1 1.7 -0.8
v -3 1.7 -0.8
v -2.4 1.7 -0.8
v -2.3 1.7 -0.8
v -3.1 1.7 -0.9
v -3 1.7 -0.9
v -2.4 1.7 -0.9
v -2.3 1.7 -0.9
v 1.9 1.7 -0.9
v 2 1.7 -0.9
v 1.9 1.7 -1
v 2 1.7 -1
v 1.9 1.7 -1.1
v 2 1.7 -1.1
v 1.9 1.7 -1.2
v 2 1.7 -1.2
v -2.4 1.7 -1.3
v -2.3 1.7 -1.3
v -3.1 1.7 -1.4
v -3 1.7 -1.4
v -2.4 1.7 -1.4
v -2.3 1.7 -1.4
v 2 1.7 -1.4
v 2.1 1.7 -1.4
v 2.3 1.7 -1.4
v 2.4 1.7 -1.4
v 2.7 1.7 -1.4
v 2.8 1.7 -1.4
v -3.1 1.7 -1.5
v -3 1.7 -1.5
v 2 1.7 -1.5
v 2.1 1.7 -1.5
v 2.3 1.7 -1.5
v 2.4 1.7 -1.5
v 2.7 1.7 -1.5
v 2.8 1.7 -1.5
v -2.4 1.7 -1.6
v -2.3 1.7 -1.6
v -3.1 1.7 -1.7
v -3 1.7 -1.7
v -2.4 1.7 -1.7
v -2.3 1.7 -1.7
v -3.1 1.7 -1.8
v -3 1.7 -1.8
v -2.4 1.7 -2.1
v -2.3 1.7 -2.1
v -3 1.7 -2.2
v -2.9 1.7 -2.2
v -2.7 1.7 -2.2
v -2.6 1.7 -2.2
v -2.5 1.7 -2.2
v -2.4 1.7 -2.2
v -2.3 1.7 -2.2
v -3 1.7 -2.3
v -2.9 1.7 -2.3
v -2.7 1.7 -2.3
v -2.6 1.7 -2.3
v -2.5 1.7 -2.3
v -2.4 1.7 -2.3
v 2 1.8 2.1
v 2.2 1.8 2.1
v 2.3 1.8 2.1
v 2.4 1.8 2.1
v 2.5 1.8 2.1
v 2.7 1.8 2.1
v 2.8 1.8 2.1
v 2.9 1.8 2.1
v 1.9 1.8 2
v 2 1.8 2
v 2.2 1.8 2
v 2.3 1.8 2
v 2.4 1.8 2
v 2.5 1.8 2
v 2.7 1.8 2
v 2.8 1.8 2
v 2.9 1.8 2
v -2.9 1.8 1.9
v -2.8 1.8 1.9
v -2.7 1.8 1.9
v -2.5 1.8 1.9
v 3 1.8 1.9
v 3.1 1.8 1.9
v -3.1 1.8 1.8
v -3 1.8 1.8
v -2.9 1.8 1.8
v -2.8 1.8 1.8
v -2.7 1.8 1.8
v -2.5 1.8 1.8
v 1.9 1.8 1.8
v 2 1.8 1.8
v -3.1 1.8 1.7
v -3 1.8 1.7
v -2.4 1.8 1.7
v -2.3 1.8 1.7
v 1.9 1.8 1.7
v 2 1.8 1.7
v 3 1.8 1.7
v 3.1 1.8 1.7
v -3.1 1.8 1.6
v -3 1.8 1.6
v -2.4 1.8 1.6
v -2.3 1.8 1.6
v 3 1.8 1.6
v 3.1 1.8 1.6
v -2.4 1.8 1.5
v -2.3 1.8 1.5
v 1.9 1.8 1.5
v 2 1.8 1.5
v 3 1.8 1.5
v 3.1 1.8 1.5
v -3.1 1.8 1.4
v -3 1.8 1.4
v 1.9 1.8 1.4
v 2 1.8 1.4
v 3 1.8 1.4
v 3.1 1.8 1.4
v -3.1 1.8 1.3
v -3 1.8 1.3
v -2.4 1.8 1.3
v -2.3 1.8 1.3
v 1.9 1.8 1.3
v 2 1.8 1.3
v -2.4 1.8 1.2
v -2.3 1.8 1.2
v 1.9 1.8 1.2
v 2 1.8 1.2
v -2.4 1.8 1.1
v -2.3 1.8 1.1
v 3 1.8 1.1
v 3.1 1.8 1.1
v -3.1 1.8 1
v -3 1.8 1
v -2.4 1.8 1
v -2.3 1.8 1
v 3 1.8 1
v 3.1 1.8 1
v -3.1 1.8 0.9
v -3 1.8 0.9
v -2.4 1.8 0.9
v -2.3 1.8 0.9
v 1.9 1.8 0.9
v 2 1.8 0.9
v -3.1 1.8 0.8
v -3 1.8 0.8
v -2.4 1.8 0.8
v -2.3 1.8 0.8
v 1.9 1.8 0.8
v 2 1.8 0.8
v 3 1.8 0.8
v 3.1 1.8 0.8
v -3.1 1.8 0.7
v -3 1.8 0.7
v -2.4 1.8 0.7
v -2.3 1.8 0.7
v 1.9 1.8 0.7
v 2 1.8 0.7
v 3 1.8 0.7
v 3.1 1.8 0.7
v -3.1 1.8 0.6
v -3 1.8 0.6
v -2.4 1.8 0.6
v -2.3 1.8 0.6
v 1.9 1.8 0.6
v 2 1.8 0.6
v -3.1 1.8 0.5
v -3 1.8 0.5
v 3 1.8 0.5
v 3.1 1.8 0.5
v 3 1.8 0.4
v 3.1 1.8 0.4
v -3.1 1.8 0.3
v -3 1.8 0.3
v -2.4 1.8 0.3
v -2.3 1.8 0.3
v 1.9 1.8 0.3
v 2 1.8 0.3
v 3 1.8 0.3
v 3.1 1.8 0.3
v -3.1 1.8 0.2
v -3 1.8 0.2
v -2.4 1.8 0.2
v -2.3 1.8 0.2
v 1.9 1.8 0.2
v 2 1.8 0.2
v 3 1.8 0.2
v 3.1 1.8 0.2
v 3 1.8 0.0999999
v 3.1 1.8 0.0999999
v -2.4 1.8 0
v -2.3 1.8 0
v 1.9 1.8 0
v 2 1.8 0
v 3 1.8 0
v 3.1 1.8 0
v -3.1 1.8 -0.0999999
v -3 1.8 -0.0999999
v -2.4 1.8 -0.0999999
v -2.3 1.8 -0.0999999
v 1.9 1.8 -0.0999999
v 2 1.8 -0.0999999
v 3 1.8 -0.0999999
v 3.1 1.8 -0.0999999
v -3.1 1.8 -0.2
v -3 1.8 -0.2
v 3 1.8 -0.2
v 3.1 1.8 -0.2
v -3.1 1.8 -0.3
v -3 1.8 -0.3
v -2.4 1.8 -0.3
v -2.3 1.8 -0.3
v -3.1 1.8 -0.4
v -3 1.8 -0.4
v -2.4 1.8 -0.4
v -2.3 1.8 -0.4
v -3.1 1.8 -0.5
v -3 1.8 -0.5
v 1.9 1.8 -0.5
v 2 1.8 -0.5
v 3 1.8 -0.5
v 3.1 1.8 -0.5
v -3.1 1.8 -0.6
v -3 1.8 -0.6
v -2.4 1.8 -0.6
v -2.3 1.8 -0.6
v 1.9 1.8 -0.6
v 2 1.8 -0.6
v -2.4 1.8 -0.7
v -2.3 1.8 -0.7
v 3 1.8 -0.7
v 3.1 1.8 -0.7
v -3.1 1.8 -0.8
v -3 1.8 -0.8
v -2.4 1.8 -0.8
v -2.3 1.8 -0.8
v -3.1 1.8 -0.9
v -3 1.8 -0.9
v -2.4 1.8 -0.9
v -2.3 1.8 -0.9
v 1.9 1.8 -0.9
v 2 1.8 -0.9
v 1.9 1.8 -1
v 2 1.8 -1
v 3 1.8 -1
v 3.1 1.8 -1
v -3.1 1.8 -1.1
v -3 1.8 -1.1
v 1.9 1.8 -1.1
v 2 1.8 -1.1
v 3 1.8 -1.1
v 3.1 1.8 -1.1
v -3.1 1.8 -1.2
v -3 1.8 -1.2
v 1.9 1.8 -1.2
v 2 1.8 -1.2
v -2.4 1.8 -1.3
v -2.3 1.8 -1.3
v -3.1 1.8 -1.4
v -3 1.8 -1.4
v -2.4 1.8 -1.4
v -2.3 1.8 -1.4
v 1.9 1.8 -1.4
v 2 1.8 -1.4
v 2.1 1.8 -1.4
v 2.3 1.8 -1.4
v 2.4 1.8 -1.4
v 2.7 1.8 -1.4
v 2.8 1.8 -1.4
v 2.9 1.8 -1.4
v 3 1.8 -1.4
v 3.1 1.8 -1.4
v -3.1 1.8 -1.5
v -3 1.8 -1.5
v 2.1 1.8 -1.5
v 2.3 1.8 -1.5
v 2.4 1.8 -1.5
v 2.7 1.8 -1.5
v 2.8 1.8 -1.5
v 2.9 1.8 -1.5
v -2.4 1.8 -1.6
v -2.3 1.8 -1.6
v -3.1 1.8 -1.7
v -3 1.8 -1.7
v -2.4 1.8 -1.7
v -2.3 1.8 -1.7
v -3.1 1.8 -1.8
v -3 1.8 -1.8
v -2.4 1.8 -1.8
v -2.3 1.8 -1.8
v -3.1 1.8 -1.9
v -3 1.8 -1.9
v -2.4 1.8 -1.9
v -2.3 1.8 -1.9
v -3.1 1.8 -2
v -3 1.8 -2
v -3.1 1.8 -2.1
v -3 1.8 -2.1
v -2.4 1.8 -2.1
v -2.3 1.8 -2.1
v -2.9 1.8 -2.2
v -2.7 1.8 -2.2
v -2.6 1.8 -2.2
v -2.5 1.8 -2.2
v -2.9 1.8 -2.3
v -2.7 1.8 -2.3
v -2.6 1.8 -2.3
v -2.5 1.8 -2.3
v 2 2 1.8
v 2.1 2 1.8
v 2 2 1.6
v 2.1 2 1.6
v 2 2 1.5
v 2.1 2 1.5
v 2 2 1.3
v 2.1 2 1.3
v 2 2 1.2
v 2.1 2 1.2
v 2 2 1
v 2.1 2 1
v 2 2 0.9
v 2.1 2 0.9
v 2 2 0.7
v 2.1 2 0.7
v 2 2 0.6
v 2.1 2 0.6
v 2 2 0.4
v 2.1 2 0.4
v 2 2 0.3
v 2.1 2 0.3
v 2 2 0.0999999
v 2.1 2 0.0999999
v 2 2 0
v 2.1 2 0
v 2 2 -0.2
v 2.1 2 -0.2
v 2 2 -0.3
v 2.1 2 -0.3
v 2 2 -0.5
v 2.1 2 -0.5
v 2 2 -0.6
v 2.1 2 -0.6
v 2 2 -0.8
v 2.1 2 -0.8
v 2 2 -0.9
v 2.1 2 -0.9
v 2 2 -1.1
v 2.1 2 -1.1
v 2 2 -1.2
v 2.1 2 -1.2
v 2 2 -1.4
v 2.1 2 -1.4
v 2.3 2 -1.4
v 2.4 2 -1.4
v 2.6 2 -1.4
v 2.7 2 -1.4
v 2.9 2 -1.4
v 2.1 2 -1.5
v 2.3 2 -1.5
v 2.4 2 -1.5
v 2.6 2 -1.5
v 2.7 2 -1.5
v 2.9 2 -1.5
v -2.8 2.1 -0.3
v -2.4 2.1 -0.3
v -2.7 2.1 -0.4
v -2.5 2.1 -0.4
v -2.7 2.1 -0.6
v -2.5 2.1 -0.6
v -2.8 2.1 -0.7
v -2.4 2.1 -0.7
v 2.4 2.2 0.4
v 2.8 2.2 0.4
v 2.5 2.2 0.3
v 2.7 2.2 0.3
v 2.5 2.2 0.0999999
v 2.7 2.2 0.0999999
v 2.4 2.2 0
v 2.8 2.2 0
v -3 0.8 3.1
v -2.9 0.8 3.1
v -2.6 0.8 3.1
v -2.5 0.8 3.1
v -2.2 0.8 3.1
v -2.1 0.8 3.1
v -1.7 0.8 3.1
v -1.6 0.8 3.1
v 0.6 0.8 3.1
v 0.7 0.8 3.1
v 0.9 0.8 3.1
v 1 0.8 3.1
v 1.4 0.8 3.1
v 1.5 0.8 3.1
v 2 0.8 3.1
v 2.1 0.8 3.1
v 2.2 0.8 3.1
v 2.3 0.8 3.1
v 2.8 0.8 3.1
v 2.9 0.8 3.1
v -3 0.8 3
v -2.9 0.8 3
v -2.6 0.8 3
v -2.5 0.8 3
v -2.2 0.8 3
v -2.1 0.8 3
v -1.7 0.8 3
v -1.6 0.8 3
v 0.6 0.8 3
v 0.7 0.8 3
v 0.9 0.8 3
v 1 0.8 3
v 1.4 0.8 3
v 1.5 0.8 3
v 2 0.8 3
v 2.1 0.8 3
v 2.2 0.8 3
v 2.3 0.8 3
v 2.8 0.8 3
v 2.9 0.8 3
v 3 0.8 -2.6
v 3.1 0.8 -2.6
v 3 0.8 -2.7
v 3.1 0.8 -2.7
v -1.8 0.8 -3
v -1.7 0.8 -3
v 0.4 0.8 -3
v 0.5 0.8 -3
v 0.8 0.8 -3
v 0.9 0.8 -3
v 1 0.8 -3
v 1.1 0.8 -3
v 1.4 0.8 -3
v 1.5 0.8 -3
v 1.7 0.8 -3
v 1.8 0.8 -3
v 1.9 0.8 -3
v 2 0.8 -3
v 2.5 0.8 -3
v 2.6 0.8 -3
v -1.8 0.8 -3.1
v -1.7 0.8 -3.1
v 0.4 0.8 -3.1
v 0.5 0.8 -3.1
v 0.8 0.8 -3.1
v 0.9 0.8 -3.1
v 1 0.8 -3.1
v 1.1 0.8 -3.1
v 1.4 0.8 -3.1
v 1.5 0.8 -3.1
v 1.7 0.8 -3.1
v 1.8 0.8 -3.1
v 1.9 0.8 -3.1
v 2 0.8 -3.1
v 2.5 0.8 -3.1
v 2.6 0.8 -3.1
v -1.1 0.9 3
v 0.4 0.9 3
v -0.9 0.9 2.8
v -0.8 0.9 2.8
v 0.0999999 0.9 2.7
v 0.2 0.9 2.7
v -0.5 0.9 2.6
v -0.4 0.9 2.6
v -0.9 0.9 2.4
v -0.8 0.9 2.4
v 0.0999999 0.9 2.3
v 0.2 0.9 2.3
v -0.5 0.9 2.2
v -0.4 0.9 2.2
v -0.0999999 0.9 2.2
v 0 0.9 2.2
v -0.4 0.9 1.9
v -0.3 0.9 1.9
v -0.8 0.9 1.8
v -0.7 0.9 1.8
v -0.6 0.9 1.8
v -0.5 0.9 1.8
v -0.8 0.9 1.7
v -0.7 0.9 1.7
v -0.4 0.9 1.7
v -0.3 0.9 1.7
v -0.0999999 0.9 1.7
v 0 0.9 1.7
v 0.0999999 0.9 1.4
v 0.2 0.9 1.4
v -0.6 0.9 1.2
v -0.5 0.9 1.2
v -0.3 0.9 0.9
v -0.2 0.9 0.9
v 0.0999999 0.9 0.9
v 0.2 0.9 0.9
v -0.8 0.9 0.6
v -0.7 0.9 0.6
v -0.3 0.9 0.5
v -0.2 0.9 0.5
v 0 0.9 0.3
v 0.0999999 0.9 0.3
v -0.8 0.9 -0.0999999
v -0.7 0.9 -0.0999999
v 0 0.9 -0.2
v 0.0999999 0.9 -0.2
v -0.4 0.9 -0.3
v -0.3 0.9 -0.3
v -0.9 0.9 -0.7
v -0.8 0.9 -0.7
v 0.0999999 0.9 -0.7
v 0.2 0.9 -0.7
v -0.4 0.9 -0.9
v -0.3 0.9 -0.9
v -0.9 0.9 -1.2
v -0.8 0.9 -1.2
v 0.0999999 0.9 -1.2
v 0.2 0.9 -1.2
v -0.6 0.9 -1.4
v -0.5 0.9 -1.4
v -0.0999999 0.9 -1.4
v 0 0.9 -1.4
v -0.0999999 0.9 -1.8
v 0 0.9 -1.8
v -0.9 0.9 -1.9
v -0.8 0.9 -1.9
v -0.6 0.9 -1.9
v -0.5 0.9 -1.9
v 0.2 0.9 -1.9
v 0.3 0.9 -1.9
v -0.3 0.9 -2
v -0.2 0.9 -2
v 0.2 0.9 -2
v 0.3 0.9 -2
v -0.3 0.9 -2.3
v -0.2 0.9 -2.3
v -0.9 0.9 -2.4
v -0.8 0.9 -2.4
v -0.8 0.9 -2.5
v -0.7 0.9 -2.5
v -0.4 0.9 -2.7
v -0.3 0.9 -2.7
v 0.0999999 0.9 -2.7
v 0.2 0.9 -2.7
v -0.8 0.9 -2.9
v -0.7 0.9 -2.9
v -0.4 0.9 -2.9
v -0.3 0.9 -2.9
v -1.1 0.9 -3
v 0.0999999 0.9 -3
v 0.2 0.9 -3
v 0.4 0.9 -3
v -3 1 3.1
v -1.1 1 3.1
v 0.4 1 3.1
v 3 1 3.1
v -3.1 1 3
v -3 1 3
v -1.8 1 3
v -1.6 1 3
v 3 1 3
v 3.1 1 3
v -3 1 2.8
v -2 1 2.8
v -1.8 1 2.8
v -1.6 1 2.8
v 1.9 1 2.8
v 3 1 2.8
v 3.1 1 2.8
v -3.1 1 2.7
v -3 1 2.7
v 1 1 2.7
v 1.1 1 2.7
v 1.2 1 2.7
v 1.3 1 2.7
v 1.5 1 2.7
v 1.6 1 2.7
v 0.9 1 2.6
v 1 1 2.6
v 1.1 1 2.6
v 1.2 1 2.6
v 1.3 1 2.6
v 1.5 1 2.6
v 1.6 1 2.6
v 1.9 1 2.6
v -1.8 1 2.5
v -1.7 1 2.5
v -1.6 1 2.5
v -1.5 1 2.5
v -2 1 2.4
v -1.8 1 2.4
v -1.7 1 2.4
v -1.6 1 2.4
v -1.5 1 2.4
v -1.4 1 2.4
v 0.8 1 2.4
v 0.9 1 2.4
v -1.4 1 2.3
v -1.3 1 2.3
v 0.8 1 2.3
v 0.9 1 2.3
v -1.4 1 2.2
v -1.3 1 2.2
v 0.8 1 2.2
v 0.9 1 2.2
v -1.4 1 2.1
v -1.3 1 2.1
v 0.8 1 2.1
v 0.9 1 2.1
v -1.4 1 2
v -1.3 1 2
v -1.4 1 1.9
v -1.3 1 1.9
v 0.8 1 1.9
v 0.9 1 1.9
v -1.4 1 1.8
v -1.3 1 1.8
v 0.8 1 1.8
v 0.9 1 1.8
v 1 1 1.8
v 0.9 1 1.7
v 1 1 1.7
v -1.4 1 1.6
v -1.3 1 1.6
v 0.9 1 1.6
v 1 1 1.6
v -1.4 1 1.5
v -1.3 1 1.5
v 0.9 1 1.4
v 1 1 1.4
v -1.4 1 1.3
v -1.3 1 1.3
v 0.9 1 1.3
v 1 1 1.3
v -1.4 1 1.2
v -1.3 1 1.2
v -1.4 1 1.1
v -1.3 1 1.1
v 0.9 1 1.1
v 1 1 1.1
v -1.4 1 1
v -1.3 1 1
v 0.9 1 1
v 1 1 1
v -1.5 1 0.9
v -1.4 1 0.9
v -1.5 1 0.8
v -1.4 1 0.8
v 0.9 1 0.8
v 1 1 0.8
v -1.5 1 0.7
v -1.4 1 0.7
v 0.9 1 0.7
v 1 1 0.7
v -1.5 1 0.5
v -1.4 1 0.5
v 0.9 1 0.5
v 1 1 0.5
v -1.5 1 0.4
v -1.4 1 0.4
v 0.9 1 0.4
v 1 1 0.4
v -1.5 1 0.2
v -1.4 1 0.2
v -1.5 1 0.0999999
v -1.4 1 0.0999999
v 0.9 1 -0.0999999
v 1 1 -0.0999999
v -1.5 1 -0.2
v -1.4 1 -0.2
v 0.9 1 -0.2
v 1 1 -0.2
v -1.5 1 -0.3
v -1.4 1 -0.3
v -1.5 1 -0.5
v -1.4 1 -0.5
v -1.5 1 -0.6
v -1.4 1 -0.6
v 0.9 1 -0.6
v 1 1 -0.6
v 0.9 1 -0.7
v 1 1 -0.7
v -1.5 1 -0.8
v -1.4 1 -0.8
v 0.9 1 -0.8
v 1 1 -0.8
v -1.5 1 -0.9
v -1.4 1 -0.9
v 0.9 1 -0.9
v 1 1 -0.9
v 0.9 1 -1.1
v 1 1 -1.1
v -1.5 1 -1.2
v -1.4 1 -1.2
v 0.8 1 -1.2
v 0.9 1 -1.2
v -1.5 1 -1.3
v -1.4 1 -1.3
v 0.8 1 -1.3
v 0.9 1 -1.3
v -1.5 1 -1.5
v -1.4 1 -1.5
v 0.8 1 -1.5
v 0.9 1 -1.5
v -1.5 1 -1.6
v -1.4 1 -1.6
v 0.8 1 -1.6
v 0.9 1 -1.6
v -1.5 1 -1.7
v -1.4 1 -1.7
v -1.4 1 -1.8
v -1.3 1 -1.8
v 0.8 1 -1.8
v 0.9 1 -1.8
v -1.4 1 -1.9
v -1.3 1 -1.9
v 0.8 1 -1.9
v 0.9 1 -1.9
v -1.4 1 -2.1
v -1.3 1 -2.1
v 0.8 1 -2.1
v 0.9 1 -2.1
v -1.4 1 -2.2
v -1.3 1 -2.2
v 0.8 1 -2.2
v 0.9 1 -2.2
v 0.9 1 -2.3
v 1.1 1 -2.3
v 1.2 1 -2.3
v 1.5 1 -2.3
v -2 1 -2.4
v -1.9 1 -2.4
v -1.8 1 -2.4
v -1.5 1 -2.4
v -1.4 1 -2.4
v 1.1 1 -2.4
v 1.2 1 -2.4
v 1.5 1 -2.4
v 1.6 1 -2.4
v -1.9 1 -2.5
v -1.8 1 -2.5
v -1.5 1 -2.5
v -1.4 1 -2.5
v 1.6 1 -2.5
v 3 1 -2.5
v 3.1 1 -2.5
v -1.6 1 -2.6
v -1.5 1 -2.6
v -1.7 1 -2.7
v -1.6 1 -2.7
v -1.5 1 -2.7
v -1.4 1 -2.7
v -1.7 1 -2.8
v -1.6 1 -2.8
v -1.5 1 -2.8
v -1.4 1 -2.8
v 1 1 -2.8
v 1.1 1 -2.8
v -1.6 1 -2.9
v -1.5 1 -2.9
v 0.9 1 -2.9
v 1 1 -2.9
v 1.1 1 -2.9
v 1.2 1 -2.9
v -2 1 -3
v 0.9 1 -3
v 1 1 -3
v 1.1 1 -3
v 1.2 1 -3
v 3 1 -3
v 3.1 1 -3
v -2 1 -3.1
v -1.1 1 -3.1
v 0.4 1 -3.1
v 1 1 -3.1
v 1.1 1 -3.1
v 3 1 -3.1
v 1 1.1 2.7
v 1.1 1.1 2.7
v 1 1.1 2.6
v 1.1 1.1 2.6
v -1.8 1.1 2.5
v -1.7 1.1 2.5
v -1.6 1.1 2.5
v -1.5 1.1 2.5
v -1.8 1.1 2.4
v -1.7 1.1 2.4
v -1.6 1.1 2.4
v -1.5 1.1 2.4
v 0.8 1.1 2.4
v 0.9 1.1 2.4
v -1.4 1.1 2.3
v -1.3 1.1 2.3
v 0.8 1.1 2.3
v 0.9 1.1 2.3
v -1.4 1.1 2.2
v -1.3 1.1 2.2
v -1.4 1.1 2.1
v -1.3 1.1 2.1
v -1.4 1.1 2
v -1.3 1.1 2
v -1.4 1.1 1.9
v -1.3 1.1 1.9
v 0.8 1.1 1.9
v 0.9 1.1 1.9
v -1.4 1.1 1.8
v -1.3 1.1 1.8
v 0.8 1.1 1.8
v 0.9 1.1 1.8
v -1.4 1.1 1.6
v -1.3 1.1 1.6
v -1.4 1.1 1.5
v -1.3 1.1 1.5
v 0.9 1.1 1.4
v 1 1.1 1.4
v 0.9 1.1 1.3
v 1 1.1 1.3
v -1.4 1.1 1.1
v -1.3 1.1 1.1
v 0.9 1.1 1.1
v 1 1.1 1.1
v -1.4 1.1 1
v -1.3 1.1 1
v 0.9 1.1 1
v 1 1.1 1
v -1.5 1.1 0.8
v -1.4 1.1 0.8
v 0.9 1.1 0.8
v 1 1.1 0.8
v -1.5 1.1 0.7
v -1.4 1.1 0.7
v 0.9 1.1 0.7
v 1 1.1 0.7
v -1.5 1.1 0.5
v -1.4 1.1 0.5
v -1.5 1.1 0.4
v -1.4 1.1 0.4
v 0.9 1.1 -0.0999999
v 1 1.1 -0.0999999
v -1.5 1.1 -0.2
v -1.4 1.1 -0.2
v 0.9 1.1 -0.2
v 1 1.1 -0.2
v -1.5 1.1 -0.3
v -1.4 1.1 -0.3
v -1.5 1.1 -0.5
v -1.4 1.1 -0.5
v -1.5 1.1 -0.6
v -1.4 1.1 -0.6
v 0.9 1.1 -0.6
v 1 1.1 -0.6
v 0.9 1.1 -0.7
v 1 1.1 -0.7
v -1.5 1.1 -0.8
v -1.4 1.1 -0.8
v 0.9 1.1 -0.8
v 1 1.1 -0.8
v -1.5 1.1 -0.9
v -1.4 1.1 -0.9
v 0.9 1.1 -0.9
v 1 1.1 -0.9
v -1.5 1.1 -1.2
v -1.4 1.1 -1.2
v -1.5 1.1 -1.3
v -1.4 1.1 -1.3
v -1.5 1.1 -1.5
v -1.4 1.1 -1.5
v -1.5 1.1 -1.6
v -1.4 1.1 -1.6
v 0.8 1.1 -1.8
v 0.9 1.1 -1.8
v 0.8 1.1 -1.9
v 0.9 1.1 -1.9
v -1.4 1.1 -2.1
v -1.3 1.1 -2.1
v -1.4 1.1 -2.2
v -1.3 1.1 -2.2
v 1.1 1.1 -2.3
v 1.2 1.1 -2.3
v 1.5 1.1 -2.3
v 1.6 1.1 -2.3
v -1.9 1.1 -2.4
v -1.8 1.1 -2.4
v -1.5 1.1 -2.4
v -1.4 1.1 -2.4
v 1.1 1.1 -2.4
v 1.2 1.1 -2.4
v 1.5 1.1 -2.4
v 1.6 1.1 -2.4
v -1.9 1.1 -2.5
v -1.8 1.1 -2.5
v -1.5 1.1 -2.5
v -1.4 1.1 -2.5
v -1.6 1.1 -2.6
v -1.5 1.1 -2.6
v -1.7 1.1 -2.7
v -1.6 1.1 -2.7
v -1.5 1.1 -2.7
v -1.4 1.1 -2.7
v -1.7 1.1 -2.8
v -1.6 1.1 -2.8
v -1.5 1.1 -2.8
v -1.4 1.1 -2.8
v 1 1.1 -2.8
v 1.1 1.1 -2.8
v -1.6 1.1 -2.9
v -1.5 1.1 -2.9
v 0.9 1.1 -2.9
v 1 1.1 -2.9
v 1.1 1.1 -2.9
v 1.2 1.1 -2.9
v 0.9 1.1 -3
v 1 1.1 -3
v 1.1 1.1 -3
v 1.2 1.1 -3
v 1 1.1 -3.1
v 1.1 1.1 -3.1
v 0.9 1.3 2.7
v 1.6 1.3 2.7
v 0.8 1.3 2.6
v 0.9 1.3 2.6
v 1.6 1.3 2.6
v -2 1.3 2.5
v -1.4 1.3 2.5
v 1.5 1.3 2.5
v 1.6 1.3 2.5
v -2 1.3 2.4
v -1.9 1.3 2.4
v -1.4 1.3 2.4
v -1.3 1.3 2.4
v 1.5 1.3 2.4
v 1.6 1.3 2.4
v -2 1.3 2.3
v -1.9 1.3 2.3
v 1.5 1.3 2.3
v 1.6 1.3 2.3
v 1.5 1.3 2.2
v 1.6 1.3 2.2
v -2 1.3 2.1
v -1.9 1.3 2.1
v 1.5 1.3 2
v 1.6 1.3 2
v -2 1.3 1.9
v -1.9 1.3 1.9
v 1.5 1.3 1.9
v 1.6 1.3 1.9
v -1.6 1.3 1.8
v -1.5 1.3 1.8
v 0.8 1.3 1.8
v 0.9 1.3 1.8
v -1.7 1.3 1.7
v -1.6 1.3 1.7
v -1.5 1.3 1.7
v -1.4 1.3 1.7
v 1.5 1.3 1.7
v 1.6 1.3 1.7
v -2 1.3 1.6
v -1.9 1.3 1.6
v -1.7 1.3 1.6
v -1.6 1.3 1.6
v -1.5 1.3 1.6
v -1.4 1.3 1.6
v 1.5 1.3 1.6
v 1.6 1.3 1.6
v -2 1.3 1.5
v -1.9 1.3 1.5
v -1.6 1.3 1.5
v -1.5 1.3 1.5
v 1.5 1.3 1.4
v 1.6 1.3 1.4
v 1.5 1.3 1.3
v 1.6 1.3 1.3
v -2 1.3 1.2
v -1.9 1.3 1.2
v -2 1.3 1.1
v -1.9 1.3 1.1
v 1.5 1.3 1.1
v 1.6 1.3 1.1
v 1.5 1.3 1
v 1.6 1.3 1
v -2 1.3 0.9
v -1.9 1.3 0.9
v -1.4 1.3 0.9
v -1.3 1.3 0.9
v 1.5 1.3 0.9
v 1.6 1.3 0.9
v -2 1.3 0.8
v -1.9 1.3 0.8
v 1.5 1.3 0.8
v 1.6 1.3 0.8
v -2 1.3 0.7
v -1.9 1.3 0.7
v -2 1.3 0.6
v -1.9 1.3 0.6
v 1.5 1.3 0.5
v 1.6 1.3 0.5
v 1.5 1.3 0.4
v 1.6 1.3 0.4
v -2 1.3 0.3
v -1.9 1.3 0.3
v 1.5 1.3 0.3
v 1.6 1.3 0.3
v -2 1.3 0.2
v -1.9 1.3 0.2
v 1 1.3 0.2
v 1.2 1.3 0.2
v 1.5 1.3 0.2
v 1.6 1.3 0.2
v -2 1.3 0.0999999
v -1.9 1.3 0.0999999
v -2 1.3 0
v -1.9 1.3 0
v 1 1.3 0
v 1.2 1.3 0
v 1.5 1.3 0
v 1.6 1.3 0
v 1.5 1.3 -0.2
v 1.6 1.3 -0.2
v -2 1.3 -0.3
v -1.9 1.3 -0.3
v -2 1.3 -0.4
v -1.9 1.3 -0.4
v -2 1.3 -0.6
v -1.9 1.3 -0.6
v 1.5 1.3 -0.6
v 1.6 1.3 -0.6
v -2 1.3 -0.7
v -1.9 1.3 -0.7
v 1.5 1.3 -0.7
v 1.6 1.3 -0.7
v -2 1.3 -0.8
v -1.9 1.3 -0.8
v -2 1.3 -0.9
v -1.9 1.3 -0.9
v 1.5 1.3 -0.9
v 1.6 1.3 -0.9
v 1.5 1.3 -1
v 1.6 1.3 -1
v -2 1.3 -1.1
v -1.9 1.3 -1.1
v 1.5 1.3 -1.1
v 1.6 1.3 -1.1
v -2 1.3 -1.2
v -1.9 1.3 -1.2
v 0.8 1.3 -1.2
v 0.9 1.3 -1.2
v 1.5 1.3 -1.2
v 1.6 1.3 -1.2
v -2 1.3 -1.3
v -1.9 1.3 -1.3
v -2 1.3 -1.4
v -1.9 1.3 -1.4
v 1.5 1.3 -1.5
v 1.6 1.3 -1.5
v 1.5 1.3 -1.6
v 1.6 1.3 -1.6
v -2 1.3 -1.7
v -1.9 1.3 -1.7
v -1.4 1.3 -1.7
v -1.3 1.3 -1.7
v 1.5 1.3 -1.7
v 1.6 1.3 -1.7
v -2 1.3 -1.8
v -1.9 1.3 -1.8
v 1.5 1.3 -1.8
v 1.6 1.3 -1.8
v -1.7 1.3 -1.9
v -1.6 1.3 -1.9
v 1 1.3 -1.9
v 1.2 1.3 -1.9
v -1.8 1.3 -2
v -1.7 1.3 -2
v -1.6 1.3 -2
v -1.5 1.3 -2
v 1.5 1.3 -2
v 1.6 1.3 -2
v -2 1.3 -2.1
v -1.9 1.3 -2.1
v -1.8 1.3 -2.1
v -1.7 1.3 -2.1
v -1.6 1.3 -2.1
v -1.5 1.3 -2.1
v 1 1.3 -2.1
v 1.2 1.3 -2.1
v 1.5 1.3 -2.1
v 1.6 1.3 -2.1
v -2 1.3 -2.2
v -1.9 1.3 -2.2
v -1.7 1.3 -2.2
v -1.6 1.3 -2.2
v 1.5 1.3 -2.2
v 1.6 1.3 -2.2
v 0.8 1.3 -2.3
v 0.9 1.3 -2.3
v 1.5 1.3 -2.3
v 1.6 1.3 -2.3
v -2 1.3 -2.4
v -1.9 1.3 -2.4
v -1.4 1.3 -2.4
v -1.3 1.3 -2.4
v -1.9 1.3 -2.5
v -1.4 1.3 -2.5
v 0.9 1.3 -2.5
v 1.6 1.3 -2.5
v -2.7 1.4 2.9
v -2.6 1.4 2.9
v -2.2 1.4 2.9
v -2.1 1.4 2.9
v 1.9 1.4 2.9
v 2 1.4 2.9
v 2.3 1.4 2.9
v 2.4 1.4 2.9
v 2.5 1.4 2.9
v 2.6 1.4 2.9
v -2.7 1.4 2.8
v -2.6 1.4 2.8
v -2.2 1.4 2.8
v -2.1 1.4 2.8
v -2 1.4 2.8
v -1.9 1.4 2.8
v 1.9 1.4 2.8
v 2 1.4 2.8
v 2.3 1.4 2.8
v 2.4 1.4 2.8
v 2.5 1.4 2.8
v 2.6 1.4 2.8
v 3 1.4 2.8
v 3.1 1.4 2.8
v -2 1.4 2.7
v -1.9 1.4 2.7
v 1.8 1.4 2.7
v 1.9 1.4 2.7
v 3 1.4 2.7
v 3.1 1.4 2.7
v -3.1 1.4 2.6
v -3 1.4 2.6
v 1.8 1.4 2.6
v 1.9 1.4 2.6
v -3.1 1.4 2.5
v -3 1.4 2.5
v 3 1.4 2.5
v 3.1 1.4 2.5
v 3 1.4 2.4
v 3.1 1.4 2.4
v -2 1.4 2.1
v -1.9 1.4 2.1
v -3.1 1.4 2
v -3 1.4 2
v 1.5 1.4 2
v 1.6 1.4 2
v -3.1 1.4 1.9
v -3 1.4 1.9
v -2 1.4 1.9
v -1.9 1.4 1.9
v 1.5 1.4 1.9
v 1.6 1.4 1.9
v -1.6 1.4 1.8
v -1.5 1.4 1.8
v -1.7 1.4 1.7
v -1.6 1.4 1.7
v -1.5 1.4 1.7
v -1.4 1.4 1.7
v -2 1.4 1.6
v -1.9 1.4 1.6
v -1.7 1.4 1.6
v -1.6 1.4 1.6
v -1.5 1.4 1.6
v -1.4 1.4 1.6
v -2 1.4 1.5
v -1.9 1.4 1.5
v -1.6 1.4 1.5
v -1.5 1.4 1.5
v -2 1.4 1.2
v -1.9 1.4 1.2
v -2 1.4 1.1
v -1.9 1.4 1.1
v 1.5 1.4 1.1
v 1.6 1.4 1.1
v 1.5 1.4 1
v 1.6 1.4 1
v -2 1.4 0.9
v -1.9 1.4 0.9
v 1.5 1.4 0.9
v 1.6 1.4 0.9
v -2 1.4 0.8
v -1.9 1.4 0.8
v 1.5 1.4 0.8
v 1.6 1.4 0.8
v -2 1.4 0.7
v -1.9 1.4 0.7
v -2 1.4 0.6
v -1.9 1.4 0.6
v 1.5 1.4 0.5
v 1.6 1.4 0.5
v 1.5 1.4 0.4
v 1.6 1.4 0.4
v -2 1.4 0.3
v -1.9 1.4 0.3
v -2 1.4 0.2
v -1.9 1.4 0.2
v -2 1.4 0.0999999
v -1.9 1.4 0.0999999
v -2 1.4 0
v -1.9 1.4 0
v 1.5 1.4 0
v 1.6 1.4 0
v 1.5 1.4 -0.2
v 1.6 1.4 -0.2
v -2 1.4 -0.3
v -1.9 1.4 -0.3
v -2 1.4 -0.4
v -1.9 1.4 -0.4
v -2 1.4 -0.6
v -1.9 1.4 -0.6
v 1.5 1.4 -0.6
v 1.6 1.4 -0.6
v -2 1.4 -0.7
v -1.9 1.4 -0.7
v 1.5 1.4 -0.7
v 1.6 1.4 -0.7
v 1.5 1.4 -0.9
v 1.6 1.4 -0.9
v 1.5 1.4 -1
v 1.6 1.4 -1
v -2 1.4 -1.1
v -1.9 1.4 -1.1
v 1.5 1.4 -1.1
v 1.6 1.4 -1.1
v -2 1.4 -1.2
v -1.9 1.4 -1.2
v 1.5 1.4 -1.2
v 1.6 1.4 -1.2
v -2 1.4 -1.3
v -1.9 1.4 -1.3
v -2 1.4 -1.4
v -1.9 1.4 -1.4
v 1.5 1.4 -1.5
v 1.6 1.4 -1.5
v 1.5 1.4 -1.6
v 1.6 1.4 -1.6
v -2 1.4 -1.7
v -1.9 1.4 -1.7
v -2 1.4 -1.8
v -1.9 1.4 -1.8
v -1.7 1.4 -1.9
v -1.6 1.4 -1.9
v 3 1.4 -1.9
v 3.1 1.4 -1.9
v -1.8 1.4 -2
v -1.7 1.4 -2
v -1.6 1.4 -2
v -1.5 1.4 -2
v 3 1.4 -2
v 3.1 1.4 -2
v -2 1.4 -2.1
v -1.9 1.4 -2.1
v -1.8 1.4 -2.1
v -1.7 1.4 -2.1
v -1.6 1.4 -2.1
v -1.5 1.4 -2.1
v 3 1.4 -2.1
v 3.1 1.4 -2.1
v -2 1.4 -2.2
v -1.9 1.4 -2.2
v -1.7 1.4 -2.2
v -1.6 1.4 -2.2
v 1.5 1.4 -2.2
v 1.6 1.4 -2.2
v 3 1.4 -2.2
v 3.1 1.4 -2.2
v -3.1 1.4 -2.3
v -3 1.4 -2.3
v 1.5 1.4 -2.3
v 1.6 1.4 -2.3
v -3.1 1.4 -2.4
v -3 1.4 -2.4
v -2 1.4 -2.4
v -1.9 1.4 -2.4
v -2 1.4 -2.5
v -1.9 1.4 -2.5
v 1.9 1.4 -2.5
v 2 1.4 -2.5
v 2.2 1.4 -2.5
v 2.3 1.4 -2.5
v 2.4 1.4 -2.5
v 2.5 1.4 -2.5
v -2 1.4 -2.6
v -1.9 1.4 -2.6
v 1.9 1.4 -2.6
v 2 1.4 -2.6
v 2.2 1.4 -2.6
v 2.3 1.4 -2.6
v 2.4 1.4 -2.6
v 2.5 1.4 -2.6
v -2 1.4 -2.7
v -1.9 1.4 -2.7
v -3.1 1.4 -2.8
v -3 1.4 -2.8
v -3.1 1.4 -2.9
v -3 1.4 -2.9
v -2.8 1.4 -3
v -2.7 1.4 -3
v -2.5 1.4 -3
v -2.4 1.4 -3
v -2.2 1.4 -3
v -2.1 1.4 -3
v -2.8 1.4 -3.1
v -2.7 1.4 -3.1
v -2.5 1.4 -3.1
v -2.4 1.4 -3.1
v -2.2 1.4 -3.1
v -2.1 1.4 -3.1
v -3 1.6 2.9
v -2 1.6 2.9
v 1.9 1.6 2.9
v 3 1.6 2.9
v -3.1 1.6 2.8
v -3 1.6 2.8
v -2 1.6 2.8
v -1.9 1.6 2.8
v 1.8 1.6 2.8
v 1.9 1.6 2.8
v 3 1.6 2.8
v 3.1 1.6 2.8
v -2.3 1.6 2.7
v -2.2 1.6 2.7
v -1.9 1.6 2.7
v 1.6 1.6 2.7
v 1.8 1.6 2.7
v -2.4 1.6 2.6
v -2.3 1.6 2.6
v -2.2 1.6 2.6
v -2.1 1.6 2.6
v 1.5 1.6 2.6
v 1.6 1.6 2.6
v -2.4 1.6 2.5
v -2.3 1.6 2.5
v -2.2 1.6 2.5
v -2.1 1.6 2.5
v -2.3 1.6 2.4
v -2.2 1.6 2.4
v 2.1 1.6 2.1
v 2.2 1.6 2.1
v 2.5 1.6 2.1
v 2.6 1.6 2.1
v 2.8 1.6 2.1
v 2.9 1.6 2.1
v 2 1.6 2
v 2.1 1.6 2
v 2.2 1.6 2
v 2.5 1.6 2
v 2.6 1.6 2
v 2.8 1.6 2
v 2.9 1.6 2
v 3 1.6 2
v 3.1 1.6 2
v -3 1.6 1.9
v -2.9 1.6 1.9
v -2.7 1.6 1.9
v -2.5 1.6 1.9
v 1.9 1.6 1.9
v 2 1.6 1.9
v -3.1 1.6 1.8
v -3 1.6 1.8
v -2.9 1.6 1.8
v -2.7 1.6 1.8
v -2.5 1.6 1.8
v -2.4 1.6 1.8
v -2.3 1.6 1.8
v 1.9 1.6 1.8
v 2 1.6 1.8
v -2.4 1.6 1.7
v -2.3 1.6 1.7
v 1.9 1.6 1.6
v 2 1.6 1.6
v -2.4 1.6 1.5
v -2.3 1.6 1.5
v 1.9 1.6 1.5
v 2 1.6 1.5
v -2.4 1.6 1.3
v -2.3 1.6 1.3
v -2.4 1.6 1.2
v -2.3 1.6 1.2
v 1.9 1.6 1.2
v 2 1.6 1.2
v -2.4 1.6 1.1
v -2.3 1.6 1.1
v 1.9 1.6 1.1
v 2 1.6 1.1
v 1.9 1.6 1
v 2 1.6 1
v -2.4 1.6 0.9
v -2.3 1.6 0.9
v 1.9 1.6 0.9
v 2 1.6 0.9
v -2.4 1.6 0.8
v -2.3 1.6 0.8
v 1.9 1.6 0.7
v 2 1.6 0.7
v -2.4 1.6 0.6
v -2.3 1.6 0.6
v 1.9 1.6 0.6
v 2 1.6 0.6
v -2.4 1.6 0.5
v -2.3 1.6 0.5
v -2.4 1.6 0.4
v -2.3 1.6 0.4
v 1.9 1.6 0.4
v 2 1.6 0.4
v -2.4 1.6 0.3
v -2.3 1.6 0.3
v 1.9 1.6 0.3
v 2 1.6 0.3
v -2.4 1.6 0.0999999
v -2.3 1.6 0.0999999
v -2.4 1.6 0
v -2.3 1.6 0
v 1.9 1.6 -0.0999999
v 2 1.6 -0.0999999
v 1.9 1.6 -0.2
v 2 1.6 -0.2
v -2.4 1.6 -0.3
v -2.3 1.6 -0.3
v -2.4 1.6 -0.4
v -2.3 1.6 -0.4
v 1.9 1.6 -0.4
v 2 1.6 -0.4
v -2.4 1.6 -0.5
v -2.3 1.6 -0.5
v 1.9 1.6 -0.5
v 2 1.6 -0.5
v -2.4 1.6 -0.6
v -2.3 1.6 -0.6
v 1.9 1.6 -0.8
v 2 1.6 -0.8
v -2.4 1.6 -0.9
v -2.3 1.6 -0.9
v 1.9 1.6 -0.9
v 2 1.6 -0.9
v -2.4 1.6 -1
v -2.3 1.6 -1
v -2.4 1.6 -1.2
v -2.3 1.6 -1.2
v 1.9 1.6 -1.2
v 2 1.6 -1.2
v -2.4 1.6 -1.3
v -2.3 1.6 -1.3
v 1.9 1.6 -1.3
v 2 1.6 -1.3
v 2 1.6 -1.4
v 2.1 1.6 -1.4
v 2.2 1.6 -1.4
v 2.4 1.6 -1.4
v 2.5 1.6 -1.4
v 2.6 1.6 -1.4
v 2.7 1.6 -1.4
v 2.9 1.6 -1.4
v -2.4 1.6 -1.5
v -2.3 1.6 -1.5
v 2.1 1.6 -1.5
v 2.2 1.6 -1.5
v 2.4 1.6 -1.5
v 2.5 1.6 -1.5
v 2.6 1.6 -1.5
v 2.7 1.6 -1.5
v 2.9 1.6 -1.5
v 3 1.6 -1.5
v 3.1 1.6 -1.5
v -2.4 1.6 -1.6
v -2.3 1.6 -1.6
v -2.4 1.6 -1.8
v -2.3 1.6 -1.8
v -2.4 1.6 -1.9
v -2.3 1.6 -1.9
v -2.4 1.6 -2
v -2.3 1.6 -2
v 2.2 1.6 -2
v 2.3 1.6 -2
v -2.4 1.6 -2.1
v -2.3 1.6 -2.1
v 2.1 1.6 -2.1
v 2.2 1.6 -2.1
v 2.3 1.6 -2.1
v 2.4 1.6 -2.1
v -3.1 1.6 -2.2
v -3 1.6 -2.2
v -2.9 1.6 -2.2
v -2.8 1.6 -2.2
v -2.6 1.6 -2.2
v -2.5 1.6 -2.2
v -2.4 1.6 -2.2
v 2.1 1.6 -2.2
v 2.2 1.6 -2.2
v 2.3 1.6 -2.2
v 2.4 1.6 -2.2
v -2.9 1.6 -2.3
v -2.8 1.6 -2.3
v -2.6 1.6 -2.3
v -2.5 1.6 -2.3
v 2.2 1.6 -2.3
v 2.3 1.6 -2.3
v 1.5 1.6 -2.5
v 1.6 1.6 -2.5
v 3 1.6 -2.5
v 3.1 1.6 -2.5
v -3 1.6 -2.6
v -2.9 1.6 -2.6
v 1.6 1.6 -2.6
v 3 1.6 -2.6
v -3.1 1.6 -2.7
v -3 1.6 -2.7
v -2.9 1.6 -2.7
v -2.8 1.6 -2.7
v -3.1 1.6 -2.8
v -3 1.6 -2.8
v -2.9 1.6 -2.8
v -2.8 1.6 -2.8
v -3 1.6 -2.9
v -2.9 1.6 -2.9
v -3.1 1.6 -3
v -3 1.6 -3
v -2 1.6 -3
v -1.9 1.6 -3
v -3 1.6 -3.1
v -2 1.6 -3.1
v -2.3 1.7 2.7
v -2.2 1.7 2.7
v -2.4 1.7 2.6
v -2.3 1.7 2.6
v -2.2 1.7 2.6
v -2.1 1.7 2.6
v -2.4 1.7 2.5
v -2.3 1.7 2.5
v -2.2 1.7 2.5
v -2.1 1.7 2.5
v -2.3 1.7 2.4
v -2.2 1.7 2.4
v 2.1 1.7 2.1
v 2.2 1.7 2.1
v 2.5 1.7 2.1
v 2.6 1.7 2.1
v 2.8 1.7 2.1
v 2.9 1.7 2.1
v 2.1 1.7 2
v 2.2 1.7 2
v 2.5 1.7 2
v 2.6 1.7 2
v 2.8 1.7 2
v 2.9 1.7 2
v -2.7 1.7 1.9
v -2.5 1.7 1.9
v 1.9 1.7 1.9
v 2 1.7 1.9
v 3 1.7 1.9
v 3.1 1.7 1.9
v -2.7 1.7 1.8
v -2.5 1.7 1.8
v 1.9 1.7 1.8
v 2 1.7 1.8
v 3 1.7 1.8
v 3.1 1.7 1.8
v -3.1 1.7 1.6
v -3 1.7 1.6
v 1.9 1.7 1.6
v 2 1.7 1.6
v -3.1 1.7 1.5
v -3 1.7 1.5
v -2.4 1.7 1.5
v -2.3 1.7 1.5
v 1.9 1.7 1.5
v 2 1.7 1.5
v 3 1.7 1.4
v 3.1 1.7 1.4
v -3.1 1.7 1.3
v -3 1.7 1.3
v -2.4 1.7 1.3
v -2.3 1.7 1.3
v 3 1.7 1.3
v 3.1 1.7 1.3
v -3.1 1.7 1.2
v -3 1.7 1.2
v -2.4 1.7 1.2
v -2.3 1.7 1.2
v 1.9 1.7 1.2
v 2 1.7 1.2
v 3 1.7 1.2
v 3.1 1.7 1.2
v -3.1 1.7 1.1
v -3 1.7 1.1
v -2.4 1.7 1.1
v -2.3 1.7 1.1
v 1.9 1.7 1.1
v 2 1.7 1.1
v 3 1.7 1.1
v 3.1 1.7 1.1
v -3.1 1.7 1
v -3 1.7 1
v 1.9 1.7 1
v 2 1.7 1
v 1.9 1.7 0.9
v 2 1.7 0.9
v -2.4 1.7 0.6
v -2.3 1.7 0.6
v 3 1.7 0.6
v 3.1 1.7 0.6
v -3.1 1.7 0.5
v -3 1.7 0.5
v -2.4 1.7 0.5
v -2.3 1.7 0.5
v 3 1.7 0.5
v 3.1 1.7 0.5
v -3.1 1.7 0.4
v -3 1.7 0.4
v -2.4 1.7 0.4
v -2.3 1.7 0.4
v 1.9 1.7 0.4
v 2 1.7 0.4
v -2.4 1.7 0.3
v -2.3 1.7 0.3
v 1.9 1.7 0.3
v 2 1.7 0.3
v -3.1 1.7 0.2
v -3 1.7 0.2
v -3.1 1.7 0.0999999
v -3 1.7 0.0999999
v -2.4 1.7 0.0999999
v -2.3 1.7 0.0999999
v -3.1 1.7 0
v -3 1.7 0
v -2.4 1.7 0
v -2.3 1.7 0
v -3.1 1.7 -0.0999999
v -3 1.7 -0.0999999
v 1.9 1.7 -0.0999999
v 2 1.7 -0.0999999
v 1.9 1.7 -0.2
v 2 1.7 -0.2
v 3 1.7 -0.2
v 3.1 1.7 -0.2
v 3 1.7 -0.3
v 3.1 1.7 -0.3
v 1.9 1.7 -0.4
v 2 1.7 -0.4
v 3 1.7 -0.4
v 3.1 1.7 -0.4
v -2.4 1.7 -0.5
v -2.3 1.7 -0.5
v 1.9 1.7 -0.5
v 2 1.7 -0.5
v 3 1.7 -0.5
v 3.1 1.7 -0.5
v -3.1 1.7 -0.6
v -3 1.7 -0.6
v -2.4 1.7 -0.6
v -2.3 1.7 -0.6
v -3.1 1.7 -0.7
v -3 1.7 -0.7
v 1.9 1.7 -0.8
v 2 1.7 -0.8
v -3.1 1.7 -0.9
v -3 1.7 -0.9
v -2.4 1.7 -0.9
v -2.3 1.7 -0.9
v 1.9 1.7 -0.9
v 2 1.7 -0.9
v -3.1 1.7 -1
v -3 1.7 -1
v -2.4 1.7 -1
v -2.3 1.7 -1
v -2.4 1.7 -1.2
v -2.3 1.7 -1.2
v 1.9 1.7 -1.2
v 2 1.7 -1.2
v -3.1 1.7 -1.3
v -3 1.7 -1.3
v -2.4 1.7 -1.3
v -2.3 1.7 -1.3
v 1.9 1.7 -1.3
v 2 1.7 -1.3
v -3.1 1.7 -1.4
v -3 1.7 -1.4
v 2.1 1.7 -1.4
v 2.2 1.7 -1.4
v 2.4 1.7 -1.4
v 2.5 1.7 -1.4
v 2.6 1.7 -1.4
v 2.7 1.7 -1.4
v -2.4 1.7 -1.5
v -2.3 1.7 -1.5
v 2.1 1.7 -1.5
v 2.2 1.7 -1.5
v 2.4 1.7 -1.5
v 2.5 1.7 -1.5
v 2.6 1.7 -1.5
v 2.7 1.7 -1.5
v -3.1 1.7 -1.6
v -3 1.7 -1.6
v -2.4 1.7 -1.6
v -2.3 1.7 -1.6
v -3.1 1.7 -1.7
v -3 1.7 -1.7
v -2.4 1.7 -2
v -2.3 1.7 -2
v 2.2 1.7 -2
v 2.3 1.7 -2
v -2.4 1.7 -2.1
v -2.3 1.7 -2.1
v 2.1 1.7 -2.1
v 2.2 1.7 -2.1
v 2.3 1.7 -2.1
v 2.4 1.7 -2.1
v -2.9 1.7 -2.2
v -2.8 1.7 -2.2
v -2.6 1.7 -2.2
v -2.5 1.7 -2.2
v 2.1 1.7 -2.2
v 2.2 1.7 -2.2
v 2.3 1.7 -2.2
v 2.4 1.7 -2.2
v -2.9 1.7 -2.3
v -2.8 1.7 -2.3
v -2.6 1.7 -2.3
v -2.5 1.7 -2.3
v 2.2 1.7 -2.3
v 2.3 1.7 -2.3
v -3 1.7 -2.6
v -2.9 1.7 -2.6
v -3.1 1.7 -2.7
v -3 1.7 -2.7
v -2.9 1.7 -2.7
v -2.8 1.7 -2.7
v -3.1 1.7 -2.8
v -3 1.7 -2.8
v -2.9 1.7 -2.8
v -2.8 1.7 -2.8
v -3 1.7 -2.9
v -2.9 1.7 -2.9
v 0.9 1.8 0.3
v 1 1.8 0.3
v 1.2 1.8 0.3
v 1.3 1.8 0.3
v 0.9 1.8 0.2
v 1 1.8 0.2
v 1.2 1.8 0.2
v 1.3 1.8 0.2
v 0.9 1.8 0
v 1 1.8 0
v 1.2 1.8 0
v 1.3 1.8 0
v 0.9 1.8 -0.0999999
v 1 1.8 -0.0999999
v 1.2 1.8 -0.0999999
v 1.3 1.8 -0.0999999
v -1.9 1.9 3.1
v -1.8 1.9 3.1
v -1.6 1.9 3.1
v -1.5 1.9 3.1
v -1.9 1.9 3
v -1.8 1.9 3
v -1.6 1.9 3
v -1.5 1.9 3
v -1.9 1.9 2.8
v -1.8 1.9 2.8
v -1.6 1.9 2.8
v -1.5 1.9 2.8
v -1.9 1.9 2.7
v -1.8 1.9 2.7
v -1.6 1.9 2.7
v -1.5 1.9 2.7
v 2 1.9 2.1
v 3 1.9 2.1
v 1.9 1.9 2
v 2 1.9 2
v 3 1.9 2
v 3.1 1.9 2
v -3 1.9 1.9
v -2.4 1.9 1.9
v 2 1.9 1.9
v 2.1 1.9 1.9
v -3.1 1.9 1.8
v -3 1.9 1.8
v -2.4 1.9 1.8
v -2.3 1.9 1.8
v 2 1.9 1.8
v 2.1 1.9 1.8
v 2 1.9 1.6
v 2.1 1.9 1.6
v 2.5 1.9 1.6
v 2.6 1.9 1.6
v 2 1.9 1.5
v 2.1 1.9 1.5
v 2.4 1.9 1.5
v 2.5 1.9 1.5
v 2.6 1.9 1.5
v 2.7 1.9 1.5
v 2.4 1.9 1.4
v 2.5 1.9 1.4
v 2.6 1.9 1.4
v 2.7 1.9 1.4
v 2 1.9 1.3
v 2.1 1.9 1.3
v 2.5 1.9 1.3
v 2.6 1.9 1.3
v 2 1.9 1.2
v 2.1 1.9 1.2
v -2.8 1.9 1
v -2.7 1.9 1
v 2 1.9 1
v 2.1 1.9 1
v -2.9 1.9 0.9
v -2.8 1.9 0.9
v -2.7 1.9 0.9
v -2.6 1.9 0.9
v 2 1.9 0.9
v 2.1 1.9 0.9
v -2.9 1.9 0.8
v -2.8 1.9 0.8
v -2.7 1.9 0.8
v -2.6 1.9 0.8
v -2.8 1.9 0.7
v -2.7 1.9 0.7
v 2 1.9 0.7
v 2.1 1.9 0.7
v 2 1.9 0.6
v 2.1 1.9 0.6
v 2 1.9 0.4
v 2.1 1.9 0.4
v 1 1.9 0.3
v 1.2 1.9 0.3
v 2 1.9 0.3
v 2.1 1.9 0.3
v 2.5 1.9 0.3
v 2.7 1.9 0.3
v 0.9 1.9 0.2
v 1 1.9 0.2
v 1.2 1.9 0.2
v 1.3 1.9 0.2
v 2 1.9 0.0999999
v 2.1 1.9 0.0999999
v 2.5 1.9 0.0999999
v 2.7 1.9 0.0999999
v 0.9 1.9 0
v 1 1.9 0
v 1.2 1.9 0
v 1.3 1.9 0
v 2 1.9 0
v 2.1 1.9 0
v 1 1.9 -0.0999999
v 1.2 1.9 -0.0999999
v 2 1.9 -0.2
v 2.1 1.9 -0.2
v 2 1.9 -0.3
v 2.1 1.9 -0.3
v -2.7 1.9 -0.4
v -2.5 1.9 -0.4
v 2 1.9 -0.5
v 2.1 1.9 -0.5
v -2.7 1.9 -0.6
v -2.5 1.9 -0.6
v 2 1.9 -0.6
v 2.1 1.9 -0.6
v 2 1.9 -0.8
v 2.1 1.9 -0.8
v 2 1.9 -0.9
v 2.1 1.9 -0.9
v -2.7 1.9 -1
v -2.6 1.9 -1
v -2.8 1.9 -1.1
v -2.7 1.9 -1.1
v -2.6 1.9 -1.1
v -2.5 1.9 -1.1
v 2 1.9 -1.1
v 2.1 1.9 -1.1
v -2.8 1.9 -1.2
v -2.7 1.9 -1.2
v -2.6 1.9 -1.2
v -2.5 1.9 -1.2
v 2 1.9 -1.2
v 2.1 1.9 -1.2
v -2.7 1.9 -1.3
v -2.6 1.9 -1.3
v 1.9 1.9 -1.4
v 2 1.9 -1.4
v 2.1 1.9 -1.4
v 2.3 1.9 -1.4
v 2.4 1.9 -1.4
v 2.6 1.9 -1.4
v 2.7 1.9 -1.4
v 2.9 1.9 -1.4
v 3 1.9 -1.4
v 3.1 1.9 -1.4
v 2.1 1.9 -1.5
v 2.3 1.9 -1.5
v 2.4 1.9 -1.5
v 2.6 1.9 -1.5
v 2.7 1.9 -1.5
v 2.9 1.9 -1.5
v -3.1 1.9 -2.2
v -3 1.9 -2.2
v -2.4 1.9 -2.2
v -2.3 1.9 -2.2
v -3 1.9 -2.3
v -2.4 1.9 -2.3
v -1.8 2 3.1
v -1.6 2 3.1
v -1.9 2 3
v -1.8 2 3
v -1.6 2 3
v -1.5 2 3
v -1.9 2 2.8
v -1.8 2 2.8
v -1.6 2 2.8
v -1.5 2 2.8
v -1.8 2 2.7
v -1.6 2 2.7
v 2.5 2 1.6
v 2.6 2 1.6
v 2.4 2 1.5
v 2.5 2 1.5
v 2.6 2 1.5
v 2.7 2 1.5
v 2.4 2 1.4
v 2.5 2 1.4
v 2.6 2 1.4
v 2.7 2 1.4
v 2.5 2 1.3
v 2.6 2 1.3
v -2.8 2 1
v -2.7 2 1
v -2.9 2 0.9
v -2.8 2 0.9
v -2.7 2 0.9
v -2.6 2 0.9
v -2.9 2 0.8
v -2.8 2 0.8
v -2.7 2 0.8
v -2.6 2 0.8
v -2.8 2 0.7
v -2.7 2 0.7
v 1 2 0.2
v 1.2 2 0.2
v 1 2 0
v 1.2 2 0
v -2.7 2 -1
v -2.6 2 -1
v -2.8 2 -1.1
v -2.7 2 -1.1
v -2.6 2 -1.1
v -2.5 2 -1.1
v -2.8 2 -1.2
v -2.7 2 -1.2
v -2.6 2 -1.2
v -2.5 2 -1.2
v -2.7 2 -1.3
v -2.6 2 -1.3
v 0.9 2 -1.8
v 1 2 -1.8
v 1.2 2 -1.8
v 1.3 2 -1.8
v 0.9 2 -1.9
v 1 2 -1.9
v 1.2 2 -1.9
v 1.3 2 -1.9
v 0.9 2 -2.1
v 1 2 -2.1
v 1.2 2 -2.1
v 1.3 2 -2.1
v 0.9 2 -2.2
v 1 2 -2.2
v 1.2 2 -2.2
v 1.3 2 -2.2
v -1.8 2.1 3
v -1.6 2.1 3
v -1.8 2.1 2.8
v -1.6 2.1 2.8
v 2 2.1 1.8
v 2.1 2.1 1.8
v 2 2.1 1.6
v 2.1 2.1 1.6
v 2 2.1 1.5
v 2.1 2.1 1.5
v 2 2.1 1.3
v 2.1 2.1 1.3
v 2 2.1 1.2
v 2.1 2.1 1.2
v 2 2.1 1
v 2.1 2.1 1
v 2 2.1 0.9
v 2.1 2.1 0.9
v 2 2.1 0.7
v 2.1 2.1 0.7
v 2 2.1 0.6
v 2.1 2.1 0.6
v 2 2.1 0.4
v 2.1 2.1 0.4
v 2 2.1 0.3
v 2.1 2.1 0.3
v 2 2.1 0.0999999
v 2.1 2.1 0.0999999
v 2 2.1 0
v 2.1 2.1 0
v 2 2.1 -0.2
v 2.1 2.1 -0.2
v 2 2.1 -0.3
v 2.1 2.1 -0.3
v 2 2.1 -0.5
v 2.1 2.1 -0.5
v 2 2.1 -0.6
v 2.1 2.1 -0.6
v 2 2.1 -0.8
v 2.1 2.1 -0.8
v 2 2.1 -0.9
v 2.1 2.1 -0.9
v 2 2.1 -1.1
v 2.1 2.1 -1.1
v 2 2.1 -1.2
v 2.1 2.1 -1.2
v 2 2.1 -1.4
v 2.1 2.1 -1.4
v 2.3 2.1 -1.4
v 2.4 2.1 -1.4
v 2.6 2.1 -1.4
v 2.7 2.1 -1.4
v 2.9 2.1 -1.4
v 2.1 2.1 -1.5
v 2.3 2.1 -1.5
v 2.4 2.1 -1.5
v 2.6 2.1 -1.5
v 2.7 2.1 -1.5
v 2.9 2.1 -1.5
v 1 2.1 -1.8
v 1.2 2.1 -1.8
v 0.9 2.1 -1.9
v 1 2.1 -1.9
v 1.2 2.1 -1.9
v 1.3 2.1 -1.9
v 0.9 2.1 -2.1
v 1 2.1 -2.1
v 1.2 2.1 -2.1
v 1.3 2.1 -2.1
v 1 2.1 -2.2
v 1.2 2.1 -2.2
v 2 2.2 1.9
v 2.1 2.2 1.9
v 2 2.2 1.8
v 2.1 2.2 1.8
v 2 2.2 1.6
v 2.1 2.2 1.6
v 2 2.2 1.5
v 2.1 2.2 1.5
v 2 2.2 1.3
v 2.1 2.2 1.3
v 2 2.2 1.2
v 2.1 2.2 1.2
v 2 2.2 1
v 2.1 2.2 1
v 2 2.2 0.9
v 2.1 2.2 0.9
v 2 2.2 0.7
v 2.1 2.2 0.7
v 2 2.2 0.6
v 2.1 2.2 0.6
v 2 2.2 0.4
v 2.1 2.2 0.4
v 2 2.2 0.3
v 2.1 2.2 0.3
v 2 2.2 0.0999999
v 2.1 2.2 0.0999999
v 2 2.2 0
v 2.1 2.2 0
v 2 2.2 -0.2
v 2.1 2.2 -0.2
v 2 2.2 -0.3
v 2.1 2.2 -0.3
v 2 2.2 -0.5
v 2.1 2.2 -0.5
v 2 2.2 -0.6
v 2.1 2.2 -0.6
v 2 2.2 -0.8
v 2.1 2.2 -0.8
v 2 2.2 -0.9
v 2.1 2.2 -0.9
v 2 2.2 -1.1
v 2.1 2.2 -1.1
v 2 2.2 -1.2
v 2.1 2.2 -1.2
v 2 2.2 -1.4
v 2.1 2.2 -1.4
v 2.3 2.2 -1.4
v 2.4 2.2 -1.4
v 2.6 2.2 -1.4
v 2.7 2.2 -1.4
v 2.9 2.2 -1.4
v 3 2.2 -1.4
v 2 2.2 -1.5
v 2.1 2.2 -1.5
v 2.3 2.2 -1.5
v 2.4 2.2 -1.5
v 2.6 2.2 -1.5
v 2.7 2.2 -1.5
v 2.9 2.2 -1.5
v 3 2.2 -1.5
v 1 2.2 -1.9
v 1.2 2.2 -1.9
v 1 2.2 -2.1
v 1.2 2.2 -2.1
v -2.8 2.6 -0.3
v -2.7 2.6 -0.3
v -2.5 2.6 -0.3
v -2.4 2.6 -0.3
v -2.8 2.6 -0.4
v -2.7 2.6 -0.4
v -2.5 2.6 -0.4
v -2.4 2.6 -0.4
v -2.8 2.6 -0.6
v -2.7 2.6 -0.6
v -2.5 2.6 -0.6
v -2.4 2.6 -0.6
v -2.8 2.6 -0.7
v -2.7 2.6 -0.7
v -2.5 2.6 -0.7
v -2.4 2.6 -0.7
v -2.7 2.7 -0.3
v -2.5 2.7 -0.3
v -2.8 2.7 -0.4
v -2.7 2.7 -0.4
v -2.5 2.7 -0.4
v -2.4 2.7 -0.4
v -2.8 2.7 -0.6
v -2.7 2.7 -0.6
v -2.5 2.7 -0.6
v -2.4 2.7 -0.6
v -2.7 2.7 -0.7
v -2.5 2.7 -0.7
v -2.7 2.8 -0.4
v -2.5 2.8 -0.4
v -2.7 2.8 -0.6
v -2.5 2.8 -0.6
v 2.4 3 0.4
v 2.5 3 0.4
v 2.7 3 0.4
v 2.8 3 0.4
v 2.4 3 0.3
v 2.5 3 0.3
v 2.7 3 0.3
v 2.8 3 0.3
v 2.4 3 0.0999999
v 2.5 3 0.0999999
v 2.7 3 0.0999999
v 2.8 3 0.0999999
v 2.4 3 0
v 2.5 3 0
v 2.7 3 0
v 2.8 3 0
v 2.5 3.1 0.4
v 2.7 3.1 0.4
v 2.4 3.1 0.3
v 2.5 3.1 0.3
v 2.7 3.1 0.3
v 2.8 3.1 0.3
v 2.4 3.1 0.0999999
v 2.5 3.1 0.0999999
v 2.7 3.1 0.0999999
v 2.8 3.1 0.0999999
v 2.5 3.1 0
v 2.7 3.1 0
v 2.5 3.2 0.3
v 2.7 3.2 0.3
v 2.5 3.2 0.0999999
v 2.7 3.2 0.0999999

# faces
f 3/7/1 2/7/1 1/7/1
f 6/7/1 3/7/1 1/7/1
f 6/7/1 4/7/1 3/7/1
f 7/7/1 6/7/1 5/7/1
f 8/7/1 4/7/1 6/7/1
f 8/7/1 6/7/1 7/7/1
f 23/7/1 12/7/1 11/7/1
f 24/7/1 12/7/1 23/7/1
f 26/7/1 16/7/1 15/7/1
f 27/7/1 16/7/1 26/7/1
f 30/7/1 18/7/1 17/7/1
f 31/7/1 18/7/1 30/7/1
f 33/7/1 22/7/1 21/7/1
f 34/7/1 22/7/1 33/7/1
f 36/7/1 10/7/1 9/7/1
f 37/7/1 25/7/1 24/7/1
f 38/7/1 25/7/1 37/7/1
f 39/7/1 14/7/1 13/7/1
f 40/7/1 14/7/1 39/7/1
f 41/7/1 28/7/1 27/7/1
f 42/7/1 30/7/1 29/7/1
f 43/7/1 20/7/1 19/7/1
f 44/7/1 20/7/1 43/7/1
f 45/7/1 33/7/1 32/7/1
f 46/7/1 33/7/1 45/7/1
f 47/7/1 35/7/1 34/7/1
f 48/7/1 38/7/1 37/7/1
f 48/7/1 36/7/1 9/7/1
f 48/7/1 40/7/1 39/7/1
f 48/7/1 41/7/1 40/7/1
f 48/7/1 37/7/1 36/7/1
f 48/7/1 39/7/1 38/7/1
f 49/7/1 28/7/1 41/7/1
f 49/7/1 41/7/1 48/7/1
f 79/7/1 46/7/1 45/7/1
f 79/7/1 44/7/1 43/7/1
f 79/7/1 47/7/1 46/7/1
f 79/7/1 42/7/1 29/7/1
f 79/7/1 45/7/1 44/7/1
f 79/7/1 43/7/1 42/7/1
f 80/7/1 47/7/1 79/7/1
f 81/7/1 47/7/1 80/7/1
f 82/7/1 35/7/1 47/7/1
f 82/7/1 47/7/1 81/7/1
f 84/7/1 51/7/1 50/7/1
f 85/7/1 51/7/1 84/7/1
f 87/7/1 53/7/1 52/7/1
f 88/7/1 53/7/1 87/7/1
f 89/7/1 55/7/1 54/7/1
f 90/7/1 55/7/1 89/7/1
f 93/7/1 59/7/1 58/7/1
f 94/7/1 59/7/1 93/7/1
f 96/7/1 61/7/1 60/7/1
f 97/7/1 61/7/1 96/7/1
f 98/7/1 63/7/1 62/7/1
f 99/7/1 63/7/1 98/7/1
f 102/7/1 67/7/1 66/7/1
f 103/7/1 67/7/1 102/7/1
f 105/7/1 69/7/1 68/7/1
f 106/7/1 69/7/1 105/7/1
f 107/7/1 73/7/1 72/7/1
f 108/7/1 73/7/1 107/7/1
f 110/7/1 75/7/1 74/7/1
f 111/7/1 75/7/1 110/7/1
f 113/2/1 81/2/1 80/2/1
f 114/2/1 81/2/1 113/2/1
f 116/7/1 84/7/1 83/7/1
f 117/7/1 84/7/1 116/7/1
f 118/7/1 87/7/1 86/7/1
f 119/7/1 87/7/1 118/7/1
f 120/7/1 91/7/1 90/7/1
f 121/7/1 91/7/1 120/7/1
f 122/7/1 57/7/1 56/7/1
f 123/7/1 57/7/1 122/7/1
f 124/7/1 93/7/1 92/7/1
f 125/7/1 93/7/1 124/7/1
f 126/7/1 96/7/1 95/7/1
f 127/7/1 96/7/1 126/7/1
f 128/7/1 100/7/1 99/7/1
f 129/7/1 100/7/1 128/7/1
f 130/7/1 65/7/1 64/7/1
f 131/7/1 65/7/1 130/7/1
f 132/7/1 102/7/1 101/7/1
f 133/7/1 102/7/1 132/7/1
f 134/7/1 105/7/1 104/7/1
f 135/7/1 105/7/1 134/7/1
f 136/7/1 71/7/1 70/7/1
f 137/7/1 71/7/1 136/7/1
f 138/7/1 109/7/1 108/7/1
f 139/7/1 109/7/1 138/7/1
f 140/7/1 112/7/1 111/7/1
f 141/7/1 112/7/1 140/7/1
f 142/7/1 77/7/1 76/7/1
f 143/7/1 77/7/1 142/7/1
f 144/7/1 79/7/1 78/7/1
f 145/7/1 141/7/1 140/7/1
f 145/7/1 144/7/1 143/7/1
f 145/7/1 137/7/1 136/7/1
f 145/7/1 139/7/1 138/7/1
f 145/7/1 142/7/1 141/7/1
f 145/7/1 135/7/1 134/7/1
f 145/7/1 140/7/1 139/7/1
f 145/7/1 127/7/1 126/7/1
f 145/7/1 138/7/1 137/7/1
f 145/7/1 143/7/1 142/7/1
f 145/7/1 136/7/1 135/7/1
f 145/7/1 121/7/1 120/7/1
f 145/7/1 134/7/1 133/7/1
f 145/7/1 119/7/1 118/7/1
f 145/7/1 132/7/1 131/7/1
f 145/7/1 133/7/1 132/7/1
f 145/7/1 130/7/1 129/7/1
f 145/7/1 129/7/1 128/7/1
f 145/7/1 128/7/1 127/7/1
f 145/7/1 117/7/1 116/7/1
f 145/7/1 126/7/1 125/7/1
f 145/7/1 131/7/1 130/7/1
f 145/7/1 124/7/1 123/7/1
f 145/7/1 123/7/1 122/7/1
f 145/7/1 122/7/1 121/7/1
f 145/7/1 125/7/1 124/7/1
f 145/7/1 120/7/1 119/7/1
f 145/7/1 116/7/1 115/7/1
f 145/7/1 118/7/1 117/7/1
f 146/7/1 79/7/1 144/7/1
f 146/7/1 144/7/1 145/7/1
f 149/1/1 148/1/1 147/1/1
f 150/1/1 148/1/1 149/1/1
f 151/4/1 150/4/1 149/4/1
f 152/4/1 150/4/1 151/4/1
f 154/1/1 152/1/1 151/1/1
f 155/1/1 152/1/1 154/1/1
f 156/1/1 152/1/1 155/1/1
f 157/7/1 154/7/1 153/7/1
f 158/1/1 155/1/1 154/1/1
f 158/7/1 154/7/1 157/7/1
f 159/1/1 152/1/1 156/1/1
f 160/1/1 152/1/1 159/1/1
f 162/1/1 155/1/1 158/1/1
f 163/1/1 155/1/1 162/1/1
f 164/1/1 152/1/1 160/1/1
f 165/1/1 152/1/1 164/1/1
f 166/7/1 162/7/1 161/7/1
f 167/7/1 162/7/1 166/7/1
f 169/4/1 165/4/1 164/4/1
f 170/4/1 169/4/1 168/4/1
f 171/4/1 165/4/1 169/4/1
f 171/4/1 169/4/1 170/4/1
f 172/1/1 171/1/1 170/1/1
f 173/1/1 171/1/1 172/1/1
f 174/1/1 171/1/1 173/1/1
f 175/1/1 171/1/1 174/1/1
f 176/1/1 171/1/1 175/1/1
f 177/1/1 171/1/1 176/1/1
f 178/1/1 171/1/1 177/1/1
f 179/1/1 171/1/1 178/1/1
f 180/1/1 171/1/1 179/1/1
f 181/1/1 171/1/1 180/1/1
f 182/1/1 171/1/1 181/1/1
f 183/1/1 171/1/1 182/1/1
f 184/1/1 171/1/1 183/1/1
f 185/1/1 171/1/1 184/1/1
f 186/1/1 171/1/1 185/1/1
f 188/1/1 174/1/1 173/1/1
f 189/1/1 176/1/1 175/1/1
f 190/1/1 176/1/1 189/1/1
f 191/1/1 178/1/1 177/1/1
f 192/1/1 180/1/1 179/1/1
f 193/1/1 180/1/1 192/1/1
f 194/1/1 180/1/1 193/1/1
f 195/1/1 180/1/1 194/1/1
f 196/1/1 182/1/1 181/1/1
f 197/1/1 184/1/1 183/1/1
f 198/1/1 184/1/1 197/1/1
f 199/1/1 186/1/1 185/1/1
f 200/7/1 187/7/1 186/7/1
f 200/1/1 186/1/1 199/1/1
f 203/1/1 188/1/1 173/1/1
f 203/1/1 189/1/1 188/1/1
f 204/1/1 189/1/1 203/1/1
f 205/1/1 176/1/1 190/1/1
f 206/1/1 176/1/1 205/1/1
f 207/1/1 191/1/1 177/1/1
f 207/1/1 192/1/1 191/1/1
f 208/1/1 192/1/1 207/1/1
f 209/1/1 194/1/1 193/1/1
f 210/1/1 194/1/1 209/1/1
f 211/1/1 196/1/1 195/1/1
f 212/1/1 182/1/1 196/1/1
f 212/1/1 196/1/1 211/1/1
f 213/1/1 197/1/1 183/1/1
f 214/1/1 197/1/1 213/1/1
f 215/1/1 199/1/1 198/1/1
f 216/1/1 199/1/1 215/1/1
f 217/7/1 202/7/1 201/7/1
f 218/7/1 202/7/1 217/7/1
f 220/4/1 210/4/1 209/4/1
f 221/4/1 210/4/1 220/4/1
f 222/4/1 210/4/1 221/4/1
f 223/4/1 210/4/1 222/4/1
f 224/4/1 210/4/1 223/4/1
f 225/4/1 210/4/1 224/4/1
f 226/4/1 210/4/1 225/4/1
f 227/4/1 210/4/1 226/4/1
f 228/4/1 210/4/1 227/4/1
f 229/4/1 210/4/1 228/4/1
f 230/4/1 210/4/1 229/4/1
f 231/4/1 210/4/1 230/4/1
f 232/4/1 210/4/1 231/4/1
f 233/4/1 210/4/1 232/4/1
f 234/4/1 210/4/1 233/4/1
f 235/4/1 210/4/1 234/4/1
f 236/4/1 210/4/1 235/4/1
f 237/4/1 210/4/1 236/4/1
f 238/4/1 210/4/1 237/4/1
f 239/4/1 210/4/1 238/4/1
f 240/4/1 210/4/1 239/4/1
f 241/4/1 210/4/1 240/4/1
f 242/4/1 210/4/1 241/4/1
f 243/4/1 210/4/1 242/4/1
f 244/4/1 210/4/1 243/4/1
f 245/4/1 210/4/1 244/4/1
f 246/4/1 210/4/1 245/4/1
f 247/4/1 210/4/1 246/4/1
f 248/4/1 210/4/1 247/4/1
f 249/4/1 210/4/1 248/4/1
f 250/4/1 210/4/1 249/4/1
f 255/7/1 187/7/1 200/7/1
f 256/7/1 187/7/1 255/7/1
f 257/4/1 221/4/1 220/4/1
f 258/4/1 221/4/1 257/4/1
f 259/4/1 223/4/1 222/4/1
f 260/4/1 223/4/1 259/4/1
f 261/4/1 223/4/1 260/4/1
f 262/4/1 225/4/1 224/4/1
f 263/4/1 225/4/1 262/4/1
f 264/4/1 227/4/1 226/4/1
f 265/4/1 227/4/1 264/4/1
f 266/4/1 229/4/1 228/4/1
f 267/4/1 229/4/1 266/4/1
f 268/4/1 231/4/1 230/4/1
f 269/4/1 231/4/1 268/4/1
f 270/4/1 231/4/1 269/4/1
f 271/4/1 233/4/1 232/4/1
f 272/4/1 233/4/1 271/4/1
f 273/4/1 235/4/1 234/4/1
f 274/4/1 235/4/1 273/4/1
f 275/4/1 237/4/1 236/4/1
f 276/4/1 237/4/1 275/4/1
f 277/4/1 239/4/1 238/4/1
f 278/4/1 239/4/1 277/4/1
f 279/4/1 239/4/1 278/4/1
f 280/4/1 241/4/1 240/4/1
f 281/4/1 243/4/1 242/4/1
f 282/4/1 245/4/1 244/4/1
f 283/4/1 245/4/1 282/4/1
f 284/4/1 245/4/1 283/4/1
f 285/4/1 247/4/1 246/4/1
f 286/4/1 247/4/1 285/4/1
f 289/2/1 252/2/1 251/2/1
f 290/2/1 252/2/1 289/2/1
f 291/2/1 254/2/1 253/2/1
f 292/2/1 254/2/1 291/2/1
f 293/7/1 220/7/1 219/7/1
f 293/4/1 257/4/1 220/4/1
f 294/4/1 257/4/1 293/4/1
f 295/4/1 259/4/1 258/4/1
f 295/4/1 260/4/1 259/4/1
f 296/4/1 260/4/1 295/4/1
f 297/4/1 263/4/1 262/4/1
f 297/4/1 262/4/1 261/4/1
f 297/4/1 264/4/1 263/4/1
f 298/4/1 264/4/1 297/4/1
f 299/4/1 227/4/1 265/4/1
f 300/4/1 227/4/1 299/4/1
f 301/4/1 266/4/1 228/4/1
f 302/4/1 266/4/1 301/4/1
f 303/4/1 268/4/1 267/4/1
f 303/4/1 269/4/1 268/4/1
f 304/4/1 269/4/1 303/4/1
f 305/4/1 272/4/1 271/4/1
f 305/4/1 271/4/1 270/4/1
f 305/4/1 273/4/1 272/4/1
f 306/4/1 273/4/1 305/4/1
f 307/4/1 235/4/1 274/4/1
f 308/4/1 235/4/1 307/4/1
f 309/4/1 275/4/1 236/4/1
f 310/4/1 275/4/1 309/4/1
f 311/4/1 277/4/1 276/4/1
f 311/4/1 278/4/1 277/4/1
f 312/4/1 278/4/1 311/4/1
f 313/4/1 280/4/1 279/4/1
f 314/4/1 241/4/1 280/4/1
f 314/4/1 280/4/1 313/4/1
f 315/4/1 281/4/1 242/4/1
f 315/4/1 282/4/1 281/4/1
f 316/4/1 282/4/1 315/4/1
f 317/4/1 284/4/1 283/4/1
f 317/4/1 285/4/1 284/4/1
f 318/4/1 285/4/1 317/4/1
f 319/4/1 247/4/1 286/4/1
f 320/4/1 247/4/1 319/4/1
f 321/4/1 249/4/1 248/4/1
f 322/4/1 249/4/1 321/4/1
f 323/7/1 293/7/1 219/7/1
f 324/7/1 293/7/1 323/7/1
f 325/7/1 288/7/1 287/7/1
f 326/7/1 288/7/1 325/7/1
f 329/7/1 328/7/1 327/7/1
f 330/7/1 328/7/1 329/7/1
f 333/7/1 332/7/1 331/7/1
f 334/7/1 332/7/1 333/7/1
f 337/7/1 336/7/1 335/7/1
f 338/7/1 336/7/1 337/7/1
f 341/12/1 340/12/1 339/12/1
f 342/12/1 340/12/1 341/12/1
f 345/7/1 344/7/1 343/7/1
f 346/7/1 344/7/1 345/7/1
f 349/7/1 348/7/1 347/7/1
f 350/7/1 348/7/1 349/7/1
f 357/12/1 352/12/1 351/12/1
f 358/12/1 352/12/1 357/12/1
f 359/12/1 354/12/1 353/12/1
f 360/12/1 354/12/1 359/12/1
f 361/12/1 356/12/1 355/12/1
f 362/12/1 356/12/1 361/12/1
f 365/11/1 364/11/1 363/11/1
f 366/11/1 364/11/1 365/11/1
f 367/10/1 366/10/1 365/10/1
f 368/10/1 366/10/1 367/10/1
f 369/11/1 368/11/1 367/11/1
f 370/11/1 368/11/1 369/11/1
f 371/10/1 370/10/1 369/10/1
f 372/10/1 370/10/1 371/10/1
f 373/10/1 370/10/1 372/10/1
f 374/10/1 370/10/1 373/10/1
f 375/10/1 373/10/1 372/10/1
f 376/10/1 373/10/1 375/10/1
f 379/7/1 378/7/1 377/7/1
f 380/7/1 378/7/1 379/7/1
f 383/7/1 382/7/1 381/7/1
f 384/7/1 382/7/1 383/7/1
f 387/7/1 386/7/1 385/7/1
f 388/7/1 386/7/1 387/7/1
f 391/7/1 390/7/1 389/7/1
f 392/7/1 390/7/1 391/7/1
f 395/7/1 394/7/1 393/7/1
f 396/7/1 394/7/1 395/7/1
f 403/12/1 400/12/1 399/12/1
f 404/12/1 400/12/1 403/12/1
f 405/12/1 402/12/1 401/12/1
f 406/12/1 402/12/1 405/12/1
f 407/5/1 398/5/1 397/5/1
f 408/5/1 398/5/1 407/5/1
f 413/10/1 410/10/1 409/10/1
f 414/10/1 410/10/1 413/10/1
f 415/10/1 412/10/1 411/10/1
f 416/10/1 412/10/1 415/10/1
f 417/10/1 415/10/1 414/10/1
f 418/10/1 415/10/1 417/10/1
f 421/7/1 420/7/1 419/7/1
f 422/7/1 420/7/1 421/7/1
f 425/7/1 424/7/1 423/7/1
f 426/7/1 424/7/1 425/7/1
f 431/7/1 430/7/1 429/7/1
f 432/7/1 430/7/1 431/7/1
f 433/7/1 428/7/1 427/7/1
f 434/7/1 428/7/1 433/7/1
f 439/7/1 436/7/1 435/7/1
f 440/7/1 436/7/1 439/7/1
f 441/7/1 438/7/1 437/7/1
f 442/7/1 438/7/1 441/7/1
f 445/7/1 444/7/1 443/7/1
f 446/7/1 444/7/1 445/7/1
f 449/7/1 448/7/1 447/7/1
f 450/7/1 448/7/1 449/7/1
f 453/2/1 452/2/1 451/2/1
f 454/2/1 452/2/1 453/2/1
f 457/7/1 456/7/1 455/7/1
f 458/7/1 456/7/1 457/7/1
f 463/2/1 460/2/1 459/2/1
f 464/2/1 460/2/1 463/2/1
f 465/2/1 462/2/1 461/2/1
f 466/2/1 462/2/1 465/2/1
f 469/7/1 468/7/1 467/7/1
f 470/7/1 468/7/1 469/7/1
f 473/7/1 472/7/1 471/7/1
f 474/7/1 472/7/1 473/7/1
f 477/7/1 476/7/1 475/7/1
f 478/7/1 476/7/1 477/7/1
f 483/7/1 480/7/1 479/7/1
f 484/7/1 480/7/1 483/7/1
f 485/7/1 482/7/1 481/7/1
f 486/7/1 482/7/1 485/7/1
f 489/7/1 488/7/1 487/7/1
f 490/7/1 488/7/1 489/7/1
f 495/7/1 492/7/1 491/7/1
f 496/7/1 492/7/1 495/7/1
f 497/7/1 494/7/1 493/7/1
f 498/7/1 494/7/1 497/7/1
f 503/7/1 500/7/1 499/7/1
f 504/7/1 500/7/1 503/7/1
f 505/7/1 502/7/1 501/7/1
f 506/7/1 502/7/1 505/7/1
f 509/11/1 508/11/1 507/11/1
f 510/11/1 508/11/1 509/11/1
f 512/10/1 510/10/1 509/10/1
f 512/10/1 511/10/1 510/10/1
f 513/10/1 511/10/1 512/10/1
f 514/10/1 512/10/1 509/10/1
f 515/10/1 512/10/1 514/10/1
f 517/11/1 515/11/1 514/11/1
f 517/11/1 516/11/1 515/11/1
f 518/11/1 516/11/1 517/11/1
f 519/10/1 518/10/1 517/10/1
f 520/10/1 518/10/1 519/10/1
f 521/10/1 518/10/1 520/10/1
f 522/10/1 518/10/1 521/10/1
f 523/11/1 521/11/1 520/11/1
f 524/11/1 521/11/1 523/11/1
f 527/7/1 526/7/1 525/7/1
f 528/7/1 526/7/1 527/7/1
f 533/7/1 532/7/1 531/7/1
f 534/7/1 532/7/1 533/7/1
f 537/7/1 536/7/1 535/7/1
f 538/7/1 536/7/1 537/7/1
f 539/5/1 530/5/1 529/5/1
f 540/5/1 530/5/1 539/5/1
f 543/2/1 542/2/1 541/2/1
f 544/2/1 542/2/1 543/2/1
f 549/11/1 546/11/1 545/11/1
f 550/11/1 546/11/1 549/11/1
f 551/11/1 548/11/1 547/11/1
f 552/11/1 548/11/1 551/11/1
f 553/10/1 551/10/1 550/10/1
f 554/10/1 551/10/1 553/10/1
f 557/7/1 556/7/1 555/7/1
f 558/7/1 556/7/1 557/7/1
f 561/12/1 560/12/1 559/12/1
f 562/12/1 560/12/1 561/12/1
f 569/12/1 564/12/1 563/12/1
f 570/12/1 564/12/1 569/12/1
f 571/2/1 566/2/1 565/2/1
f 572/2/1 566/2/1 571/2/1
f 573/2/1 568/2/1 567/2/1
f 574/2/1 568/2/1 573/2/1
f 577/7/1 576/7/1 575/7/1
f 578/7/1 576/7/1 577/7/1
f 585/7/1 580/7/1 579/7/1
f 586/7/1 580/7/1 585/7/1
f 589/12/1 582/12/1 581/12/1
f 590/12/1 582/12/1 589/12/1
f 591/12/1 584/12/1 583/12/1
f 592/12/1 584/12/1 591/12/1
f 593/7/1 588/7/1 587/7/1
f 594/7/1 588/7/1 593/7/1
f 599/12/1 596/12/1 595/12/1
f 600/12/1 596/12/1 599/12/1
f 601/12/1 598/12/1 597/12/1
f 602/12/1 598/12/1 601/12/1
f 605/7/1 604/7/1 603/7/1
f 606/7/1 604/7/1 605/7/1
f 611/7/1 608/7/1 607/7/1
f 612/7/1 608/7/1 611/7/1
f 613/7/1 610/7/1 609/7/1
f 614/7/1 610/7/1 613/7/1
f 617/7/1 616/7/1 615/7/1
f 618/7/1 616/7/1 617/7/1
f 621/7/1 620/7/1 619/7/1
f 622/7/1 620/7/1 621/7/1
f 627/7/1 624/7/1 623/7/1
f 627/7/1 626/7/1 625/7/1
f 627/7/1 625/7/1 624/7/1
f 628/7/1 626/7/1 627/7/1
f 633/7/1 630/7/1 629/7/1
f 634/7/1 630/7/1 633/7/1
f 635/7/1 632/7/1 631/7/1
f 636/7/1 632/7/1 635/7/1
f 639/7/1 638/7/1 637/7/1
f 640/7/1 638/7/1 639/7/1
f 643/7/1 642/7/1 641/7/1
f 644/7/1 642/7/1 643/7/1
f 647/7/1 646/7/1 645/7/1
f 648/7/1 646/7/1 647/7/1
f 664/7/1 650/7/1 649/7/1
f 665/7/1 650/7/1 664/7/1
f 667/7/1 654/7/1 653/7/1
f 668/7/1 654/7/1 667/7/1
f 670/7/1 660/7/1 659/7/1
f 671/7/1 660/7/1 670/7/1
f 673/7/1 664/7/1 663/7/1
f 674/7/1 664/7/1 673/7/1
f 675/7/1 652/7/1 651/7/1
f 676/7/1 652/7/1 675/7/1
f 677/7/1 667/7/1 666/7/1
f 678/7/1 667/7/1 677/7/1
f 680/7/1 656/7/1 655/7/1
f 681/7/1 658/7/1 657/7/1
f 682/7/1 658/7/1 681/7/1
f 683/7/1 670/7/1 669/7/1
f 684/7/1 670/7/1 683/7/1
f 685/7/1 662/7/1 661/7/1
f 686/7/1 662/7/1 685/7/1
f 688/7/1 674/7/1 673/7/1
f 688/7/1 679/7/1 678/7/1
f 688/7/1 676/7/1 675/7/1
f 688/7/1 673/7/1 672/7/1
f 688/7/1 675/7/1 674/7/1
f 688/7/1 677/7/1 676/7/1
f 688/7/1 678/7/1 677/7/1
f 689/7/1 679/7/1 688/7/1
f 690/7/1 684/7/1 683/7/1
f 690/7/1 687/7/1 686/7/1
f 690/7/1 683/7/1 682/7/1
f 690/7/1 686/7/1 685/7/1
f 690/7/1 681/7/1 680/7/1
f 690/7/1 680/7/1 655/7/1
f 690/7/1 682/7/1 681/7/1
f 690/7/1 685/7/1 684/7/1
f 691/7/1 687/7/1 690/7/1
f 694/7/1 693/7/1 692/7/1
f 695/7/1 693/7/1 694/7/1
f 730/4/1 697/4/1 696/4/1
f 731/4/1 697/4/1 730/4/1
f 732/4/1 699/4/1 698/4/1
f 733/4/1 701/4/1 700/4/1
f 734/4/1 701/4/1 733/4/1
f 737/7/1 705/7/1 704/7/1
f 738/7/1 705/7/1 737/7/1
f 740/7/1 707/7/1 706/7/1
f 741/7/1 707/7/1 740/7/1
f 742/7/1 709/7/1 708/7/1
f 743/7/1 709/7/1 742/7/1
f 746/7/1 713/7/1 712/7/1
f 747/7/1 713/7/1 746/7/1
f 749/7/1 715/7/1 714/7/1
f 750/7/1 715/7/1 749/7/1
f 751/7/1 717/7/1 716/7/1
f 752/7/1 717/7/1 751/7/1
f 754/4/1 723/4/1 722/4/1
f 755/4/1 723/4/1 754/4/1
f 756/4/1 725/4/1 724/4/1
f 757/12/1 729/12/1 728/12/1
f 758/12/1 729/12/1 757/12/1
f 760/4/1 730/4/1 696/4/1
f 761/4/1 730/4/1 760/4/1
f 762/4/1 732/4/1 731/4/1
f 763/4/1 699/4/1 732/4/1
f 763/4/1 732/4/1 762/4/1
f 764/4/1 733/4/1 700/4/1
f 765/4/1 733/4/1 764/4/1
f 766/4/1 735/4/1 734/4/1
f 767/4/1 735/4/1 766/4/1
f 768/7/1 703/7/1 702/7/1
f 769/7/1 703/7/1 768/7/1
f 770/7/1 737/7/1 736/7/1
f 771/7/1 737/7/1 770/7/1
f 772/7/1 740/7/1 739/7/1
f 773/7/1 740/7/1 772/7/1
f 774/7/1 744/7/1 743/7/1
f 775/7/1 744/7/1 774/7/1
f 776/7/1 711/7/1 710/7/1
f 777/7/1 711/7/1 776/7/1
f 778/7/1 746/7/1 745/7/1
f 779/7/1 746/7/1 778/7/1
f 780/7/1 749/7/1 748/7/1
f 781/7/1 749/7/1 780/7/1
f 782/7/1 753/7/1 752/7/1
f 783/7/1 753/7/1 782/7/1
f 784/7/1 719/7/1 718/7/1
f 785/4/1 721/4/1 720/4/1
f 786/4/1 721/4/1 785/4/1
f 787/4/1 754/4/1 722/4/1
f 788/4/1 754/4/1 787/4/1
f 789/4/1 756/4/1 755/4/1
f 790/4/1 725/4/1 756/4/1
f 790/4/1 756/4/1 789/4/1
f 791/4/1 727/4/1 726/4/1
f 792/4/1 727/4/1 791/4/1
f 794/7/1 760/7/1 759/7/1
f 795/7/1 760/7/1 794/7/1
f 796/7/1 775/7/1 774/7/1
f 796/7/1 773/7/1 772/7/1
f 796/7/1 783/7/1 782/7/1
f 796/7/1 780/7/1 779/7/1
f 796/7/1 784/7/1 783/7/1
f 796/7/1 778/7/1 777/7/1
f 796/7/1 781/7/1 780/7/1
f 796/7/1 776/7/1 775/7/1
f 796/7/1 777/7/1 776/7/1
f 796/7/1 774/7/1 773/7/1
f 796/7/1 782/7/1 781/7/1
f 796/7/1 772/7/1 771/7/1
f 796/7/1 779/7/1 778/7/1
f 796/7/1 770/7/1 769/7/1
f 796/7/1 769/7/1 768/7/1
f 796/7/1 768/7/1 767/7/1
f 796/7/1 771/7/1 770/7/1
f 797/7/1 719/7/1 784/7/1
f 797/7/1 784/7/1 796/7/1
f 798/7/1 793/7/1 792/7/1
f 799/7/1 793/7/1 798/7/1
f 804/11/1 801/11/1 800/11/1
f 805/11/1 801/11/1 804/11/1
f 806/11/1 803/11/1 802/11/1
f 807/11/1 803/11/1 806/11/1
f 808/10/1 805/10/1 804/10/1
f 809/10/1 805/10/1 808/10/1
f 810/10/1 805/10/1 809/10/1
f 811/10/1 805/10/1 810/10/1
f 812/10/1 807/10/1 806/10/1
f 813/10/1 807/10/1 812/10/1
f 814/11/1 810/11/1 809/11/1
f 815/11/1 810/11/1 814/11/1
f 816/11/1 813/11/1 812/11/1
f 817/11/1 813/11/1 816/11/1
f 818/10/1 817/10/1 816/10/1
f 819/10/1 817/10/1 818/10/1
f 820/10/1 817/10/1 819/10/1
f 821/10/1 817/10/1 820/10/1
f 822/10/1 820/10/1 819/10/1
f 823/10/1 820/10/1 822/10/1
f 828/7/1 825/7/1 824/7/1
f 829/7/1 825/7/1 828/7/1
f 830/7/1 827/7/1 826/7/1
f 831/7/1 827/7/1 830/7/1
f 856/7/1 833/7/1 832/7/1
f 857/7/1 833/7/1 856/7/1
f 858/4/1 837/4/1 836/4/1
f 859/4/1 837/4/1 858/4/1
f 860/4/1 839/4/1 838/4/1
f 861/4/1 839/4/1 860/4/1
f 862/4/1 839/4/1 861/4/1
f 863/4/1 841/4/1 840/4/1
f 864/4/1 841/4/1 863/4/1
f 865/4/1 843/4/1 842/4/1
f 866/4/1 843/4/1 865/4/1
f 867/4/1 845/4/1 844/4/1
f 868/4/1 845/4/1 867/4/1
f 869/4/1 847/4/1 846/4/1
f 870/4/1 847/4/1 869/4/1
f 871/4/1 847/4/1 870/4/1
f 872/4/1 849/4/1 848/4/1
f 873/4/1 849/4/1 872/4/1
f 874/4/1 851/4/1 850/4/1
f 875/4/1 851/4/1 874/4/1
f 878/12/1 853/12/1 852/12/1
f 879/12/1 853/12/1 878/12/1
f 880/12/1 855/12/1 854/12/1
f 881/12/1 855/12/1 880/12/1
f 882/4/1 835/4/1 834/4/1
f 883/4/1 835/4/1 882/4/1
f 884/4/1 858/4/1 836/4/1
f 885/4/1 858/4/1 884/4/1
f 886/4/1 860/4/1 859/4/1
f 886/4/1 861/4/1 860/4/1
f 887/4/1 861/4/1 886/4/1
f 888/4/1 864/4/1 863/4/1
f 888/4/1 863/4/1 862/4/1
f 888/4/1 865/4/1 864/4/1
f 889/4/1 865/4/1 888/4/1
f 890/4/1 843/4/1 866/4/1
f 891/4/1 843/4/1 890/4/1
f 892/4/1 867/4/1 844/4/1
f 893/4/1 867/4/1 892/4/1
f 894/4/1 869/4/1 868/4/1
f 894/4/1 870/4/1 869/4/1
f 895/4/1 870/4/1 894/4/1
f 896/4/1 874/4/1 873/4/1
f 896/4/1 872/4/1 871/4/1
f 896/4/1 873/4/1 872/4/1
f 897/4/1 874/4/1 896/4/1
f 898/4/1 851/4/1 875/4/1
f 899/4/1 851/4/1 898/4/1
f 900/7/1 877/7/1 876/7/1
f 901/7/1 877/7/1 900/7/1
f 906/5/1 903/5/1 902/5/1
f 907/5/1 903/5/1 906/5/1
f 908/5/1 905/5/1 904/5/1
f 909/5/1 905/5/1 908/5/1
f 914/11/1 911/11/1 910/11/1
f 915/11/1 911/11/1 914/11/1
f 916/11/1 913/11/1 912/11/1
f 917/11/1 913/11/1 916/11/1
f 918/10/1 916/10/1 915/10/1
f 919/10/1 916/10/1 918/10/1
f 924/10/1 921/10/1 920/10/1
f 925/10/1 921/10/1 924/10/1
f 926/10/1 923/10/1 922/10/1
f 927/10/1 923/10/1 926/10/1
f 928/11/1 926/11/1 925/11/1
f 929/11/1 926/11/1 928/11/1
f 932/7/1 931/7/1 930/7/1
f 933/7/1 931/7/1 932/7/1
f 936/7/1 935/7/1 934/7/1
f 937/7/1 935/7/1 936/7/1
f 942/7/1 939/7/1 938/7/1
f 943/7/1 939/7/1 942/7/1
f 944/7/1 941/7/1 940/7/1
f 945/7/1 941/7/1 944/7/1
f 948/7/1 947/7/1 946/7/1
f 949/7/1 947/7/1 948/7/1
f 952/7/1 951/7/1 950/7/1
f 953/7/1 951/7/1 952/7/1
f 956/7/1 955/7/1 954/7/1
f 957/7/1 955/7/1 956/7/1
f 962/7/1 959/7/1 958/7/1
f 963/7/1 959/7/1 962/7/1
f 964/7/1 961/7/1 960/7/1
f 965/7/1 961/7/1 964/7/1
f 968/7/1 967/7/1 966/7/1
f 969/7/1 967/7/1 968/7/1
f 972/7/1 971/7/1 970/7/1
f 973/7/1 971/7/1 972/7/1
f 978/7/1 977/7/1 976/7/1
f 979/7/1 977/7/1 978/7/1
f 980/7/1 975/7/1 974/7/1
f 981/7/1 975/7/1 980/7/1
f 1017/7/1 987/7/1 986/7/1
f 1018/7/1 987/7/1 1017/7/1
f 1020/7/1 993/7/1 992/7/1
f 1021/7/1 993/7/1 1020/7/1
f 1022/7/1 995/7/1 994/7/1
f 1023/7/1 995/7/1 1022/7/1
f 1026/7/1 997/7/1 996/7/1
f 1027/7/1 997/7/1 1026/7/1
f 1029/7/1 1001/7/1 1000/7/1
f 1030/7/1 1001/7/1 1029/7/1
f 1033/7/1 1003/7/1 1002/7/1
f 1034/7/1 1003/7/1 1033/7/1
f 1036/7/1 1005/7/1 1004/7/1
f 1037/7/1 1005/7/1 1036/7/1
f 1038/7/1 1007/7/1 1006/7/1
f 1039/7/1 1007/7/1 1038/7/1
f 1042/7/1 1009/7/1 1008/7/1
f 1043/7/1 1009/7/1 1042/7/1
f 1044/7/1 1015/7/1 1014/7/1
f 1045/7/1 1015/7/1 1044/7/1
f 1048/7/1 983/7/1 982/7/1
f 1049/7/1 983/7/1 1048/7/1
f 1050/7/1 985/7/1 984/7/1
f 1051/7/1 985/7/1 1050/7/1
f 1052/7/1 1017/7/1 1016/7/1
f 1053/7/1 1017/7/1 1052/7/1
f 1054/7/1 989/7/1 988/7/1
f 1055/7/1 989/7/1 1054/7/1
f 1056/7/1 991/7/1 990/7/1
f 1057/7/1 991/7/1 1056/7/1
f 1058/7/1 1020/7/1 1019/7/1
f 1059/7/1 1020/7/1 1058/7/1
f 1060/7/1 1024/7/1 1023/7/1
f 1061/7/1 1024/7/1 1060/7/1
f 1062/7/1 1026/7/1 1025/7/1
f 1063/7/1 1026/7/1 1062/7/1
f 1064/7/1 999/7/1 998/7/1
f 1065/7/1 999/7/1 1064/7/1
f 1066/7/1 1029/7/1 1028/7/1
f 1067/7/1 1029/7/1 1066/7/1
f 1068/7/1 1031/7/1 1030/7/1
f 1069/7/1 1031/7/1 1068/7/1
f 1070/7/1 1033/7/1 1032/7/1
f 1071/7/1 1033/7/1 1070/7/1
f 1072/7/1 1036/7/1 1035/7/1
f 1073/7/1 1036/7/1 1072/7/1
f 1074/7/1 1040/7/1 1039/7/1
f 1075/7/1 1040/7/1 1074/7/1
f 1076/7/1 1042/7/1 1041/7/1
f 1077/7/1 1042/7/1 1076/7/1
f 1078/7/1 1011/7/1 1010/7/1
f 1079/7/1 1011/7/1 1078/7/1
f 1080/7/1 1013/7/1 1012/7/1
f 1081/7/1 1013/7/1 1080/7/1
f 1082/7/1 1046/7/1 1045/7/1
f 1083/7/1 1046/7/1 1082/7/1
f 1085/7/1 1083/7/1 1082/7/1
f 1085/7/1 1084/7/1 1083/7/1
f 1085/7/1 1082/7/1 1081/7/1
f 1085/7/1 1049/7/1 1048/7/1
f 1085/7/1 1080/7/1 1079/7/1
f 1085/7/1 1081/7/1 1080/7/1
f 1085/7/1 1078/7/1 1077/7/1
f 1085/7/1 1053/7/1 1052/7/1
f 1085/7/1 1076/7/1 1075/7/1
f 1085/7/1 1055/7/1 1054/7/1
f 1085/7/1 1074/7/1 1073/7/1
f 1085/7/1 1075/7/1 1074/7/1
f 1085/7/1 1072/7/1 1071/7/1
f 1085/7/1 1059/7/1 1058/7/1
f 1085/7/1 1070/7/1 1069/7/1
f 1085/7/1 1063/7/1 1062/7/1
f 1085/7/1 1068/7/1 1067/7/1
f 1085/7/1 1067/7/1 1066/7/1
f 1085/7/1 1066/7/1 1065/7/1
f 1085/7/1 1071/7/1 1070/7/1
f 1085/7/1 1064/7/1 1063/7/1
f 1085/7/1 1073/7/1 1072/7/1
f 1085/7/1 1062/7/1 1061/7/1
f 1085/7/1 1077/7/1 1076/7/1
f 1085/7/1 1060/7/1 1059/7/1
f 1085/7/1 1079/7/1 1078/7/1
f 1085/7/1 1058/7/1 1057/7/1
f 1085/7/1 1051/7/1 1050/7/1
f 1085/7/1 1056/7/1 1055/7/1
f 1085/7/1 1057/7/1 1056/7/1
f 1085/7/1 1054/7/1 1053/7/1
f 1085/7/1 1061/7/1 1060/7/1
f 1085/7/1 1052/7/1 1051/7/1
f 1085/7/1 1065/7/1 1064/7/1
f 1085/7/1 1050/7/1 1049/7/1
f 1085/7/1 1069/7/1 1068/7/1
f 1085/7/1 1048/7/1 1047/7/1
f 1086/7/1 1084/7/1 1085/7/1
f 1089/7/1 1088/7/1 1087/7/1
f 1090/7/1 1088/7/1 1089/7/1
f 1094/4/1 1092/4/1 1091/4/1
f 1095/4/1 1094/4/1 1093/4/1
f 1096/4/1 1092/4/1 1094/4/1
f 1096/4/1 1094/4/1 1095/4/1
f 1134/1/1 1102/1/1 1101/1/1
f 1135/1/1 1102/1/1 1134/1/1
f 1136/1/1 1104/1/1 1103/1/1
f 1137/1/1 1108/1/1 1107/1/1
f 1138/1/1 1108/1/1 1137/1/1
f 1139/1/1 1110/1/1 1109/1/1
f 1140/1/1 1110/1/1 1139/1/1
f 1141/1/1 1112/1/1 1111/1/1
f 1142/1/1 1112/1/1 1141/1/1
f 1143/1/1 1112/1/1 1142/1/1
f 1144/1/1 1112/1/1 1143/1/1
f 1145/1/1 1114/1/1 1113/1/1
f 1146/1/1 1116/1/1 1115/1/1
f 1147/1/1 1116/1/1 1146/1/1
f 1148/1/1 1118/1/1 1117/1/1
f 1149/1/1 1118/1/1 1148/1/1
f 1150/1/1 1118/1/1 1149/1/1
f 1151/1/1 1118/1/1 1150/1/1
f 1152/1/1 1120/1/1 1119/1/1
f 1153/1/1 1120/1/1 1152/1/1
f 1154/1/1 1120/1/1 1153/1/1
f 1155/1/1 1122/1/1 1121/1/1
f 1156/1/1 1122/1/1 1155/1/1
f 1157/1/1 1124/1/1 1123/1/1
f 1158/1/1 1124/1/1 1157/1/1
f 1159/1/1 1124/1/1 1158/1/1
f 1160/1/1 1124/1/1 1159/1/1
f 1161/1/1 1126/1/1 1125/1/1
f 1162/1/1 1130/1/1 1129/1/1
f 1163/1/1 1132/1/1 1131/1/1
f 1164/1/1 1132/1/1 1163/1/1
f 1166/1/1 1098/1/1 1097/1/1
f 1167/1/1 1098/1/1 1166/1/1
f 1168/1/1 1100/1/1 1099/1/1
f 1169/1/1 1100/1/1 1168/1/1
f 1170/1/1 1134/1/1 1101/1/1
f 1171/1/1 1134/1/1 1170/1/1
f 1172/1/1 1136/1/1 1135/1/1
f 1173/1/1 1104/1/1 1136/1/1
f 1173/1/1 1136/1/1 1172/1/1
f 1174/1/1 1106/1/1 1105/1/1
f 1175/1/1 1106/1/1 1174/1/1
f 1176/1/1 1137/1/1 1107/1/1
f 1177/1/1 1137/1/1 1176/1/1
f 1178/1/1 1140/1/1 1139/1/1
f 1178/1/1 1139/1/1 1138/1/1
f 1178/1/1 1141/1/1 1140/1/1
f 1179/1/1 1141/1/1 1178/1/1
f 1180/1/1 1143/1/1 1142/1/1
f 1181/1/1 1143/1/1 1180/1/1
f 1182/1/1 1145/1/1 1144/1/1
f 1183/1/1 1114/1/1 1145/1/1
f 1183/1/1 1145/1/1 1182/1/1
f 1184/1/1 1146/1/1 1115/1/1
f 1185/1/1 1146/1/1 1184/1/1
f 1186/1/1 1148/1/1 1147/1/1
f 1187/1/1 1148/1/1 1186/1/1
f 1188/1/1 1150/1/1 1149/1/1
f 1189/1/1 1150/1/1 1188/1/1
f 1190/1/1 1152/1/1 1151/1/1
f 1190/1/1 1153/1/1 1152/1/1
f 1191/1/1 1153/1/1 1190/1/1
f 1192/1/1 1156/1/1 1155/1/1
f 1192/1/1 1157/1/1 1156/1/1
f 1192/1/1 1155/1/1 1154/1/1
f 1193/1/1 1157/1/1 1192/1/1
f 1194/1/1 1159/1/1 1158/1/1
f 1195/1/1 1159/1/1 1194/1/1
f 1196/1/1 1161/1/1 1160/1/1
f 1197/1/1 1126/1/1 1161/1/1
f 1197/1/1 1161/1/1 1196/1/1
f 1198/1/1 1128/1/1 1127/1/1
f 1199/1/1 1128/1/1 1198/1/1
f 1200/1/1 1162/1/1 1129/1/1
f 1200/1/1 1163/1/1 1162/1/1
f 1201/1/1 1163/1/1 1200/1/1
f 1202/1/1 1132/1/1 1164/1/1
f 1203/7/1 1133/7/1 1132/7/1
f 1203/1/1 1132/1/1 1202/1/1
f 1204/7/1 1166/7/1 1165/7/1
f 1205/7/1 1166/7/1 1204/7/1
f 1206/7/1 1133/7/1 1203/7/1
f 1207/7/1 1133/7/1 1206/7/1
f 1212/7/1 1211/7/1 1210/7/1
f 1213/7/1 1211/7/1 1212/7/1
f 1214/7/1 1209/7/1 1208/7/1
f 1215/7/1 1209/7/1 1214/7/1
f 1218/7/1 1217/7/1 1216/7/1
f 1219/7/1 1217/7/1 1218/7/1
f 1222/7/1 1221/7/1 1220/7/1
f 1223/7/1 1221/7/1 1222/7/1
f 1228/7/1 1225/7/1 1224/7/1
f 1229/7/1 1225/7/1 1228/7/1
f 1230/7/1 1227/7/1 1226/7/1
f 1231/7/1 1227/7/1 1230/7/1
f 1236/7/1 1233/7/1 1232/7/1
f 1237/7/1 1233/7/1 1236/7/1
f 1238/7/1 1235/7/1 1234/7/1
f 1239/7/1 1235/7/1 1238/7/1
f 1242/4/1 1241/4/1 1240/4/1
f 1243/4/1 1241/4/1 1242/4/1
f 1245/1/1 1243/1/1 1242/1/1
f 1246/1/1 1243/1/1 1245/1/1
f 1247/1/1 1243/1/1 1246/1/1
f 1250/7/1 1245/7/1 1244/7/1
f 1251/1/1 1246/1/1 1245/1/1
f 1251/7/1 1245/7/1 1250/7/1
f 1252/1/1 1246/1/1 1251/1/1
f 1254/7/1 1249/7/1 1248/7/1
f 1255/7/1 1249/7/1 1254/7/1
f 1257/1/1 1253/1/1 1252/1/1
f 1257/1/1 1252/1/1 1251/1/1
f 1258/1/1 1253/1/1 1257/1/1
f 1259/7/1 1257/7/1 1256/7/1
f 1260/7/1 1257/7/1 1259/7/1
f 1281/7/1 1262/7/1 1261/7/1
f 1282/7/1 1262/7/1 1281/7/1
f 1284/7/1 1264/7/1 1263/7/1
f 1285/7/1 1264/7/1 1284/7/1
f 1288/7/1 1266/7/1 1265/7/1
f 1289/7/1 1266/7/1 1288/7/1
f 1290/7/1 1268/7/1 1267/7/1
f 1291/7/1 1268/7/1 1290/7/1
f 1293/7/1 1272/7/1 1271/7/1
f 1294/7/1 1272/7/1 1293/7/1
f 1297/7/1 1274/7/1 1273/7/1
f 1298/7/1 1274/7/1 1297/7/1
f 1299/7/1 1276/7/1 1275/7/1
f 1300/7/1 1276/7/1 1299/7/1
f 1302/7/1 1278/7/1 1277/7/1
f 1303/7/1 1278/7/1 1302/7/1
f 1306/7/1 1280/7/1 1279/7/1
f 1307/7/1 1280/7/1 1306/7/1
f 1309/7/1 1283/7/1 1282/7/1
f 1310/7/1 1283/7/1 1309/7/1
f 1311/7/1 1286/7/1 1285/7/1
f 1312/7/1 1286/7/1 1311/7/1
f 1313/7/1 1288/7/1 1287/7/1
f 1314/7/1 1288/7/1 1313/7/1
f 1315/7/1 1292/7/1 1291/7/1
f 1316/7/1 1292/7/1 1315/7/1
f 1317/7/1 1270/7/1 1269/7/1
f 1318/7/1 1270/7/1 1317/7/1
f 1319/7/1 1295/7/1 1294/7/1
f 1320/7/1 1295/7/1 1319/7/1
f 1321/7/1 1297/7/1 1296/7/1
f 1322/7/1 1297/7/1 1321/7/1
f 1323/7/1 1301/7/1 1300/7/1
f 1324/7/1 1301/7/1 1323/7/1
f 1325/7/1 1304/7/1 1303/7/1
f 1326/7/1 1304/7/1 1325/7/1
f 1327/7/1 1306/7/1 1305/7/1
f 1328/7/1 1306/7/1 1327/7/1
f 1330/7/1 1324/7/1 1323/7/1
f 1330/7/1 1329/7/1 1328/7/1
f 1330/7/1 1327/7/1 1326/7/1
f 1330/7/1 1322/7/1 1321/7/1
f 1330/7/1 1325/7/1 1324/7/1
f 1330/7/1 1310/7/1 1309/7/1
f 1330/7/1 1323/7/1 1322/7/1
f 1330/7/1 1328/7/1 1327/7/1
f 1330/7/1 1321/7/1 1320/7/1
f 1330/7/1 1316/7/1 1315/7/1
f 1330/7/1 1319/7/1 1318/7/1
f 1330/7/1 1314/7/1 1313/7/1
f 1330/7/1 1317/7/1 1316/7/1
f 1330/7/1 1318/7/1 1317/7/1
f 1330/7/1 1315/7/1 1314/7/1
f 1330/7/1 1326/7/1 1325/7/1
f 1330/7/1 1313/7/1 1312/7/1
f 1330/7/1 1312/7/1 1311/7/1
f 1330/7/1 1311/7/1 1310/7/1
f 1330/7/1 1320/7/1 1319/7/1
f 1330/7/1 1309/7/1 1308/7/1
f 1331/7/1 1329/7/1 1330/7/1
f 1334/7/1 1333/7/1 1332/7/1
f 1335/7/1 1333/7/1 1334/7/1
f 1338/7/1 1337/7/1 1336/7/1
f 1339/7/1 1337/7/1 1338/7/1
f 1342/7/1 1341/7/1 1340/7/1
f 1343/7/1 1341/7/1 1342/7/1
f 1366/4/1 1345/4/1 1344/4/1
f 1367/4/1 1347/4/1 1346/4/1
f 1368/4/1 1347/4/1 1367/4/1
f 1369/4/1 1347/4/1 1368/4/1
f 1370/4/1 1349/4/1 1348/4/1
f 1371/4/1 1349/4/1 1370/4/1
f 1372/4/1 1349/4/1 1371/4/1
f 1373/4/1 1349/4/1 1372/4/1
f 1374/4/1 1351/4/1 1350/4/1
f 1375/4/1 1351/4/1 1374/4/1
f 1376/4/1 1353/4/1 1352/4/1
f 1377/4/1 1353/4/1 1376/4/1
f 1378/4/1 1355/4/1 1354/4/1
f 1379/4/1 1357/4/1 1356/4/1
f 1380/4/1 1357/4/1 1379/4/1
f 1381/4/1 1357/4/1 1380/4/1
f 1382/4/1 1357/4/1 1381/4/1
f 1383/4/1 1359/4/1 1358/4/1
f 1384/4/1 1359/4/1 1383/4/1
f 1385/4/1 1361/4/1 1360/4/1
f 1386/4/1 1361/4/1 1385/4/1
f 1387/4/1 1361/4/1 1386/4/1
f 1388/4/1 1363/4/1 1362/4/1
f 1389/4/1 1363/4/1 1388/4/1
f 1390/4/1 1363/4/1 1389/4/1
f 1391/4/1 1363/4/1 1390/4/1
f 1392/4/1 1365/4/1 1364/4/1
f 1393/4/1 1365/4/1 1392/4/1
f 1396/4/1 1366/4/1 1344/4/1
f 1396/4/1 1367/4/1 1366/4/1
f 1397/4/1 1367/4/1 1396/4/1
f 1398/4/1 1369/4/1 1368/4/1
f 1398/4/1 1370/4/1 1369/4/1
f 1399/4/1 1370/4/1 1398/4/1
f 1400/4/1 1372/4/1 1371/4/1
f 1401/4/1 1372/4/1 1400/4/1
f 1402/4/1 1375/4/1 1374/4/1
f 1402/4/1 1374/4/1 1373/4/1
f 1402/4/1 1376/4/1 1375/4/1
f 1403/4/1 1376/4/1 1402/4/1
f 1404/4/1 1353/4/1 1377/4/1
f 1405/4/1 1353/4/1 1404/4/1
f 1406/4/1 1378/4/1 1354/4/1
f 1406/4/1 1379/4/1 1378/4/1
f 1407/4/1 1379/4/1 1406/4/1
f 1408/4/1 1381/4/1 1380/4/1
f 1409/4/1 1381/4/1 1408/4/1
f 1410/4/1 1385/4/1 1384/4/1
f 1410/4/1 1384/4/1 1383/4/1
f 1410/4/1 1383/4/1 1382/4/1
f 1411/4/1 1385/4/1 1410/4/1
f 1412/4/1 1387/4/1 1386/4/1
f 1412/4/1 1388/4/1 1387/4/1
f 1413/4/1 1388/4/1 1412/4/1
f 1414/4/1 1390/4/1 1389/4/1
f 1415/4/1 1390/4/1 1414/4/1
f 1416/4/1 1393/4/1 1392/4/1
f 1416/4/1 1392/4/1 1391/4/1
f 1417/7/1 1394/7/1 1393/7/1
f 1417/4/1 1393/4/1 1416/4/1
f 1418/7/1 1396/7/1 1395/7/1
f 1419/7/1 1396/7/1 1418/7/1
f 1442/7/1 1394/7/1 1417/7/1
f 1443/7/1 1394/7/1 1442/7/1
f 1444/6/1 1421/6/1 1420/6/1
f 1445/6/1 1423/6/1 1422/6/1
f 1446/6/1 1423/6/1 1445/6/1
f 1447/6/1 1425/6/1 1424/6/1
f 1448/6/1 1425/6/1 1447/6/1
f 1449/6/1 1427/6/1 1426/6/1
f 1450/6/1 1427/6/1 1449/6/1
f 1451/6/1 1429/6/1 1428/6/1
f 1452/6/1 1429/6/1 1451/6/1
f 1453/6/1 1431/6/1 1430/6/1
f 1454/6/1 1431/6/1 1453/6/1
f 1455/6/1 1433/6/1 1432/6/1
f 1456/6/1 1433/6/1 1455/6/1
f 1457/6/1 1435/6/1 1434/6/1
f 1458/6/1 1435/6/1 1457/6/1
f 1459/6/1 1437/6/1 1436/6/1
f 1460/6/1 1437/6/1 1459/6/1
f 1461/6/1 1439/6/1 1438/6/1
f 1462/6/1 1439/6/1 1461/6/1
f 1463/6/1 1441/6/1 1440/6/1
f 1464/6/1 1441/6/1 1463/6/1
f 1465/6/1 1443/6/1 1442/6/1
f 1466/6/1 1462/6/1 1461/6/1
f 1466/6/1 1465/6/1 1464/6/1
f 1466/6/1 1464/6/1 1463/6/1
f 1466/6/1 1444/6/1 1420/6/1
f 1466/6/1 1463/6/1 1462/6/1
f 1466/6/1 1446/6/1 1445/6/1
f 1466/6/1 1461/6/1 1460/6/1
f 1466/6/1 1448/6/1 1447/6/1
f 1466/6/1 1459/6/1 1458/6/1
f 1466/6/1 1450/6/1 1449/6/1
f 1466/6/1 1457/6/1 1456/6/1
f 1466/6/1 1452/6/1 1451/6/1
f 1466/6/1 1455/6/1 1454/6/1
f 1466/6/1 1454/6/1 1453/6/1
f 1466/6/1 1453/6/1 1452/6/1
f 1466/6/1 1456/6/1 1455/6/1
f 1466/6/1 1451/6/1 1450/6/1
f 1466/6/1 1458/6/1 1457/6/1
f 1466/6/1 1449/6/1 1448/6/1
f 1466/6/1 1460/6/1 1459/6/1
f 1466/6/1 1447/6/1 1446/6/1
f 1466/6/1 1445/6/1 1444/6/1
f 1467/6/1 1465/6/1 1466/6/1
f 1468/6/1 1465/6/1 1467/6/1
f 1469/6/1 1465/6/1 1468/6/1
f 1470/6/1 1465/6/1 1469/6/1
f 1471/6/1 1465/6/1 1470/6/1
f 1472/6/1 1465/6/1 1471/6/1
f 1473/6/1 1465/6/1 1472/6/1
f 1474/6/1 1465/6/1 1473/6/1
f 1475/6/1 1465/6/1 1474/6/1
f 1476/6/1 1465/6/1 1475/6/1
f 1477/6/1 1465/6/1 1476/6/1
f 1478/6/1 1465/6/1 1477/6/1
f 1479/6/1 1465/6/1 1478/6/1
f 1480/6/1 1465/6/1 1479/6/1
f 1481/6/1 1465/6/1 1480/6/1
f 1482/6/1 1465/6/1 1481/6/1
f 1483/6/1 1465/6/1 1482/6/1
f 1484/6/1 1465/6/1 1483/6/1
f 1485/6/1 1465/6/1 1484/6/1
f 1486/6/1 1465/6/1 1485/6/1
f 1487/6/1 1443/6/1 1465/6/1
f 1487/6/1 1465/6/1 1486/6/1
f 1488/6/1 1466/6/1 1420/6/1
f 1489/6/1 1466/6/1 1488/6/1
f 1490/6/1 1468/6/1 1467/6/1
f 1491/6/1 1468/6/1 1490/6/1
f 1492/6/1 1470/6/1 1469/6/1
f 1493/6/1 1470/6/1 1492/6/1
f 1494/6/1 1472/6/1 1471/6/1
f 1495/6/1 1472/6/1 1494/6/1
f 1496/6/1 1474/6/1 1473/6/1
f 1497/6/1 1474/6/1 1496/6/1
f 1498/6/1 1476/6/1 1475/6/1
f 1499/6/1 1476/6/1 1498/6/1
f 1500/6/1 1478/6/1 1477/6/1
f 1501/6/1 1478/6/1 1500/6/1
f 1502/6/1 1480/6/1 1479/6/1
f 1503/6/1 1480/6/1 1502/6/1
f 1504/6/1 1482/6/1 1481/6/1
f 1505/6/1 1482/6/1 1504/6/1
f 1506/6/1 1484/6/1 1483/6/1
f 1507/6/1 1484/6/1 1506/6/1
f 1508/6/1 1486/6/1 1485/6/1
f 1509/6/1 1486/6/1 1508/6/1
f 1510/6/1 1443/6/1 1487/6/1
f 1511/6/1 1443/6/1 1510/6/1
f 1514/7/1 1513/7/1 1512/7/1
f 1515/7/1 1513/7/1 1514/7/1
f 1522/7/1 1517/7/1 1516/7/1
f 1523/7/1 1517/7/1 1522/7/1
f 1524/7/1 1519/7/1 1518/7/1
f 1525/7/1 1519/7/1 1524/7/1
f 1526/2/1 1521/2/1 1520/2/1
f 1527/2/1 1521/2/1 1526/2/1
f 1532/7/1 1529/7/1 1528/7/1
f 1533/7/1 1529/7/1 1532/7/1
f 1534/7/1 1531/7/1 1530/7/1
f 1535/7/1 1531/7/1 1534/7/1
f 1540/7/1 1539/7/1 1538/7/1
f 1541/7/1 1539/7/1 1540/7/1
f 1542/7/1 1537/7/1 1536/7/1
f 1543/7/1 1537/7/1 1542/7/1
f 1550/2/1 1545/2/1 1544/2/1
f 1551/2/1 1545/2/1 1550/2/1
f 1552/2/1 1547/2/1 1546/2/1
f 1553/2/1 1547/2/1 1552/2/1
f 1554/7/1 1549/7/1 1548/7/1
f 1555/7/1 1549/7/1 1554/7/1
f 1558/7/1 1557/7/1 1556/7/1
f 1559/7/1 1557/7/1 1558/7/1
f 1562/7/1 1561/7/1 1560/7/1
f 1563/7/1 1561/7/1 1562/7/1
f 1566/6/1 1565/6/1 1564/6/1
f 1567/6/1 1565/6/1 1566/6/1
f 1570/6/1 1569/6/1 1568/6/1
f 1571/6/1 1569/6/1 1570/6/1
f 1574/7/1 1573/7/1 1572/7/1
f 1575/7/1 1573/7/1 1574/7/1
f 1580/7/1 1577/7/1 1576/7/1
f 1581/7/1 1577/7/1 1580/7/1
f 1582/7/1 1579/7/1 1578/7/1
f 1583/7/1 1579/7/1 1582/7/1
f 1588/7/1 1585/7/1 1584/7/1
f 1589/7/1 1585/7/1 1588/7/1
f 1590/7/1 1587/7/1 1586/7/1
f 1591/7/1 1587/7/1 1590/7/1
f 1594/2/1 1593/2/1 1592/2/1
f 1595/2/1 1593/2/1 1594/2/1
f 1598/11/1 1597/11/1 1596/11/1
f 1599/11/1 1597/11/1 1598/11/1
f 1600/10/1 1599/10/1 1598/10/1
f 1601/10/1 1599/10/1 1600/10/1
f 1602/11/1 1601/11/1 1600/11/1
f 1603/11/1 1601/11/1 1602/11/1
f 1604/10/1 1603/10/1 1602/10/1
f 1605/10/1 1603/10/1 1604/10/1
f 1606/11/1 1605/11/1 1604/11/1
f 1607/11/1 1605/11/1 1606/11/1
f 1608/10/1 1607/10/1 1606/10/1
f 1609/10/1 1607/10/1 1608/10/1
f 1610/10/1 1607/10/1 1609/10/1
f 1611/10/1 1607/10/1 1610/10/1
f 1612/10/1 1610/10/1 1609/10/1
f 1613/10/1 1610/10/1 1612/10/1
f 1618/7/1 1617/7/1 1616/7/1
f 1619/7/1 1617/7/1 1618/7/1
f 1620/7/1 1615/7/1 1614/7/1
f 1621/7/1 1615/7/1 1620/7/1
f 1624/7/1 1623/7/1 1622/7/1
f 1625/7/1 1623/7/1 1624/7/1
f 1628/7/1 1627/7/1 1626/7/1
f 1629/7/1 1627/7/1 1628/7/1
f 1632/7/1 1631/7/1 1630/7/1
f 1633/7/1 1631/7/1 1632/7/1
f 1640/2/1 1635/2/1 1634/2/1
f 1641/2/1 1635/2/1 1640/2/1
f 1642/2/1 1637/2/1 1636/2/1
f 1643/2/1 1637/2/1 1642/2/1
f 1644/5/1 1639/5/1 1638/5/1
f 1645/5/1 1639/5/1 1644/5/1
f 1650/10/1 1647/10/1 1646/10/1
f 1651/10/1 1647/10/1 1650/10/1
f 1652/10/1 1649/10/1 1648/10/1
f 1653/10/1 1649/10/1 1652/10/1
f 1654/11/1 1652/11/1 1651/11/1
f 1655/11/1 1652/11/1 1654/11/1
f 1658/7/1 1657/7/1 1656/7/1
f 1659/7/1 1657/7/1 1658/7/1
f 1662/7/1 1661/7/1 1660/7/1
f 1663/7/1 1661/7/1 1662/7/1
f 1666/6/1 1665/6/1 1664/6/1
f 1667/6/1 1665/6/1 1666/6/1
f 1670/6/1 1669/6/1 1668/6/1
f 1671/6/1 1669/6/1 1670/6/1
f 1676/7/1 1675/7/1 1674/7/1
f 1677/7/1 1675/7/1 1676/7/1
f 1678/7/1 1673/7/1 1672/7/1
f 1679/7/1 1673/7/1 1678/7/1
f 1682/7/1 1681/7/1 1680/7/1
f 1683/7/1 1681/7/1 1682/7/1
f 1688/7/1 1685/7/1 1684/7/1
f 1689/7/1 1685/7/1 1688/7/1
f 1690/7/1 1687/7/1 1686/7/1
f 1691/7/1 1687/7/1 1690/7/1
f 1694/7/1 1693/7/1 1692/7/1
f 1695/7/1 1693/7/1 1694/7/1
f 1698/7/1 1697/7/1 1696/7/1
f 1699/7/1 1697/7/1 1698/7/1
f 1702/7/1 1701/7/1 1700/7/1
f 1703/7/1 1701/7/1 1702/7/1
f 1706/7/1 1705/7/1 1704/7/1
f 1707/7/1 1705/7/1 1706/7/1
f 1712/7/1 1711/7/1 1710/7/1
f 1713/7/1 1711/7/1 1712/7/1
f 1714/7/1 1709/7/1 1708/7/1
f 1715/7/1 1709/7/1 1714/7/1
f 1718/6/1 1717/6/1 1716/6/1
f 1719/6/1 1717/6/1 1718/6/1
f 1722/6/1 1721/6/1 1720/6/1
f 1723/6/1 1721/6/1 1722/6/1
f 1724/7/2 1725/7/2 1726/7/2
f 1726/7/2 1725/7/2 1727/7/2
f 1728/7/2 1729/7/2 1730/7/2
f 1730/7/2 1729/7/2 1731/7/2
f 1734/2/2 1735/2/2 1740/2/2
f 1740/2/2 1735/2/2 1741/2/2
f 1736/2/2 1737/2/2 1742/2/2
f 1742/2/2 1737/2/2 1743/2/2
f 1732/7/2 1733/7/2 1744/7/2
f 1744/7/2 1733/7/2 1745/7/2
f 1738/7/2 1739/7/2 1746/7/2
f 1746/7/2 1739/7/2 1747/7/2
f 1748/7/2 1749/7/2 1750/7/2
f 1750/7/2 1749/7/2 1751/7/2
f 1752/7/2 1753/7/2 1756/7/2
f 1756/7/2 1753/7/2 1757/7/2
f 1754/2/2 1755/2/2 1758/2/2
f 1758/2/2 1755/2/2 1759/2/2
f 1760/7/2 1761/7/2 1764/7/2
f 1764/7/2 1761/7/2 1765/7/2
f 1762/7/2 1763/7/2 1766/7/2
f 1766/7/2 1763/7/2 1767/7/2
f 1768/7/2 1769/7/2 1770/7/2
f 1770/7/2 1769/7/2 1771/7/2
f 1772/12/2 1773/12/2 1776/12/2
f 1776/12/2 1773/12/2 1777/12/2
f 1774/12/2 1775/12/2 1778/12/2
f 1778/12/2 1775/12/2 1779/12/2
f 1780/7/2 1781/7/2 1782/7/2
f 1782/7/2 1781/7/2 1783/7/2
f 1784/7/2 1785/7/2 1786/7/2
f 1786/7/2 1785/7/2 1787/7/2
f 1788/7/2 1789/7/2 1790/7/2
f 1790/7/2 1789/7/2 1791/7/2
f 1792/12/2 1793/12/2 1798/12/2
f 1798/12/2 1793/12/2 1799/12/2
f 1794/12/2 1795/12/2 1800/12/2
f 1800/12/2 1795/12/2 1801/12/2
f 1796/12/2 1797/12/2 1802/12/2
f 1802/12/2 1797/12/2 1803/12/2
f 1804/7/2 1805/7/2 1806/7/2
f 1806/7/2 1805/7/2 1807/7/2
f 1808/7/2 1809/7/2 1810/7/2
f 1810/7/2 1809/7/2 1811/7/2
f 1812/7/2 1813/7/2 1816/7/2
f 1816/7/2 1813/7/2 1817/7/2
f 1814/7/2 1815/7/2 1818/7/2
f 1818/7/2 1815/7/2 1819/7/2
f 1822/12/2 1823/12/2 1824/12/2
f 1824/12/2 1823/12/2 1825/12/2
f 1820/5/2 1821/5/2 1826/5/2
f 1826/5/2 1821/5/2 1827/5/2
f 1828/10/2 1829/10/2 1832/10/2
f 1832/10/2 1829/10/2 1833/10/2
f 1830/10/2 1831/10/2 1834/10/2
f 1834/10/2 1831/10/2 1835/10/2
f 1833/10/2 1834/10/2 1836/10/2
f 1836/10/2 1834/10/2 1837/10/2
f 1838/7/2 1839/7/2 1840/7/2
f 1840/7/2 1839/7/2 1841/7/2
f 1842/4/2 1843/4/2 1872/4/2
f 1872/4/2 1843/4/2 1873/4/2
f 1844/4/2 1845/4/2 1874/4/2
f 1874/4/2 1845/4/2 1875/4/2
f 1846/4/2 1847/4/2 1876/4/2
f 1876/4/2 1847/4/2 1877/4/2
f 1848/4/2 1849/4/2 1878/4/2
f 1878/4/2 1849/4/2 1879/4/2
f 1850/4/2 1851/4/2 1880/4/2
f 1880/4/2 1851/4/2 1881/4/2
f 1852/4/2 1853/4/2 1882/4/2
f 1882/4/2 1853/4/2 1883/4/2
f 1883/4/2 1853/4/2 1884/4/2
f 1854/4/2 1855/4/2 1885/4/2
f 1885/4/2 1855/4/2 1886/4/2
f 1856/4/2 1857/4/2 1887/4/2
f 1858/4/2 1859/4/2 1888/4/2
f 1888/4/2 1859/4/2 1889/4/2
f 1889/4/2 1859/4/2 1890/4/2
f 1890/4/2 1859/4/2 1891/4/2
f 1860/4/2 1861/4/2 1892/4/2
f 1892/4/2 1861/4/2 1893/4/2
f 1862/4/2 1863/4/2 1894/4/2
f 1894/4/2 1863/4/2 1895/4/2
f 1895/4/2 1863/4/2 1896/4/2
f 1864/4/2 1865/4/2 1897/4/2
f 1897/4/2 1865/4/2 1898/4/2
f 1866/4/2 1867/4/2 1899/4/2
f 1868/4/2 1869/4/2 1900/4/2
f 1900/4/2 1869/4/2 1901/4/2
f 1842/4/2 1872/4/2 1903/4/2
f 1903/4/2 1872/4/2 1904/4/2
f 1873/4/2 1874/4/2 1905/4/2
f 1905/4/2 1874/4/2 1906/4/2
f 1875/4/2 1876/4/2 1907/4/2
f 1907/4/2 1876/4/2 1908/4/2
f 1877/4/2 1847/4/2 1909/4/2
f 1909/4/2 1847/4/2 1910/4/2
f 1848/4/2 1878/4/2 1911/4/2
f 1911/4/2 1878/4/2 1912/4/2
f 1880/4/2 1881/4/2 1913/4/2
f 1879/4/2 1880/4/2 1913/4/2
f 1881/4/2 1882/4/2 1913/4/2
f 1913/4/2 1882/4/2 1914/4/2
f 1883/4/2 1884/4/2 1915/4/2
f 1884/4/2 1885/4/2 1915/4/2
f 1915/4/2 1885/4/2 1916/4/2
f 1886/4/2 1855/4/2 1917/4/2
f 1917/4/2 1855/4/2 1918/4/2
f 1856/4/2 1887/4/2 1919/4/2
f 1887/4/2 1888/4/2 1919/4/2
f 1919/4/2 1888/4/2 1920/4/2
f 1889/4/2 1890/4/2 1921/4/2
f 1921/4/2 1890/4/2 1922/4/2
f 1892/4/2 1893/4/2 1923/4/2
f 1893/4/2 1894/4/2 1923/4/2
f 1891/4/2 1892/4/2 1923/4/2
f 1923/4/2 1894/4/2 1924/4/2
f 1896/4/2 1897/4/2 1925/4/2
f 1895/4/2 1896/4/2 1925/4/2
f 1925/4/2 1897/4/2 1926/4/2
f 1898/4/2 1865/4/2 1927/4/2
f 1927/4/2 1865/4/2 1928/4/2
f 1899/4/2 1900/4/2 1929/4/2
f 1866/4/2 1899/4/2 1929/4/2
f 1929/4/2 1900/4/2 1930/4/2
f 1870/7/2 1871/7/2 1931/7/2
f 1931/7/2 1871/7/2 1932/7/2
f 1901/7/2 1902/7/2 1933/7/2
f 1933/7/2 1902/7/2 1934/7/2
f 1935/11/2 1936/11/2 1937/11/2
f 1937/11/2 1936/11/2 1938/11/2
f 1937/10/2 1938/10/2 1939/10/2
f 1939/10/2 1938/10/2 1940/10/2
f 1939/11/2 1940/11/2 1941/11/2
f 1941/11/2 1940/11/2 1942/11/2
f 1941/10/2 1942/10/2 1943/10/2
f 1943/10/2 1942/10/2 1944/10/2
f 1944/10/2 1942/10/2 1945/10/2
f 1945/10/2 1942/10/2 1946/10/2
f 1944/10/2 1945/10/2 1947/10/2
f 1947/10/2 1945/10/2 1948/10/2
f 1949/7/2 1950/7/2 1951/7/2
f 1951/7/2 1950/7/2 1952/7/2
f 1953/7/2 1954/7/2 1955/7/2
f 1955/7/2 1954/7/2 1956/7/2
f 1959/7/2 1960/7/2 1986/7/2
f 1986/7/2 1960/7/2 1987/7/2
f 1961/7/2 1962/7/2 1988/7/2
f 1988/7/2 1962/7/2 1989/7/2
f 1965/7/2 1966/7/2 1992/7/2
f 1992/7/2 1966/7/2 1993/7/2
f 1967/7/2 1968/7/2 1994/7/2
f 1994/7/2 1968/7/2 1995/7/2
f 1969/7/2 1970/7/2 1997/7/2
f 1997/7/2 1970/7/2 1998/7/2
f 1973/7/2 1974/7/2 2000/7/2
f 2000/7/2 1974/7/2 2001/7/2
f 1975/7/2 1976/7/2 2004/7/2
f 2004/7/2 1976/7/2 2005/7/2
f 1977/7/2 1978/7/2 2006/7/2
f 2006/7/2 1978/7/2 2007/7/2
f 1979/7/2 1980/7/2 2009/7/2
f 2009/7/2 1980/7/2 2010/7/2
f 1983/7/2 1984/7/2 2012/7/2
f 2012/7/2 1984/7/2 2013/7/2
f 1957/7/2 1958/7/2 2015/7/2
f 1985/7/2 1986/7/2 2016/7/2
f 2016/7/2 1986/7/2 2017/7/2
f 1987/7/2 1988/7/2 2018/7/2
f 2018/7/2 1988/7/2 2019/7/2
f 1989/7/2 1990/7/2 2020/7/2
f 2020/7/2 1990/7/2 2021/7/2
f 1963/7/2 1964/7/2 2022/7/2
f 2022/7/2 1964/7/2 2023/7/2
f 1991/7/2 1992/7/2 2024/7/2
f 2024/7/2 1992/7/2 2025/7/2
f 1995/7/2 1996/7/2 2026/7/2
f 2026/7/2 1996/7/2 2027/7/2
f 1998/7/2 1999/7/2 2028/7/2
f 2028/7/2 1999/7/2 2029/7/2
f 1971/7/2 1972/7/2 2030/7/2
f 2030/7/2 1972/7/2 2031/7/2
f 2001/7/2 2002/7/2 2032/7/2
f 2032/7/2 2002/7/2 2033/7/2
f 2003/7/2 2004/7/2 2034/7/2
f 2034/7/2 2004/7/2 2035/7/2
f 2007/7/2 2008/7/2 2036/7/2
f 2036/7/2 2008/7/2 2037/7/2
f 2010/7/2 2011/7/2 2038/7/2
f 2038/7/2 2011/7/2 2039/7/2
f 1981/7/2 1982/7/2 2040/7/2
f 2040/7/2 1982/7/2 2041/7/2
f 2013/7/2 2014/7/2 2042/7/2
f 2040/7/2 2041/7/2 2043/7/2
f 2041/7/2 2042/7/2 2043/7/2
f 2036/7/2 2037/7/2 2043/7/2
f 2020/7/2 2021/7/2 2043/7/2
f 2039/7/2 2040/7/2 2043/7/2
f 2018/7/2 2019/7/2 2043/7/2
f 2037/7/2 2038/7/2 2043/7/2
f 2024/7/2 2025/7/2 2043/7/2
f 2035/7/2 2036/7/2 2043/7/2
f 2028/7/2 2029/7/2 2043/7/2
f 2033/7/2 2034/7/2 2043/7/2
f 2026/7/2 2027/7/2 2043/7/2
f 2031/7/2 2032/7/2 2043/7/2
f 2030/7/2 2031/7/2 2043/7/2
f 2029/7/2 2030/7/2 2043/7/2
f 2034/7/2 2035/7/2 2043/7/2
f 2027/7/2 2028/7/2 2043/7/2
f 2038/7/2 2039/7/2 2043/7/2
f 2025/7/2 2026/7/2 2043/7/2
f 1957/7/2 2015/7/2 2043/7/2
f 2023/7/2 2024/7/2 2043/7/2
f 2016/7/2 2017/7/2 2043/7/2
f 2021/7/2 2022/7/2 2043/7/2
f 2032/7/2 2033/7/2 2043/7/2
f 2019/7/2 2020/7/2 2043/7/2
f 2022/7/2 2023/7/2 2043/7/2
f 2017/7/2 2018/7/2 2043/7/2
f 2015/7/2 2016/7/2 2043/7/2
f 2042/7/2 2014/7/2 2044/7/2
f 2043/7/2 2042/7/2 2044/7/2
f 2045/7/2 2046/7/2 2047/7/2
f 2047/7/2 2046/7/2 2048/7/2
f 2049/2/2 2050/2/2 2053/2/2
f 2053/2/2 2050/2/2 2054/2/2
f 2051/2/2 2052/2/2 2055/2/2
f 2055/2/2 2052/2/2 2056/2/2
f 2057/7/2 2058/7/2 2059/7/2
f 2059/7/2 2058/7/2 2060/7/2
f 2061/7/2 2062/7/2 2065/7/2
f 2065/7/2 2062/7/2 2066/7/2
f 2063/7/2 2064/7/2 2067/7/2
f 2067/7/2 2064/7/2 2068/7/2
f 2069/2/2 2070/2/2 2071/2/2
f 2071/2/2 2070/2/2 2072/2/2
f 2073/7/2 2074/7/2 2075/7/2
f 2075/7/2 2074/7/2 2076/7/2
f 2077/4/2 2078/4/2 2081/4/2
f 2081/4/2 2078/4/2 2082/4/2
f 2082/4/2 2078/4/2 2083/4/2
f 2079/4/2 2080/4/2 2084/4/2
f 2084/4/2 2080/4/2 2085/4/2
f 2085/4/2 2080/4/2 2086/4/2
f 2081/1/2 2082/1/2 2087/1/2
f 2087/1/2 2082/1/2 2088/1/2
f 2088/1/2 2082/1/2 2089/1/2
f 2085/1/2 2086/1/2 2121/1/2
f 2121/1/2 2086/1/2 2122/1/2
f 2088/1/2 2089/1/2 2125/1/2
f 2089/1/2 2090/1/2 2125/1/2
f 2125/1/2 2090/1/2 2126/1/2
f 2091/1/2 2092/1/2 2127/1/2
f 2127/1/2 2092/1/2 2128/1/2
f 2093/1/2 2094/1/2 2129/1/2
f 2129/1/2 2094/1/2 2130/1/2
f 2130/1/2 2094/1/2 2131/1/2
f 2131/1/2 2094/1/2 2132/1/2
f 2095/1/2 2096/1/2 2133/1/2
f 2133/1/2 2096/1/2 2134/1/2
f 2134/1/2 2096/1/2 2135/1/2
f 2097/1/2 2098/1/2 2136/1/2
f 2136/1/2 2098/1/2 2137/1/2
f 2137/1/2 2098/1/2 2138/1/2
f 2099/1/2 2100/1/2 2139/1/2
f 2139/1/2 2100/1/2 2140/1/2
f 2101/1/2 2102/1/2 2141/1/2
f 2141/1/2 2102/1/2 2142/1/2
f 2142/1/2 2102/1/2 2143/1/2
f 2143/1/2 2102/1/2 2144/1/2
f 2103/1/2 2104/1/2 2145/1/2
f 2145/1/2 2104/1/2 2146/1/2
f 2105/1/2 2106/1/2 2147/1/2
f 2147/1/2 2106/1/2 2148/1/2
f 2148/1/2 2106/1/2 2149/1/2
f 2149/1/2 2106/1/2 2150/1/2
f 2107/1/2 2108/1/2 2151/1/2
f 2151/1/2 2108/1/2 2152/1/2
f 2152/1/2 2108/1/2 2153/1/2
f 2109/1/2 2110/1/2 2154/1/2
f 2111/1/2 2112/1/2 2155/1/2
f 2155/1/2 2112/1/2 2156/1/2
f 2113/1/2 2114/1/2 2157/1/2
f 2157/1/2 2114/1/2 2158/1/2
f 2115/1/2 2116/1/2 2159/1/2
f 2159/1/2 2116/1/2 2160/1/2
f 2160/1/2 2116/1/2 2161/1/2
f 2161/1/2 2116/1/2 2162/1/2
f 2117/1/2 2118/1/2 2163/1/2
f 2163/1/2 2118/1/2 2164/1/2
f 2164/1/2 2118/1/2 2165/1/2
f 2119/1/2 2120/1/2 2166/1/2
f 2166/1/2 2120/1/2 2167/1/2
f 2167/1/2 2120/1/2 2168/1/2
f 2085/1/2 2121/1/2 2169/1/2
f 2169/1/2 2121/1/2 2170/1/2
f 2122/1/2 2086/1/2 2171/1/2
f 2171/1/2 2086/1/2 2172/1/2
f 2172/1/2 2086/1/2 2173/1/2
f 2123/7/2 2124/7/2 2175/7/2
f 2124/1/2 2125/1/2 2175/1/2
f 2175/1/2 2125/1/2 2176/1/2
f 2126/1/2 2090/1/2 2177/1/2
f 2177/1/2 2090/1/2 2178/1/2
f 2091/1/2 2127/1/2 2179/1/2
f 2179/1/2 2127/1/2 2180/1/2
f 2128/1/2 2129/1/2 2181/1/2
f 2181/1/2 2129/1/2 2182/1/2
f 2130/1/2 2131/1/2 2183/1/2
f 2183/1/2 2131/1/2 2184/1/2
f 2132/1/2 2133/1/2 2185/1/2
f 2133/1/2 2134/1/2 2185/1/2
f 2185/1/2 2134/1/2 2186/1/2
f 2135/1/2 2136/1/2 2187/1/2
f 2136/1/2 2137/1/2 2187/1/2
f 2187/1/2 2137/1/2 2188/1/2
f 2139/1/2 2140/1/2 2189/1/2
f 2138/1/2 2139/1/2 2189/1/2
f 2140/1/2 2141/1/2 2189/1/2
f 2189/1/2 2141/1/2 2190/1/2
f 2142/1/2 2143/1/2 2191/1/2
f 2191/1/2 2143/1/2 2192/1/2
f 2145/1/2 2146/1/2 2193/1/2
f 2144/1/2 2145/1/2 2193/1/2
f 2146/1/2 2147/1/2 2193/1/2
f 2193/1/2 2147/1/2 2194/1/2
f 2148/1/2 2149/1/2 2195/1/2
f 2195/1/2 2149/1/2 2196/1/2
f 2150/1/2 2151/1/2 2197/1/2
f 2151/1/2 2152/1/2 2197/1/2
f 2197/1/2 2152/1/2 2198/1/2
f 2153/1/2 2154/1/2 2199/1/2
f 2154/1/2 2110/1/2 2200/1/2
f 2199/1/2 2154/1/2 2200/1/2
f 2111/1/2 2155/1/2 2201/1/2
f 2201/1/2 2155/1/2 2202/1/2
f 2157/1/2 2158/1/2 2203/1/2
f 2158/1/2 2159/1/2 2203/1/2
f 2156/1/2 2157/1/2 2203/1/2
f 2203/1/2 2159/1/2 2204/1/2
f 2160/1/2 2161/1/2 2205/1/2
f 2205/1/2 2161/1/2 2206/1/2
f 2163/1/2 2164/1/2 2207/1/2
f 2162/1/2 2163/1/2 2207/1/2
f 2207/1/2 2164/1/2 2208/1/2
f 2166/1/2 2167/1/2 2209/1/2
f 2165/1/2 2166/1/2 2209/1/2
f 2209/1/2 2167/1/2 2210/1/2
f 2169/1/2 2170/1/2 2211/1/2
f 2170/1/2 2171/1/2 2211/1/2
f 2168/1/2 2169/1/2 2211/1/2
f 2211/1/2 2171/1/2 2212/1/2
f 2172/1/2 2173/1/2 2213/1/2
f 2173/7/2 2174/7/2 2214/7/2
f 2213/1/2 2173/1/2 2214/1/2
f 2123/7/2 2175/7/2 2215/7/2
f 2215/7/2 2175/7/2 2216/7/2
f 2214/7/2 2174/7/2 2217/7/2
f 2217/7/2 2174/7/2 2218/7/2
f 2221/7/2 2222/7/2 2256/7/2
f 2256/7/2 2222/7/2 2257/7/2
f 2223/7/2 2224/7/2 2260/7/2
f 2260/7/2 2224/7/2 2261/7/2
f 2225/7/2 2226/7/2 2263/7/2
f 2263/7/2 2226/7/2 2264/7/2
f 2227/7/2 2228/7/2 2266/7/2
f 2266/7/2 2228/7/2 2267/7/2
f 2229/7/2 2230/7/2 2268/7/2
f 2268/7/2 2230/7/2 2269/7/2
f 2231/7/2 2232/7/2 2272/7/2
f 2272/7/2 2232/7/2 2273/7/2
f 2233/7/2 2234/7/2 2274/7/2
f 2274/7/2 2234/7/2 2275/7/2
f 2235/7/2 2236/7/2 2278/7/2
f 2278/7/2 2236/7/2 2279/7/2
f 2237/7/2 2238/7/2 2281/7/2
f 2281/7/2 2238/7/2 2282/7/2
f 2241/7/2 2242/7/2 2284/7/2
f 2284/7/2 2242/7/2 2285/7/2
f 2243/7/2 2244/7/2 2286/7/2
f 2286/7/2 2244/7/2 2287/7/2
f 2245/7/2 2246/7/2 2290/7/2
f 2290/7/2 2246/7/2 2291/7/2
f 2247/7/2 2248/7/2 2293/7/2
f 2293/7/2 2248/7/2 2294/7/2
f 2249/7/2 2250/7/2 2296/7/2
f 2296/7/2 2250/7/2 2297/7/2
f 2251/7/2 2252/7/2 2298/7/2
f 2298/7/2 2252/7/2 2299/7/2
f 2253/7/2 2254/7/2 2301/7/2
f 2219/7/2 2220/7/2 2302/7/2
f 2302/7/2 2220/7/2 2303/7/2
f 2255/7/2 2256/7/2 2304/7/2
f 2304/7/2 2256/7/2 2305/7/2
f 2257/7/2 2258/7/2 2306/7/2
f 2306/7/2 2258/7/2 2307/7/2
f 2259/7/2 2260/7/2 2308/7/2
f 2308/7/2 2260/7/2 2309/7/2
f 2262/7/2 2263/7/2 2310/7/2
f 2310/7/2 2263/7/2 2311/7/2
f 2265/7/2 2266/7/2 2312/7/2
f 2312/7/2 2266/7/2 2313/7/2
f 2269/7/2 2270/7/2 2314/7/2
f 2314/7/2 2270/7/2 2315/7/2
f 2271/7/2 2272/7/2 2316/7/2
f 2316/7/2 2272/7/2 2317/7/2
f 2275/7/2 2276/7/2 2318/7/2
f 2318/7/2 2276/7/2 2319/7/2
f 2277/7/2 2278/7/2 2320/7/2
f 2320/7/2 2278/7/2 2321/7/2
f 2280/7/2 2281/7/2 2322/7/2
f 2322/7/2 2281/7/2 2323/7/2
f 2239/7/2 2240/7/2 2324/7/2
f 2324/7/2 2240/7/2 2325/7/2
f 2283/7/2 2284/7/2 2326/7/2
f 2326/7/2 2284/7/2 2327/7/2
f 2287/7/2 2288/7/2 2328/7/2
f 2328/7/2 2288/7/2 2329/7/2
f 2289/7/2 2290/7/2 2330/7/2
f 2330/7/2 2290/7/2 2331/7/2
f 2292/7/2 2293/7/2 2332/7/2
f 2332/7/2 2293/7/2 2333/7/2
f 2295/7/2 2296/7/2 2334/7/2
f 2334/7/2 2296/7/2 2335/7/2
f 2299/7/2 2300/7/2 2336/7/2
f 2336/7/2 2300/7/2 2337/7/2
f 2253/7/2 2301/7/2 2339/7/2
f 2337/7/2 2338/7/2 2339/7/2
f 2336/7/2 2337/7/2 2339/7/2
f 2335/7/2 2336/7/2 2339/7/2
f 2334/7/2 2335/7/2 2339/7/2
f 2333/7/2 2334/7/2 2339/7/2
f 2304/7/2 2305/7/2 2339/7/2
f 2331/7/2 2332/7/2 2339/7/2
f 2332/7/2 2333/7/2 2339/7/2
f 2329/7/2 2330/7/2 2339/7/2
f 2312/7/2 2313/7/2 2339/7/2
f 2327/7/2 2328/7/2 2339/7/2
f 2330/7/2 2331/7/2 2339/7/2
f 2325/7/2 2326/7/2 2339/7/2
f 2316/7/2 2317/7/2 2339/7/2
f 2323/7/2 2324/7/2 2339/7/2
f 2322/7/2 2323/7/2 2339/7/2
f 2321/7/2 2322/7/2 2339/7/2
f 2328/7/2 2329/7/2 2339/7/2
f 2319/7/2 2320/7/2 2339/7/2
f 2326/7/2 2327/7/2 2339/7/2
f 2317/7/2 2318/7/2 2339/7/2
f 2324/7/2 2325/7/2 2339/7/2
f 2315/7/2 2316/7/2 2339/7/2
f 2302/7/2 2303/7/2 2339/7/2
f 2313/7/2 2314/7/2 2339/7/2
f 2320/7/2 2321/7/2 2339/7/2
f 2311/7/2 2312/7/2 2339/7/2
f 2306/7/2 2307/7/2 2339/7/2
f 2309/7/2 2310/7/2 2339/7/2
f 2308/7/2 2309/7/2 2339/7/2
f 2307/7/2 2308/7/2 2339/7/2
f 2310/7/2 2311/7/2 2339/7/2
f 2305/7/2 2306/7/2 2339/7/2
f 2314/7/2 2315/7/2 2339/7/2
f 2303/7/2 2304/7/2 2339/7/2
f 2318/7/2 2319/7/2 2339/7/2
f 2301/7/2 2302/7/2 2339/7/2
f 2339/7/2 2338/7/2 2340/7/2
f 2341/7/2 2342/7/2 2345/7/2
f 2345/7/2 2342/7/2 2346/7/2
f 2343/7/2 2344/7/2 2347/7/2
f 2347/7/2 2344/7/2 2348/7/2
f 2349/7/2 2350/7/2 2353/7/2
f 2353/7/2 2350/7/2 2354/7/2
f 2351/7/2 2352/7/2 2355/7/2
f 2355/7/2 2352/7/2 2356/7/2
f 2357/7/2 2358/7/2 2359/7/2
f 2359/7/2 2358/7/2 2360/7/2
f 2361/7/2 2362/7/2 2363/7/2
f 2363/7/2 2362/7/2 2364/7/2
f 2365/7/2 2366/7/2 2367/7/2
f 2367/7/2 2366/7/2 2368/7/2
f 2369/7/2 2370/7/2 2371/7/2
f 2371/7/2 2370/7/2 2372/7/2
f 2373/5/2 2374/5/2 2375/5/2
f 2375/5/2 2374/5/2 2376/5/2
f 2377/2/2 2378/2/2 2381/2/2
f 2381/2/2 2378/2/2 2382/2/2
f 2379/2/2 2380/2/2 2383/2/2
f 2383/2/2 2380/2/2 2384/2/2
f 2385/11/2 2386/11/2 2389/11/2
f 2389/11/2 2386/11/2 2390/11/2
f 2387/11/2 2388/11/2 2391/11/2
f 2391/11/2 2388/11/2 2392/11/2
f 2390/10/2 2391/10/2 2393/10/2
f 2393/10/2 2391/10/2 2394/10/2
f 2395/7/2 2396/7/2 2397/7/2
f 2397/7/2 2396/7/2 2398/7/2
f 2399/7/2 2400/7/2 2423/7/2
f 2423/7/2 2400/7/2 2424/7/2
f 2401/4/2 2402/4/2 2425/4/2
f 2403/4/2 2404/4/2 2426/4/2
f 2426/4/2 2404/4/2 2427/4/2
f 2427/4/2 2404/4/2 2428/4/2
f 2405/4/2 2406/4/2 2429/4/2
f 2429/4/2 2406/4/2 2430/4/2
f 2407/4/2 2408/4/2 2431/4/2
f 2431/4/2 2408/4/2 2432/4/2
f 2409/4/2 2410/4/2 2433/4/2
f 2433/4/2 2410/4/2 2434/4/2
f 2411/4/2 2412/4/2 2435/4/2
f 2435/4/2 2412/4/2 2436/4/2
f 2436/4/2 2412/4/2 2437/4/2
f 2413/4/2 2414/4/2 2438/4/2
f 2438/4/2 2414/4/2 2439/4/2
f 2439/4/2 2414/4/2 2440/4/2
f 2440/4/2 2414/4/2 2441/4/2
f 2415/4/2 2416/4/2 2442/4/2
f 2442/4/2 2416/4/2 2443/4/2
f 2443/4/2 2416/4/2 2444/4/2
f 2417/4/2 2418/4/2 2445/4/2
f 2445/4/2 2418/4/2 2446/4/2
f 2419/12/2 2420/12/2 2449/12/2
f 2449/12/2 2420/12/2 2450/12/2
f 2421/12/2 2422/12/2 2451/12/2
f 2451/12/2 2422/12/2 2452/12/2
f 2401/4/2 2425/4/2 2453/4/2
f 2425/4/2 2426/4/2 2453/4/2
f 2453/4/2 2426/4/2 2454/4/2
f 2427/4/2 2428/4/2 2455/4/2
f 2428/4/2 2429/4/2 2455/4/2
f 2455/4/2 2429/4/2 2456/4/2
f 2430/4/2 2406/4/2 2457/4/2
f 2457/4/2 2406/4/2 2458/4/2
f 2407/4/2 2431/4/2 2459/4/2
f 2459/4/2 2431/4/2 2460/4/2
f 2433/4/2 2434/4/2 2461/4/2
f 2432/4/2 2433/4/2 2461/4/2
f 2434/4/2 2435/4/2 2461/4/2
f 2461/4/2 2435/4/2 2462/4/2
f 2436/4/2 2437/4/2 2463/4/2
f 2437/4/2 2438/4/2 2463/4/2
f 2463/4/2 2438/4/2 2464/4/2
f 2439/4/2 2440/4/2 2465/4/2
f 2465/4/2 2440/4/2 2466/4/2
f 2441/4/2 2442/4/2 2467/4/2
f 2467/4/2 2442/4/2 2468/4/2
f 2444/4/2 2445/4/2 2469/4/2
f 2443/4/2 2444/4/2 2469/4/2
f 2469/4/2 2445/4/2 2470/4/2
f 2447/7/2 2448/7/2 2471/7/2
f 2471/7/2 2448/7/2 2472/7/2
f 2473/11/2 2474/11/2 2481/11/2
f 2481/11/2 2474/11/2 2482/11/2
f 2475/12/2 2476/12/2 2483/12/2
f 2483/12/2 2476/12/2 2484/12/2
f 2477/12/2 2478/12/2 2485/12/2
f 2485/12/2 2478/12/2 2486/12/2
f 2479/2/2 2480/2/2 2487/2/2
f 2487/2/2 2480/2/2 2488/2/2
f 2481/10/2 2482/10/2 2489/10/2
f 2489/10/2 2482/10/2 2490/10/2
f 2489/11/2 2490/11/2 2491/11/2
f 2491/11/2 2490/11/2 2492/11/2
f 2491/10/2 2492/10/2 2493/10/2
f 2493/10/2 2492/10/2 2494/10/2
f 2494/10/2 2492/10/2 2495/10/2
f 2495/10/2 2492/10/2 2496/10/2
f 2494/11/2 2495/11/2 2497/11/2
f 2497/11/2 2495/11/2 2498/11/2
f 2499/7/2 2500/7/2 2501/7/2
f 2501/7/2 2500/7/2 2502/7/2
f 2503/4/2 2504/4/2 2543/4/2
f 2543/4/2 2504/4/2 2544/4/2
f 2505/4/2 2506/4/2 2545/4/2
f 2545/4/2 2506/4/2 2546/4/2
f 2507/4/2 2508/4/2 2547/4/2
f 2547/4/2 2508/4/2 2548/4/2
f 2509/4/2 2510/4/2 2549/4/2
f 2549/4/2 2510/4/2 2550/4/2
f 2511/4/2 2512/4/2 2551/4/2
f 2551/4/2 2512/4/2 2552/4/2
f 2513/4/2 2514/4/2 2553/4/2
f 2515/4/2 2516/4/2 2554/4/2
f 2554/4/2 2516/4/2 2555/4/2
f 2517/7/2 2518/7/2 2556/7/2
f 2556/7/2 2518/7/2 2557/7/2
f 2519/7/2 2520/7/2 2559/7/2
f 2559/7/2 2520/7/2 2560/7/2
f 2523/7/2 2524/7/2 2563/7/2
f 2563/7/2 2524/7/2 2564/7/2
f 2525/7/2 2526/7/2 2565/7/2
f 2565/7/2 2526/7/2 2566/7/2
f 2527/7/2 2528/7/2 2568/7/2
f 2568/7/2 2528/7/2 2569/7/2
f 2529/7/2 2530/7/2 2572/7/2
f 2572/7/2 2530/7/2 2573/7/2
f 2531/7/2 2532/7/2 2575/7/2
f 2575/7/2 2532/7/2 2576/7/2
f 2533/4/2 2534/4/2 2577/4/2
f 2535/4/2 2536/4/2 2578/4/2
f 2537/4/2 2538/4/2 2579/4/2
f 2579/4/2 2538/4/2 2580/4/2
f 2538/7/2 2539/7/2 2581/7/2
f 2580/4/2 2538/4/2 2581/4/2
f 2581/7/2 2539/7/2 2582/7/2
f 2540/12/2 2541/12/2 2583/12/2
f 2583/12/2 2541/12/2 2584/12/2
f 2545/4/2 2546/4/2 2585/4/2
f 2544/4/2 2545/4/2 2585/4/2
f 2546/4/2 2547/4/2 2585/4/2
f 2585/4/2 2547/4/2 2586/4/2
f 2549/4/2 2550/4/2 2587/4/2
f 2548/4/2 2549/4/2 2587/4/2
f 2550/4/2 2551/4/2 2587/4/2
f 2587/4/2 2551/4/2 2588/4/2
f 2552/4/2 2512/4/2 2589/4/2
f 2589/4/2 2512/4/2 2590/4/2
f 2513/4/2 2553/4/2 2591/4/2
f 2553/4/2 2554/4/2 2591/4/2
f 2591/4/2 2554/4/2 2592/4/2
f 2557/7/2 2558/7/2 2594/7/2
f 2594/7/2 2558/7/2 2595/7/2
f 2560/7/2 2561/7/2 2596/7/2
f 2596/7/2 2561/7/2 2597/7/2
f 2521/7/2 2522/7/2 2598/7/2
f 2598/7/2 2522/7/2 2599/7/2
f 2562/7/2 2563/7/2 2600/7/2
f 2600/7/2 2563/7/2 2601/7/2
f 2566/7/2 2567/7/2 2602/7/2
f 2602/7/2 2567/7/2 2603/7/2
f 2569/7/2 2570/7/2 2604/7/2
f 2604/7/2 2570/7/2 2605/7/2
f 2571/7/2 2572/7/2 2606/7/2
f 2606/7/2 2572/7/2 2607/7/2
f 2573/7/2 2574/7/2 2608/7/2
f 2608/7/2 2574/7/2 2609/7/2
f 2576/7/2 2577/7/2 2610/7/2
f 2577/4/2 2534/4/2 2611/4/2
f 2610/7/2 2577/7/2 2611/7/2
f 2611/4/2 2534/4/2 2612/4/2
f 2578/4/2 2579/4/2 2613/4/2
f 2535/4/2 2578/4/2 2613/4/2
f 2613/4/2 2579/4/2 2614/4/2
f 2580/4/2 2581/4/2 2615/4/2
f 2615/4/2 2581/4/2 2616/4/2
f 2542/7/2 2543/7/2 2618/7/2
f 2618/7/2 2543/7/2 2619/7/2
f 2607/7/2 2608/7/2 2622/7/2
f 2596/7/2 2597/7/2 2622/7/2
f 2594/7/2 2595/7/2 2622/7/2
f 2609/7/2 2610/7/2 2622/7/2
f 2600/7/2 2601/7/2 2622/7/2
f 2603/7/2 2604/7/2 2622/7/2
f 2602/7/2 2603/7/2 2622/7/2
f 2601/7/2 2602/7/2 2622/7/2
f 2606/7/2 2607/7/2 2622/7/2
f 2599/7/2 2600/7/2 2622/7/2
f 2608/7/2 2609/7/2 2622/7/2
f 2597/7/2 2598/7/2 2622/7/2
f 2610/7/2 2611/7/2 2622/7/2
f 2595/7/2 2596/7/2 2622/7/2
f 2605/7/2 2606/7/2 2622/7/2
f 2593/7/2 2594/7/2 2622/7/2
f 2604/7/2 2605/7/2 2622/7/2
f 2598/7/2 2599/7/2 2622/7/2
f 2622/7/2 2611/7/2 2623/7/2
f 2616/7/2 2617/7/2 2624/7/2
f 2624/7/2 2617/7/2 2625/7/2
f 2620/12/2 2621/12/2 2626/12/2
f 2626/12/2 2621/12/2 2627/12/2
f 2628/7/2 2629/7/2 2630/7/2
f 2630/7/2 2629/7/2 2631/7/2
f 2632/7/2 2633/7/2 2649/7/2
f 2649/7/2 2633/7/2 2650/7/2
f 2634/7/2 2635/7/2 2651/7/2
f 2651/7/2 2635/7/2 2652/7/2
f 2636/7/2 2637/7/2 2653/7/2
f 2653/7/2 2637/7/2 2654/7/2
f 2638/7/2 2639/7/2 2655/7/2
f 2655/7/2 2639/7/2 2656/7/2
f 2642/7/2 2643/7/2 2658/7/2
f 2658/7/2 2643/7/2 2659/7/2
f 2646/7/2 2647/7/2 2661/7/2
f 2661/7/2 2647/7/2 2662/7/2
f 2648/7/2 2649/7/2 2664/7/2
f 2652/7/2 2653/7/2 2665/7/2
f 2665/7/2 2653/7/2 2666/7/2
f 2656/7/2 2657/7/2 2667/7/2
f 2667/7/2 2657/7/2 2668/7/2
f 2640/7/2 2641/7/2 2669/7/2
f 2669/7/2 2641/7/2 2670/7/2
f 2659/7/2 2660/7/2 2671/7/2
f 2644/7/2 2645/7/2 2673/7/2
f 2673/7/2 2645/7/2 2674/7/2
f 2662/7/2 2663/7/2 2675/7/2
f 2675/7/2 2663/7/2 2676/7/2
f 2669/7/2 2670/7/2 2678/7/2
f 2667/7/2 2668/7/2 2678/7/2
f 2665/7/2 2666/7/2 2678/7/2
f 2670/7/2 2671/7/2 2678/7/2
f 2648/7/2 2664/7/2 2678/7/2
f 2664/7/2 2665/7/2 2678/7/2
f 2666/7/2 2667/7/2 2678/7/2
f 2668/7/2 2669/7/2 2678/7/2
f 2671/7/2 2660/7/2 2679/7/2
f 2678/7/2 2671/7/2 2679/7/2
f 2676/7/2 2677/7/2 2680/7/2
f 2673/7/2 2674/7/2 2680/7/2
f 2675/7/2 2676/7/2 2680/7/2
f 2674/7/2 2675/7/2 2680/7/2
f 2672/7/2 2673/7/2 2680/7/2
f 2680/7/2 2677/7/2 2681/7/2
f 2682/7/2 2683/7/2 2686/7/2
f 2684/7/2 2685/7/2 2686/7/2
f 2683/7/2 2684/7/2 2686/7/2
f 2686/7/2 2685/7/2 2687/7/2
f 2688/7/2 2689/7/2 2690/7/2
f 2690/7/2 2689/7/2 2691/7/2
f 2692/7/2 2693/7/2 2696/7/2
f 2696/7/2 2693/7/2 2697/7/2
f 2694/7/2 2695/7/2 2698/7/2
f 2698/7/2 2695/7/2 2699/7/2
f 2700/7/2 2701/7/2 2702/7/2
f 2702/7/2 2701/7/2 2703/7/2
f 2704/7/2 2705/7/2 2706/7/2
f 2706/7/2 2705/7/2 2707/7/2
f 2708/7/2 2709/7/2 2710/7/2
f 2710/7/2 2709/7/2 2711/7/2
f 2712/7/2 2713/7/2 2714/7/2
f 2714/7/2 2713/7/2 2715/7/2
f 2716/7/2 2717/7/2 2718/7/2
f 2718/7/2 2717/7/2 2719/7/2
f 2720/7/2 2721/7/2 2726/7/2
f 2726/7/2 2721/7/2 2727/7/2
f 2722/12/2 2723/12/2 2730/12/2
f 2730/12/2 2723/12/2 2731/12/2
f 2724/12/2 2725/12/2 2732/12/2
f 2732/12/2 2725/12/2 2733/12/2
f 2728/7/2 2729/7/2 2734/7/2
f 2734/7/2 2729/7/2 2735/7/2
f 2736/7/2 2737/7/2 2740/7/2
f 2740/7/2 2737/7/2 2741/7/2
f 2738/7/2 2739/7/2 2742/7/2
f 2742/7/2 2739/7/2 2743/7/2
f 2744/7/2 2745/7/2 2748/7/2
f 2748/7/2 2745/7/2 2749/7/2
f 2746/12/2 2747/12/2 2750/12/2
f 2750/12/2 2747/12/2 2751/12/2
f 2752/5/2 2753/5/2 2756/5/2
f 2756/5/2 2753/5/2 2757/5/2
f 2754/5/2 2755/5/2 2758/5/2
f 2758/5/2 2755/5/2 2759/5/2
f 2760/11/2 2761/11/2 2764/11/2
f 2764/11/2 2761/11/2 2765/11/2
f 2762/11/2 2763/11/2 2766/11/2
f 2766/11/2 2763/11/2 2767/11/2
f 2765/10/2 2766/10/2 2768/10/2
f 2768/10/2 2766/10/2 2769/10/2
f 2770/10/2 2771/10/2 2774/10/2
f 2774/10/2 2771/10/2 2775/10/2
f 2772/10/2 2773/10/2 2776/10/2
f 2776/10/2 2773/10/2 2777/10/2
f 2775/11/2 2776/11/2 2778/11/2
f 2778/11/2 2776/11/2 2779/11/2
f 2780/7/2 2781/7/2 2784/7/2
f 2784/7/2 2781/7/2 2785/7/2
f 2782/7/2 2783/7/2 2786/7/2
f 2786/7/2 2783/7/2 2787/7/2
f 2788/11/2 2789/11/2 2792/11/2
f 2792/11/2 2789/11/2 2793/11/2
f 2790/11/2 2791/11/2 2794/11/2
f 2794/11/2 2791/11/2 2795/11/2
f 2792/10/2 2793/10/2 2796/10/2
f 2796/10/2 2793/10/2 2797/10/2
f 2797/10/2 2793/10/2 2798/10/2
f 2798/10/2 2793/10/2 2799/10/2
f 2794/10/2 2795/10/2 2800/10/2
f 2800/10/2 2795/10/2 2801/10/2
f 2797/11/2 2798/11/2 2802/11/2
f 2802/11/2 2798/11/2 2803/11/2
f 2800/11/2 2801/11/2 2804/11/2
f 2804/11/2 2801/11/2 2805/11/2
f 2804/10/2 2805/10/2 2806/10/2
f 2806/10/2 2805/10/2 2807/10/2
f 2807/10/2 2805/10/2 2808/10/2
f 2808/10/2 2805/10/2 2809/10/2
f 2807/10/2 2808/10/2 2810/10/2
f 2810/10/2 2808/10/2 2811/10/2
f 2812/7/2 2813/7/2 2814/7/2
f 2814/7/2 2813/7/2 2815/7/2
f 2816/7/2 2817/7/2 2820/7/2
f 2820/7/2 2817/7/2 2821/7/2
f 2818/7/2 2819/7/2 2822/7/2
f 2822/7/2 2819/7/2 2823/7/2
f 2824/7/2 2825/7/2 2826/7/2
f 2826/7/2 2825/7/2 2827/7/2
f 2828/7/2 2829/7/2 2830/7/2
f 2830/7/2 2829/7/2 2831/7/2
f 2832/7/2 2833/7/2 2834/7/2
f 2832/7/2 2834/7/2 2835/7/2
f 2835/7/2 2834/7/2 2836/7/2
f 2837/7/2 2838/7/2 2839/7/2
f 2839/7/2 2838/7/2 2840/7/2
f 2841/7/2 2842/7/2 2843/7/2
f 2843/7/2 2842/7/2 2844/7/2
f 2847/7/2 2848/7/2 2849/7/2
f 2849/7/2 2848/7/2 2850/7/2
f 2845/7/2 2846/7/2 2851/7/2
f 2851/7/2 2846/7/2 2852/7/2
f 2853/7/2 2854/7/2 2855/7/2
f 2855/7/2 2854/7/2 2856/7/2
f 2857/7/2 2858/7/2 2859/7/2
f 2859/7/2 2858/7/2 2860/7/2
f 2861/7/2 2862/7/2 2865/7/2
f 2865/7/2 2862/7/2 2866/7/2
f 2863/7/2 2864/7/2 2867/7/2
f 2867/7/2 2864/7/2 2868/7/2
f 2869/7/2 2870/7/2 2873/7/2
f 2873/7/2 2870/7/2 2874/7/2
f 2871/7/2 2872/7/2 2875/7/2
f 2875/7/2 2872/7/2 2876/7/2
f 2877/7/2 2878/7/2 2879/7/2
f 2879/7/2 2878/7/2 2880/7/2
f 2881/7/2 2882/7/2 2883/7/2
f 2883/7/2 2882/7/2 2884/7/2
f 2885/7/2 2886/7/2 2887/7/2
f 2887/7/2 2886/7/2 2888/7/2
f 2889/7/2 2890/7/2 2891/7/2
f 2891/7/2 2890/7/2 2892/7/2
f 2893/6/2 2894/6/2 2917/6/2
f 2895/6/2 2896/6/2 2918/6/2
f 2918/6/2 2896/6/2 2919/6/2
f 2897/6/2 2898/6/2 2920/6/2
f 2920/6/2 2898/6/2 2921/6/2
f 2899/6/2 2900/6/2 2922/6/2
f 2922/6/2 2900/6/2 2923/6/2
f 2901/6/2 2902/6/2 2924/6/2
f 2924/6/2 2902/6/2 2925/6/2
f 2903/6/2 2904/6/2 2926/6/2
f 2926/6/2 2904/6/2 2927/6/2
f 2905/6/2 2906/6/2 2928/6/2
f 2928/6/2 2906/6/2 2929/6/2
f 2907/6/2 2908/6/2 2930/6/2
f 2930/6/2 2908/6/2 2931/6/2
f 2909/6/2 2910/6/2 2932/6/2
f 2932/6/2 2910/6/2 2933/6/2
f 2911/6/2 2912/6/2 2934/6/2
f 2934/6/2 2912/6/2 2935/6/2
f 2913/6/2 2914/6/2 2936/6/2
f 2936/6/2 2914/6/2 2937/6/2
f 2915/6/2 2916/6/2 2938/6/2
f 2938/6/2 2916/6/2 2939/6/2
f 2936/6/2 2937/6/2 2940/6/2
f 2893/6/2 2917/6/2 2940/6/2
f 2937/6/2 2938/6/2 2940/6/2
f 2918/6/2 2919/6/2 2940/6/2
f 2935/6/2 2936/6/2 2940/6/2
f 2920/6/2 2921/6/2 2940/6/2
f 2933/6/2 2934/6/2 2940/6/2
f 2922/6/2 2923/6/2 2940/6/2
f 2931/6/2 2932/6/2 2940/6/2
f 2924/6/2 2925/6/2 2940/6/2
f 2929/6/2 2930/6/2 2940/6/2
f 2926/6/2 2927/6/2 2940/6/2
f 2927/6/2 2928/6/2 2940/6/2
f 2928/6/2 2929/6/2 2940/6/2
f 2925/6/2 2926/6/2 2940/6/2
f 2930/6/2 2931/6/2 2940/6/2
f 2923/6/2 2924/6/2 2940/6/2
f 2932/6/2 2933/6/2 2940/6/2
f 2921/6/2 2922/6/2 2940/6/2
f 2934/6/2 2935/6/2 2940/6/2
f 2919/6/2 2920/6/2 2940/6/2
f 2917/6/2 2918/6/2 2940/6/2
f 2940/6/2 2938/6/2 2941/6/2
f 2941/6/2 2938/6/2 2942/6/2
f 2942/6/2 2938/6/2 2943/6/2
f 2943/6/2 2938/6/2 2944/6/2
f 2944/6/2 2938/6/2 2945/6/2
f 2945/6/2 2938/6/2 2946/6/2
f 2946/6/2 2938/6/2 2947/6/2
f 2947/6/2 2938/6/2 2948/6/2
f 2948/6/2 2938/6/2 2949/6/2
f 2949/6/2 2938/6/2 2950/6/2
f 2950/6/2 2938/6/2 2951/6/2
f 2951/6/2 2938/6/2 2952/6/2
f 2952/6/2 2938/6/2 2953/6/2
f 2953/6/2 2938/6/2 2954/6/2
f 2954/6/2 2938/6/2 2955/6/2
f 2955/6/2 2938/6/2 2956/6/2
f 2956/6/2 2938/6/2 2957/6/2
f 2957/6/2 2938/6/2 2958/6/2
f 2958/6/2 2938/6/2 2959/6/2
f 2959/6/2 2938/6/2 2960/6/2
f 2960/6/2 2938/6/2 2961/6/2
f 2893/6/2 2940/6/2 2963/6/2
f 2963/6/2 2940/6/2 2964/6/2
f 2941/6/2 2942/6/2 2965/6/2
f 2965/6/2 2942/6/2 2966/6/2
f 2943/6/2 2944/6/2 2967/6/2
f 2967/6/2 2944/6/2 2968/6/2
f 2945/6/2 2946/6/2 2969/6/2
f 2969/6/2 2946/6/2 2970/6/2
f 2947/6/2 2948/6/2 2971/6/2
f 2971/6/2 2948/6/2 2972/6/2
f 2949/6/2 2950/6/2 2973/6/2
f 2973/6/2 2950/6/2 2974/6/2
f 2951/6/2 2952/6/2 2975/6/2
f 2975/6/2 2952/6/2 2976/6/2
f 2953/6/2 2954/6/2 2977/6/2
f 2977/6/2 2954/6/2 2978/6/2
f 2955/6/2 2956/6/2 2979/6/2
f 2979/6/2 2956/6/2 2980/6/2
f 2957/6/2 2958/6/2 2981/6/2
f 2981/6/2 2958/6/2 2982/6/2
f 2959/6/2 2960/6/2 2983/6/2
f 2983/6/2 2960/6/2 2984/6/2
f 2961/6/2 2962/6/2 2985/6/2
f 2985/6/2 2962/6/2 2986/6/2
f 2987/7/2 2988/7/2 2989/7/2
f 2989/7/2 2988/7/2 2990/7/2
f 2991/7/2 2992/7/2 2995/7/2
f 2995/7/2 2992/7/2 2996/7/2
f 2993/7/2 2994/7/2 2997/7/2
f 2997/7/2 2994/7/2 2998/7/2
f 2999/7/2 3000/7/2 3003/7/2
f 3003/7/2 3000/7/2 3004/7/2
f 3001/7/2 3002/7/2 3005/7/2
f 3005/7/2 3002/7/2 3006/7/2
f 3007/7/2 3008/7/2 3011/7/2
f 3011/7/2 3008/7/2 3012/7/2
f 3009/7/2 3010/7/2 3013/7/2
f 3013/7/2 3010/7/2 3014/7/2
f 3015/2/2 3016/2/2 3021/2/2
f 3021/2/2 3016/2/2 3022/2/2
f 3017/2/2 3018/2/2 3023/2/2
f 3023/2/2 3018/2/2 3024/2/2
f 3019/7/2 3020/7/2 3025/7/2
f 3025/7/2 3020/7/2 3026/7/2
f 3027/7/2 3028/7/2 3029/7/2
f 3029/7/2 3028/7/2 3030/7/2
f 3031/7/2 3032/7/2 3033/7/2
f 3033/7/2 3032/7/2 3034/7/2
f 3035/2/2 3036/2/2 3039/2/2
f 3039/2/2 3036/2/2 3040/2/2
f 3037/7/2 3038/7/2 3041/7/2
f 3041/7/2 3038/7/2 3042/7/2
f 3043/6/2 3044/6/2 3045/6/2
f 3045/6/2 3044/6/2 3046/6/2
f 3047/6/2 3048/6/2 3049/6/2
f 3049/6/2 3048/6/2 3050/6/2
f 3051/7/2 3052/7/2 3053/7/2
f 3053/7/2 3052/7/2 3054/7/2
f 3055/7/2 3056/7/2 3059/7/2
f 3059/7/2 3056/7/2 3060/7/2
f 3057/7/2 3058/7/2 3061/7/2
f 3061/7/2 3058/7/2 3062/7/2
f 3063/7/2 3064/7/2 3067/7/2
f 3067/7/2 3064/7/2 3068/7/2
f 3065/7/2 3066/7/2 3069/7/2
f 3069/7/2 3066/7/2 3070/7/2
f 3073/7/2 3074/7/2 3075/7/2
f 3075/7/2 3074/7/2 3076/7/2
f 3071/7/2 3072/7/2 3077/7/2
f 3077/7/2 3072/7/2 3078/7/2
f 3079/7/2 3080/7/2 3081/7/2
f 3081/7/2 3080/7/2 3082/7/2
f 3083/7/2 3084/7/2 3085/7/2
f 3085/7/2 3084/7/2 3086/7/2
f 3087/7/2 3088/7/2 3089/7/2
f 3089/7/2 3088/7/2 3090/7/2
f 3091/2/2 3092/2/2 3095/2/2
f 3095/2/2 3092/2/2 3096/2/2
f 3093/2/2 3094/2/2 3097/2/2
f 3097/2/2 3094/2/2 3098/2/2
f 3099/7/2 3100/7/2 3101/7/2
f 3101/7/2 3100/7/2 3102/7/2
f 3103/7/2 3104/7/2 3105/7/2
f 3105/7/2 3104/7/2 3106/7/2
f 3107/2/2 3108/2/2 3113/2/2
f 3113/2/2 3108/2/2 3114/2/2
f 3111/6/2 3112/6/2 3115/6/2
f 3115/6/2 3112/6/2 3116/6/2
f 3109/5/2 3110/5/2 3119/5/2
f 3119/5/2 3110/5/2 3120/5/2
f 3117/6/2 3118/6/2 3121/6/2
f 3121/6/2 3118/6/2 3122/6/2
f 3123/10/2 3124/10/2 3127/10/2
f 3127/10/2 3124/10/2 3128/10/2
f 3125/10/2 3126/10/2 3129/10/2
f 3129/10/2 3126/10/2 3130/10/2
f 3128/11/2 3129/11/2 3131/11/2
f 3131/11/2 3129/11/2 3132/11/2
f 3133/7/2 3134/7/2 3137/7/2
f 3137/7/2 3134/7/2 3138/7/2
f 3135/7/2 3136/7/2 3139/7/2
f 3139/7/2 3136/7/2 3140/7/2
f 3141/7/2 3142/7/2 3143/7/2
f 3143/7/2 3142/7/2 3144/7/2
f 3145/7/2 3146/7/2 3149/7/2
f 3149/7/2 3146/7/2 3150/7/2
f 3147/7/2 3148/7/2 3151/7/2
f 3151/7/2 3148/7/2 3152/7/2
f 3153/11/2 3154/11/2 3155/11/2
f 3155/11/2 3154/11/2 3156/11/2
f 3155/10/2 3156/10/2 3157/10/2
f 3157/10/2 3156/10/2 3158/10/2
f 3157/11/2 3158/11/2 3159/11/2
f 3159/11/2 3158/11/2 3160/11/2
f 3159/10/2 3160/10/2 3161/10/2
f 3161/10/2 3160/10/2 3162/10/2
f 3161/11/2 3162/11/2 3163/11/2
f 3163/11/2 3162/11/2 3164/11/2
f 3163/10/2 3164/10/2 3165/10/2
f 3165/10/2 3164/10/2 3166/10/2
f 3166/10/2 3164/10/2 3167/10/2
f 3167/10/2 3164/10/2 3168/10/2
f 3166/10/2 3167/10/2 3169/10/2
f 3169/10/2 3167/10/2 3170/10/2
f 3171/7/2 3172/7/2 3173/7/2
f 3173/7/2 3172/7/2 3174/7/2
f 3175/7/2 3176/7/2 3177/7/2
f 3177/7/2 3176/7/2 3178/7/2
f 3179/7/2 3180/7/2 3181/7/2
f 3181/7/2 3180/7/2 3182/7/2
f 3183/7/2 3184/7/2 3185/7/2
f 3185/7/2 3184/7/2 3186/7/2
f 3187/1/2 3188/1/2 3189/1/2
f 3189/1/2 3188/1/2 3190/1/2
f 3189/4/2 3190/4/2 3191/4/2
f 3191/4/2 3190/4/2 3192/4/2
f 3191/1/2 3192/1/2 3193/1/2
f 3193/1/2 3192/1/2 3194/1/2
f 3194/1/2 3192/1/2 3195/1/2
f 3195/1/2 3192/1/2 3196/1/2
f 3196/1/2 3192/1/2 3197/1/2
f 3197/1/2 3192/1/2 3198/1/2
f 3194/1/2 3195/1/2 3199/1/2
f 3199/1/2 3195/1/2 3200/1/2
f 3196/1/2 3197/1/2 3201/1/2
f 3191/1/2 3193/1/2 3203/1/2
f 3203/1/2 3193/1/2 3204/1/2
f 3194/1/2 3199/1/2 3205/1/2
f 3205/1/2 3199/1/2 3206/1/2
f 3200/1/2 3201/1/2 3207/1/2
f 3201/1/2 3197/1/2 3208/1/2
f 3207/1/2 3201/1/2 3208/1/2
f 3198/1/2 3192/1/2 3209/1/2
f 3209/1/2 3192/1/2 3210/1/2
f 3202/7/2 3203/7/2 3212/7/2
f 3212/7/2 3203/7/2 3213/7/2
f 3205/4/2 3206/4/2 3214/4/2
f 3214/4/2 3206/4/2 3215/4/2
f 3210/7/2 3211/7/2 3216/7/2
f 3216/7/2 3211/7/2 3217/7/2
f 3214/4/2 3215/4/2 3218/4/2
f 3218/4/2 3215/4/2 3219/4/2
f 3218/1/2 3219/1/2 3220/1/2
f 3220/1/2 3219/1/2 3221/1/2
f 3221/1/2 3219/1/2 3222/1/2
f 3222/1/2 3219/1/2 3223/1/2
f 3223/1/2 3219/1/2 3224/1/2
f 3224/1/2 3219/1/2 3225/1/2
f 3225/1/2 3219/1/2 3226/1/2
f 3226/1/2 3219/1/2 3227/1/2
f 3227/1/2 3219/1/2 3228/1/2
f 3228/1/2 3219/1/2 3229/1/2
f 3229/1/2 3219/1/2 3230/1/2
f 3230/1/2 3219/1/2 3231/1/2
f 3231/1/2 3219/1/2 3232/1/2
f 3221/1/2 3222/1/2 3235/1/2
f 3235/1/2 3222/1/2 3236/1/2
f 3236/1/2 3222/1/2 3237/1/2
f 3223/1/2 3224/1/2 3238/1/2
f 3238/1/2 3224/1/2 3239/1/2
f 3227/1/2 3228/1/2 3240/1/2
f 3240/1/2 3228/1/2 3241/1/2
f 3229/1/2 3230/1/2 3242/1/2
f 3242/1/2 3230/1/2 3243/1/2
f 3231/1/2 3232/1/2 3244/1/2
f 3244/1/2 3232/1/2 3245/1/2
f 3234/1/2 3235/1/2 3247/1/2
f 3247/1/2 3235/1/2 3248/1/2
f 3236/1/2 3237/1/2 3249/1/2
f 3237/1/2 3238/1/2 3249/1/2
f 3249/1/2 3238/1/2 3250/1/2
f 3239/1/2 3224/1/2 3251/1/2
f 3251/1/2 3224/1/2 3252/1/2
f 3225/1/2 3226/1/2 3253/1/2
f 3253/1/2 3226/1/2 3254/1/2
f 3254/1/2 3226/1/2 3255/1/2
f 3227/1/2 3240/1/2 3256/1/2
f 3256/1/2 3240/1/2 3257/1/2
f 3242/1/2 3243/1/2 3258/1/2
f 3241/1/2 3242/1/2 3258/1/2
f 3243/1/2 3244/1/2 3258/1/2
f 3258/1/2 3244/1/2 3259/1/2
f 3245/1/2 3232/1/2 3260/1/2
f 3232/7/2 3233/7/2 3261/7/2
f 3260/1/2 3232/1/2 3261/1/2
f 3246/7/2 3247/7/2 3262/7/2
f 3262/7/2 3247/7/2 3263/7/2
f 3253/4/2 3254/4/2 3264/4/2
f 3264/4/2 3254/4/2 3265/4/2
f 3265/4/2 3254/4/2 3266/4/2
f 3266/4/2 3254/4/2 3267/4/2
f 3267/4/2 3254/4/2 3268/4/2
f 3268/4/2 3254/4/2 3269/4/2
f 3269/4/2 3254/4/2 3270/4/2
f 3270/4/2 3254/4/2 3271/4/2
f 3271/4/2 3254/4/2 3272/4/2
f 3272/4/2 3254/4/2 3273/4/2
f 3273/4/2 3254/4/2 3274/4/2
f 3274/4/2 3254/4/2 3275/4/2
f 3275/4/2 3254/4/2 3276/4/2
f 3276/4/2 3254/4/2 3277/4/2
f 3277/4/2 3254/4/2 3278/4/2
f 3278/4/2 3254/4/2 3279/4/2
f 3279/4/2 3254/4/2 3280/4/2
f 3280/4/2 3254/4/2 3281/4/2
f 3281/4/2 3254/4/2 3282/4/2
f 3282/4/2 3254/4/2 3283/4/2
f 3283/4/2 3254/4/2 3284/4/2
f 3284/4/2 3254/4/2 3285/4/2
f 3285/4/2 3254/4/2 3286/4/2
f 3254/7/2 3255/7/2 3287/7/2
f 3261/7/2 3233/7/2 3288/7/2
f 3288/7/2 3233/7/2 3289/7/2
f 3264/4/2 3265/4/2 3291/4/2
f 3291/4/2 3265/4/2 3292/4/2
f 3266/4/2 3267/4/2 3293/4/2
f 3268/4/2 3269/4/2 3294/4/2
f 3294/4/2 3269/4/2 3295/4/2
f 3270/4/2 3271/4/2 3296/4/2
f 3296/4/2 3271/4/2 3297/4/2
f 3272/4/2 3273/4/2 3298/4/2
f 3298/4/2 3273/4/2 3299/4/2
f 3274/4/2 3275/4/2 3300/4/2
f 3276/4/2 3277/4/2 3301/4/2
f 3301/4/2 3277/4/2 3302/4/2
f 3280/4/2 3281/4/2 3303/4/2
f 3303/4/2 3281/4/2 3304/4/2
f 3282/4/2 3283/4/2 3305/4/2
f 3305/4/2 3283/4/2 3306/4/2
f 3284/4/2 3285/4/2 3307/4/2
f 3307/4/2 3285/4/2 3308/4/2
f 3292/4/2 3293/4/2 3309/4/2
f 3293/4/2 3267/4/2 3310/4/2
f 3309/4/2 3293/4/2 3310/4/2
f 3268/4/2 3294/4/2 3311/4/2
f 3311/4/2 3294/4/2 3312/4/2
f 3296/4/2 3297/4/2 3313/4/2
f 3295/4/2 3296/4/2 3313/4/2
f 3297/4/2 3298/4/2 3313/4/2
f 3313/4/2 3298/4/2 3314/4/2
f 3299/4/2 3273/4/2 3315/4/2
f 3315/4/2 3273/4/2 3316/4/2
f 3274/4/2 3300/4/2 3317/4/2
f 3300/4/2 3301/4/2 3317/4/2
f 3317/4/2 3301/4/2 3318/4/2
f 3302/4/2 3277/4/2 3319/4/2
f 3319/4/2 3277/4/2 3320/4/2
f 3278/4/2 3279/4/2 3321/4/2
f 3321/4/2 3279/4/2 3322/4/2
f 3280/4/2 3303/4/2 3323/4/2
f 3323/4/2 3303/4/2 3324/4/2
f 3305/4/2 3306/4/2 3325/4/2
f 3306/4/2 3307/4/2 3325/4/2
f 3304/4/2 3305/4/2 3325/4/2
f 3325/4/2 3307/4/2 3326/4/2
f 3308/4/2 3285/4/2 3327/4/2
f 3327/4/2 3285/4/2 3328/4/2
f 3286/4/2 3254/4/2 3329/4/2
f 3254/7/2 3287/7/2 3330/7/2
f 3329/4/2 3254/4/2 3330/4/2
f 3290/7/2 3291/7/2 3331/7/2
f 3331/7/2 3291/7/2 3332/7/2
f 3330/7/2 3287/7/2 3333/7/2
f 3333/7/2 3287/7/2 3334/7/2
f 3333/6/2 3334/6/2 3335/6/2
f 3335/6/2 3334/6/2 3336/6/2
f 3339/7/2 3340/7/2 3344/7/2
f 3344/7/2 3340/7/2 3345/7/2
f 3337/7/2 3338/7/2 3347/7/2
f 3343/7/2 3344/7/2 3348/7/2
f 3341/7/2 3342/7/2 3349/7/2
f 3349/7/2 3342/7/2 3350/7/2
f 3346/7/2 3347/7/2 3352/7/2
f 3347/7/2 3338/7/2 3353/7/2
f 3352/7/2 3347/7/2 3353/7/2
f 3343/7/2 3348/7/2 3354/7/2
f 3350/7/2 3351/7/2 3354/7/2
f 3349/7/2 3350/7/2 3354/7/2
f 3348/7/2 3349/7/2 3354/7/2
f 3354/7/2 3351/7/2 3355/7/2
f 3356/7/2 3357/7/2 3368/7/2
f 3368/7/2 3357/7/2 3369/7/2
f 3358/7/2 3359/7/2 3371/7/2
f 3371/7/2 3359/7/2 3372/7/2
f 3364/7/2 3365/7/2 3375/7/2
f 3375/7/2 3365/7/2 3376/7/2
f 3366/7/2 3367/7/2 3377/7/2
f 3377/7/2 3367/7/2 3378/7/2
f 3369/7/2 3370/7/2 3381/7/2
f 3381/7/2 3370/7/2 3382/7/2
f 3372/7/2 3373/7/2 3383/7/2
f 3383/7/2 3373/7/2 3384/7/2
f 3360/7/2 3361/7/2 3385/7/2
f 3362/7/2 3363/7/2 3386/7/2
f 3374/7/2 3375/7/2 3387/7/2
f 3387/7/2 3375/7/2 3388/7/2
f 3378/7/2 3379/7/2 3389/7/2
f 3389/7/2 3379/7/2 3390/7/2
f 3383/7/2 3384/7/2 3392/7/2
f 3384/7/2 3385/7/2 3392/7/2
f 3381/7/2 3382/7/2 3392/7/2
f 3380/7/2 3381/7/2 3392/7/2
f 3382/7/2 3383/7/2 3392/7/2
f 3385/7/2 3361/7/2 3393/7/2
f 3392/7/2 3385/7/2 3393/7/2
f 3387/7/2 3388/7/2 3416/7/2
f 3390/7/2 3391/7/2 3416/7/2
f 3389/7/2 3390/7/2 3416/7/2
f 3388/7/2 3389/7/2 3416/7/2
f 3362/7/2 3386/7/2 3416/7/2
f 3386/7/2 3387/7/2 3416/7/2
f 3416/7/2 3391/7/2 3417/7/2
f 3394/7/2 3395/7/2 3419/7/2
f 3419/7/2 3395/7/2 3420/7/2
f 3398/7/2 3399/7/2 3422/7/2
f 3422/7/2 3399/7/2 3423/7/2
f 3400/7/2 3401/7/2 3424/7/2
f 3424/7/2 3401/7/2 3425/7/2
f 3404/7/2 3405/7/2 3427/7/2
f 3427/7/2 3405/7/2 3428/7/2
f 3410/7/2 3411/7/2 3431/7/2
f 3431/7/2 3411/7/2 3432/7/2
f 3412/7/2 3413/7/2 3433/7/2
f 3433/7/2 3413/7/2 3434/7/2
f 3418/7/2 3419/7/2 3436/7/2
f 3396/7/2 3397/7/2 3437/7/2
f 3437/7/2 3397/7/2 3438/7/2
f 3421/7/2 3422/7/2 3439/7/2
f 3439/7/2 3422/7/2 3440/7/2
f 3425/7/2 3426/7/2 3441/7/2
f 3441/7/2 3426/7/2 3442/7/2
f 3402/7/2 3403/7/2 3443/7/2
f 3443/7/2 3403/7/2 3444/7/2
f 3428/7/2 3429/7/2 3445/7/2
f 3445/7/2 3429/7/2 3446/7/2
f 3406/7/2 3407/7/2 3447/7/2
f 3447/7/2 3407/7/2 3448/7/2
f 3408/7/2 3409/7/2 3449/7/2
f 3449/7/2 3409/7/2 3450/7/2
f 3430/7/2 3431/7/2 3451/7/2
f 3451/7/2 3431/7/2 3452/7/2
f 3434/7/2 3435/7/2 3453/7/2
f 3453/7/2 3435/7/2 3454/7/2
f 3414/7/2 3415/7/2 3455/7/2
f 3455/7/2 3415/7/2 3456/7/2
f 3453/7/2 3454/7/2 3458/7/2
f 3456/7/2 3457/7/2 3458/7/2
f 3455/7/2 3456/7/2 3458/7/2
f 3454/7/2 3455/7/2 3458/7/2
f 3451/7/2 3452/7/2 3458/7/2
f 3452/7/2 3453/7/2 3458/7/2
f 3443/7/2 3444/7/2 3458/7/2
f 3450/7/2 3451/7/2 3458/7/2
f 3447/7/2 3448/7/2 3458/7/2
f 3448/7/2 3449/7/2 3458/7/2
f 3445/7/2 3446/7/2 3458/7/2
f 3446/7/2 3447/7/2 3458/7/2
f 3439/7/2 3440/7/2 3458/7/2
f 3444/7/2 3445/7/2 3458/7/2
f 3418/7/2 3436/7/2 3458/7/2
f 3442/7/2 3443/7/2 3458/7/2
f 3449/7/2 3450/7/2 3458/7/2
f 3440/7/2 3441/7/2 3458/7/2
f 3441/7/2 3442/7/2 3458/7/2
f 3438/7/2 3439/7/2 3458/7/2
f 3437/7/2 3438/7/2 3458/7/2
f 3436/7/2 3437/7/2 3458/7/2
f 3458/7/2 3457/7/2 3459/7/2
f 3464/7/3 3461/7/3 3460/7/3
f 3465/7/3 3461/7/3 3464/7/3
f 3466/7/3 3463/7/3 3462/7/3
f 3467/7/3 3466/7/3 3465/7/3
f 3468/7/3 3463/7/3 3466/7/3
f 3468/7/3 3466/7/3 3467/7/3
f 3470/7/3 3463/7/3 3468/7/3
f 3472/7/3 3470/7/3 3469/7/3
f 3473/7/3 3463/7/3 3470/7/3
f 3473/7/3 3470/7/3 3472/7/3
f 3474/7/3 3472/7/3 3471/7/3
f 3475/7/3 3472/7/3 3474/7/3
f 3477/7/3 3463/7/3 3473/7/3
f 3478/7/3 3477/7/3 3476/7/3
f 3479/7/3 3463/7/3 3477/7/3
f 3479/7/3 3477/7/3 3478/7/3
f 3482/7/3 3481/7/3 3480/7/3
f 3483/7/3 3481/7/3 3482/7/3
f 3484/7/3 3463/7/3 3479/7/3
f 3485/7/3 3484/7/3 3483/7/3
f 3486/7/3 3463/7/3 3484/7/3
f 3486/7/3 3484/7/3 3485/7/3
f 3488/7/3 3463/7/3 3486/7/3
f 3494/7/3 3488/7/3 3487/7/3
f 3495/7/3 3463/7/3 3488/7/3
f 3495/7/3 3488/7/3 3494/7/3
f 3496/10/3 3493/10/3 3492/10/3
f 3500/7/3 3499/7/3 3498/7/3
f 3501/7/3 3499/7/3 3500/7/3
f 3502/7/3 3463/7/3 3495/7/3
f 3503/11/3 3497/11/3 3496/11/3
f 3503/10/3 3496/10/3 3492/10/3
f 3504/11/3 3497/11/3 3503/11/3
f 3505/7/3 3502/7/3 3501/7/3
f 3506/7/3 3463/7/3 3502/7/3
f 3506/7/3 3502/7/3 3505/7/3
f 3507/11/3 3490/11/3 3489/11/3
f 3508/10/3 3491/10/3 3490/10/3
f 3508/11/3 3490/11/3 3507/11/3
f 3509/11/3 3492/11/3 3491/11/3
f 3509/10/3 3491/10/3 3508/10/3
f 3510/10/3 3503/10/3 3492/10/3
f 3510/11/3 3492/11/3 3509/11/3
f 3511/10/3 3503/10/3 3510/10/3
f 3513/7/3 3463/7/3 3506/7/3
f 3514/7/3 3513/7/3 3512/7/3
f 3515/7/3 3463/7/3 3513/7/3
f 3515/7/3 3513/7/3 3514/7/3
f 3516/7/3 3463/7/3 3515/7/3
f 3517/7/3 3463/7/3 3516/7/3
f 3521/7/3 3519/7/3 3518/7/3
f 3523/7/3 3521/7/3 3520/7/3
f 3524/7/3 3519/7/3 3521/7/3
f 3524/7/3 3521/7/3 3523/7/3
f 3525/7/3 3523/7/3 3522/7/3
f 3526/7/3 3523/7/3 3525/7/3
f 3529/7/3 3528/7/3 3527/7/3
f 3530/7/3 3528/7/3 3529/7/3
f 3531/7/3 3519/7/3 3524/7/3
f 3533/7/3 3531/7/3 3530/7/3
f 3534/7/3 3533/7/3 3532/7/3
f 3535/7/3 3519/7/3 3531/7/3
f 3535/7/3 3533/7/3 3534/7/3
f 3535/7/3 3531/7/3 3533/7/3
f 3538/7/3 3537/7/3 3536/7/3
f 3539/7/3 3537/7/3 3538/7/3
f 3540/7/3 3519/7/3 3535/7/3
f 3541/7/3 3540/7/3 3539/7/3
f 3542/7/3 3519/7/3 3540/7/3
f 3542/7/3 3540/7/3 3541/7/3
f 3544/7/3 3519/7/3 3542/7/3
f 3545/7/3 3544/7/3 3543/7/3
f 3546/7/3 3519/7/3 3544/7/3
f 3546/7/3 3544/7/3 3545/7/3
f 3548/7/3 3519/7/3 3546/7/3
f 3550/7/3 3548/7/3 3547/7/3
f 3551/7/3 3519/7/3 3548/7/3
f 3551/7/3 3548/7/3 3550/7/3
f 3552/7/3 3550/7/3 3549/7/3
f 3553/7/3 3550/7/3 3552/7/3
f 3556/7/3 3555/7/3 3554/7/3
f 3557/7/3 3555/7/3 3556/7/3
f 3558/7/3 3519/7/3 3551/7/3
f 3559/7/3 3558/7/3 3557/7/3
f 3560/7/3 3519/7/3 3558/7/3
f 3560/7/3 3558/7/3 3559/7/3
f 3562/7/3 3519/7/3 3560/7/3
f 3563/7/3 3562/7/3 3561/7/3
f 3564/7/3 3519/7/3 3562/7/3
f 3564/7/3 3562/7/3 3563/7/3
f 3566/7/3 3519/7/3 3564/7/3
f 3568/7/3 3566/7/3 3565/7/3
f 3569/7/3 3519/7/3 3566/7/3
f 3569/7/3 3566/7/3 3568/7/3
f 3570/7/3 3568/7/3 3567/7/3
f 3571/7/3 3568/7/3 3570/7/3
f 3572/7/3 3519/7/3 3569/7/3
f 3573/7/3 3519/7/3 3572/7/3
f 3581/7/3 3575/7/3 3574/7/3
f 3582/7/3 3575/7/3 3581/7/3
f 3583/1/3 3579/1/3 3578/1/3
f 3584/1/3 3581/1/3 3580/1/3
f 3585/1/3 3581/1/3 3584/1/3
f 3586/1/3 3584/1/3 3583/1/3
f 3588/1/3 3586/1/3 3583/1/3
f 3588/1/3 3587/1/3 3586/1/3
f 3589/1/3 3587/1/3 3588/1/3
f 3590/1/3 3583/1/3 3578/1/3
f 3590/1/3 3588/1/3 3583/1/3
f 3591/1/3 3588/1/3 3590/1/3
f 3593/1/3 3590/1/3 3578/1/3
f 3594/1/3 3592/1/3 3591/1/3
f 3595/1/3 3593/1/3 3578/1/3
f 3595/1/3 3594/1/3 3593/1/3
f 3596/1/3 3592/1/3 3594/1/3
f 3596/1/3 3594/1/3 3595/1/3
f 3597/1/3 3595/1/3 3578/1/3
f 3599/1/3 3597/1/3 3578/1/3
f 3599/1/3 3598/1/3 3597/1/3
f 3600/1/3 3598/1/3 3599/1/3
f 3601/1/3 3599/1/3 3578/1/3
f 3602/1/3 3598/1/3 3600/1/3
f 3603/1/3 3598/1/3 3602/1/3
f 3604/1/3 3602/1/3 3601/1/3
f 3606/1/3 3601/1/3 3578/1/3
f 3606/1/3 3605/1/3 3604/1/3
f 3606/1/3 3604/1/3 3601/1/3
f 3607/1/3 3605/1/3 3606/1/3
f 3610/1/3 3606/1/3 3578/1/3
f 3614/11/3 3609/11/3 3608/11/3
f 3615/11/3 3609/11/3 3614/11/3
f 3617/1/3 3610/1/3 3578/1/3
f 3617/1/3 3611/1/3 3610/1/3
f 3618/1/3 3611/1/3 3617/1/3
f 3619/1/3 3617/1/3 3578/1/3
f 3620/1/3 3611/1/3 3618/1/3
f 3621/1/3 3611/1/3 3620/1/3
f 3622/5/3 3613/5/3 3612/5/3
f 3623/5/3 3613/5/3 3622/5/3
f 3625/10/3 3616/10/3 3615/10/3
f 3626/10/3 3616/10/3 3625/10/3
f 3627/1/3 3620/1/3 3619/1/3
f 3629/11/3 3625/11/3 3624/11/3
f 3630/11/3 3625/11/3 3629/11/3
f 3631/1/3 3628/1/3 3627/1/3
f 3631/1/3 3619/1/3 3578/1/3
f 3631/1/3 3627/1/3 3619/1/3
f 3632/1/3 3628/1/3 3631/1/3
f 3633/1/3 3631/1/3 3578/1/3
f 3635/1/3 3633/1/3 3578/1/3
f 3635/1/3 3634/1/3 3633/1/3
f 3636/1/3 3634/1/3 3635/1/3
f 3637/1/3 3635/1/3 3578/1/3
f 3637/8/3 3636/8/3 3635/8/3
f 3638/8/3 3636/8/3 3637/8/3
f 3639/1/3 3638/1/3 3637/1/3
f 3640/1/3 3638/1/3 3639/1/3
f 3641/1/3 3637/1/3 3578/1/3
f 3641/1/3 3639/1/3 3637/1/3
f 3642/1/3 3639/1/3 3641/1/3
f 3644/1/3 3641/1/3 3578/1/3
f 3645/1/3 3643/1/3 3642/1/3
f 3646/1/3 3644/1/3 3578/1/3
f 3646/1/3 3645/1/3 3644/1/3
f 3647/1/3 3643/1/3 3645/1/3
f 3647/1/3 3645/1/3 3646/1/3
f 3648/1/3 3646/1/3 3578/1/3
f 3649/1/3 3643/1/3 3647/1/3
f 3650/1/3 3643/1/3 3649/1/3
f 3651/1/3 3648/1/3 3578/1/3
f 3651/1/3 3649/1/3 3648/1/3
f 3652/1/3 3649/1/3 3651/1/3
f 3653/1/3 3651/1/3 3578/1/3
f 3655/1/3 3653/1/3 3578/1/3
f 3655/1/3 3654/1/3 3653/1/3
f 3656/1/3 3654/1/3 3655/1/3
f 3657/1/3 3655/1/3 3578/1/3
f 3658/1/3 3654/1/3 3656/1/3
f 3659/1/3 3654/1/3 3658/1/3
f 3660/1/3 3658/1/3 3657/1/3
f 3662/1/3 3657/1/3 3578/1/3
f 3662/1/3 3661/1/3 3660/1/3
f 3662/1/3 3660/1/3 3657/1/3
f 3663/1/3 3661/1/3 3662/1/3
f 3664/1/3 3662/1/3 3578/1/3
f 3666/1/3 3665/1/3 3664/1/3
f 3667/1/3 3665/1/3 3666/1/3
f 3668/1/3 3664/1/3 3578/1/3
f 3668/1/3 3666/1/3 3664/1/3
f 3669/1/3 3666/1/3 3668/1/3
f 3671/1/3 3668/1/3 3578/1/3
f 3672/1/3 3670/1/3 3669/1/3
f 3673/1/3 3671/1/3 3578/1/3
f 3673/1/3 3672/1/3 3671/1/3
f 3674/1/3 3670/1/3 3672/1/3
f 3674/1/3 3672/1/3 3673/1/3
f 3675/1/3 3673/1/3 3578/1/3
f 3676/1/3 3670/1/3 3674/1/3
f 3677/1/3 3670/1/3 3676/1/3
f 3678/1/3 3676/1/3 3675/1/3
f 3680/1/3 3675/1/3 3578/1/3
f 3680/1/3 3679/1/3 3678/1/3
f 3680/1/3 3678/1/3 3675/1/3
f 3681/1/3 3679/1/3 3680/1/3
f 3682/1/3 3680/1/3 3578/1/3
f 3684/1/3 3683/1/3 3682/1/3
f 3685/1/3 3683/1/3 3684/1/3
f 3686/1/3 3682/1/3 3578/1/3
f 3686/1/3 3684/1/3 3682/1/3
f 3687/1/3 3684/1/3 3686/1/3
f 3689/1/3 3686/1/3 3578/1/3
f 3690/1/3 3688/1/3 3687/1/3
f 3691/1/3 3577/1/3 3576/1/3
f 3692/4/3 3578/4/3 3577/4/3
f 3692/1/3 3577/1/3 3691/1/3
f 3693/1/3 3690/1/3 3689/1/3
f 3693/4/3 3578/4/3 3692/4/3
f 3693/1/3 3689/1/3 3578/1/3
f 3694/1/3 3688/1/3 3690/1/3
f 3694/1/3 3690/1/3 3693/1/3
f 3696/7/3 3695/7/3 3694/7/3
f 3697/7/3 3695/7/3 3696/7/3
f 3700/7/3 3699/7/3 3698/7/3
f 3701/7/3 3699/7/3 3700/7/3
f 3705/7/3 3703/7/3 3702/7/3
f 3707/7/3 3705/7/3 3704/7/3
f 3708/7/3 3703/7/3 3705/7/3
f 3708/7/3 3705/7/3 3707/7/3
f 3709/7/3 3707/7/3 3706/7/3
f 3710/7/3 3707/7/3 3709/7/3
f 3712/7/3 3703/7/3 3708/7/3
f 3713/7/3 3712/7/3 3711/7/3
f 3714/7/3 3703/7/3 3712/7/3
f 3714/7/3 3712/7/3 3713/7/3
f 3716/7/3 3703/7/3 3714/7/3
f 3717/7/3 3716/7/3 3715/7/3
f 3718/7/3 3703/7/3 3716/7/3
f 3718/7/3 3716/7/3 3717/7/3
f 3719/7/3 3717/7/3 3715/7/3
f 3720/7/3 3717/7/3 3719/7/3
f 3721/7/3 3703/7/3 3718/7/3
f 3722/7/3 3721/7/3 3720/7/3
f 3723/7/3 3703/7/3 3721/7/3
f 3723/7/3 3721/7/3 3722/7/3
f 3728/7/3 3725/7/3 3724/7/3
f 3729/7/3 3725/7/3 3728/7/3
f 3730/7/3 3727/7/3 3726/7/3
f 3731/7/3 3730/7/3 3729/7/3
f 3732/7/3 3727/7/3 3730/7/3
f 3732/7/3 3730/7/3 3731/7/3
f 3734/7/3 3727/7/3 3732/7/3
f 3735/7/3 3734/7/3 3733/7/3
f 3736/7/3 3727/7/3 3734/7/3
f 3736/7/3 3734/7/3 3735/7/3
f 3737/7/3 3735/7/3 3733/7/3
f 3738/7/3 3735/7/3 3737/7/3
f 3739/7/3 3727/7/3 3736/7/3
f 3741/7/3 3739/7/3 3738/7/3
f 3742/7/3 3727/7/3 3739/7/3
f 3742/7/3 3739/7/3 3741/7/3
f 3743/7/3 3741/7/3 3740/7/3
f 3744/7/3 3741/7/3 3743/7/3
f 3745/7/3 3727/7/3 3742/7/3
f 3746/7/3 3745/7/3 3744/7/3
f 3747/7/3 3727/7/3 3745/7/3
f 3747/7/3 3745/7/3 3746/7/3
f 3749/7/3 3727/7/3 3747/7/3
f 3750/7/3 3749/7/3 3748/7/3
f 3751/7/3 3727/7/3 3749/7/3
f 3751/7/3 3749/7/3 3750/7/3
f 3754/7/3 3727/7/3 3751/7/3
f 3755/7/3 3727/7/3 3754/7/3
f 3756/7/3 3753/7/3 3752/7/3
f 3757/7/3 3753/7/3 3756/7/3
f 3762/7/3 3759/7/3 3758/7/3
f 3763/7/3 3759/7/3 3762/7/3
f 3764/7/3 3759/7/3 3763/7/3
f 3765/1/3 3762/1/3 3761/1/3
f 3765/1/3 3763/1/3 3762/1/3
f 3766/1/3 3763/1/3 3765/1/3
f 3767/1/3 3765/1/3 3761/1/3
f 3768/1/3 3765/1/3 3767/1/3
f 3770/1/3 3767/1/3 3761/1/3
f 3771/1/3 3769/1/3 3768/1/3
f 3772/1/3 3770/1/3 3761/1/3
f 3772/1/3 3771/1/3 3770/1/3
f 3773/1/3 3769/1/3 3771/1/3
f 3773/1/3 3771/1/3 3772/1/3
f 3774/1/3 3772/1/3 3761/1/3
f 3776/1/3 3774/1/3 3761/1/3
f 3776/1/3 3775/1/3 3774/1/3
f 3777/1/3 3775/1/3 3776/1/3
f 3780/1/3 3776/1/3 3761/1/3
f 3781/1/3 3779/1/3 3778/1/3
f 3782/1/3 3779/1/3 3781/1/3
f 3783/4/3 3761/4/3 3760/4/3
f 3784/1/3 3780/1/3 3761/1/3
f 3784/4/3 3761/4/3 3783/4/3
f 3784/1/3 3781/1/3 3780/1/3
f 3785/1/3 3781/1/3 3784/1/3
f 3786/1/3 3781/1/3 3785/1/3
f 3789/7/3 3786/7/3 3785/7/3
f 3790/7/3 3786/7/3 3789/7/3
f 3791/7/3 3788/7/3 3787/7/3
f 3792/7/3 3788/7/3 3791/7/3
f 3799/7/3 3794/7/3 3793/7/3
f 3800/7/3 3794/7/3 3799/7/3
f 3801/1/3 3797/1/3 3796/1/3
f 3802/1/3 3799/1/3 3798/1/3
f 3803/1/3 3799/1/3 3802/1/3
f 3804/1/3 3802/1/3 3801/1/3
f 3806/1/3 3801/1/3 3796/1/3
f 3806/1/3 3805/1/3 3804/1/3
f 3806/1/3 3804/1/3 3801/1/3
f 3807/1/3 3805/1/3 3806/1/3
f 3810/1/3 3806/1/3 3796/1/3
f 3811/1/3 3809/1/3 3808/1/3
f 3812/1/3 3809/1/3 3811/1/3
f 3813/1/3 3810/1/3 3796/1/3
f 3813/1/3 3811/1/3 3810/1/3
f 3814/1/3 3811/1/3 3813/1/3
f 3816/1/3 3813/1/3 3796/1/3
f 3817/1/3 3815/1/3 3814/1/3
f 3818/1/3 3815/1/3 3817/1/3
f 3819/1/3 3817/1/3 3816/1/3
f 3821/1/3 3816/1/3 3796/1/3
f 3821/1/3 3820/1/3 3819/1/3
f 3821/1/3 3819/1/3 3816/1/3
f 3822/1/3 3820/1/3 3821/1/3
f 3823/1/3 3821/1/3 3796/1/3
f 3825/4/3 3796/4/3 3795/4/3
f 3826/1/3 3824/1/3 3823/1/3
f 3826/4/3 3796/4/3 3825/4/3
f 3826/1/3 3823/1/3 3796/1/3
f 3827/1/3 3824/1/3 3826/1/3
f 3828/1/3 3824/1/3 3827/1/3
f 3829/1/3 3824/1/3 3828/1/3
f 3831/7/3 3828/7/3 3827/7/3
f 3832/7/3 3828/7/3 3831/7/3
f 3833/7/3 3830/7/3 3829/7/3
f 3834/7/3 3830/7/3 3833/7/3
f 3837/2/3 3836/2/3 3835/2/3
f 3838/2/3 3836/2/3 3837/2/3
f 3841/7/3 3840/7/3 3839/7/3
f 3842/7/3 3840/7/3 3841/7/3
f 3847/7/3 3846/7/3 3845/7/3
f 3848/7/3 3846/7/3 3847/7/3
f 3849/7/3 3844/7/3 3843/7/3
f 3851/7/3 3849/7/3 3848/7/3
f 3852/7/3 3851/7/3 3850/7/3
f 3853/7/3 3844/7/3 3849/7/3
f 3853/7/3 3851/7/3 3852/7/3
f 3853/7/3 3849/7/3 3851/7/3
f 3855/7/3 3844/7/3 3853/7/3
f 3856/7/3 3855/7/3 3854/7/3
f 3857/7/3 3844/7/3 3855/7/3
f 3857/7/3 3855/7/3 3856/7/3
f 3861/7/3 3859/7/3 3858/7/3
f 3863/7/3 3861/7/3 3860/7/3
f 3864/7/3 3859/7/3 3861/7/3
f 3864/7/3 3861/7/3 3863/7/3
f 3865/7/3 3859/7/3 3864/7/3
f 3866/7/3 3863/7/3 3862/7/3
f 3867/7/3 3863/7/3 3866/7/3
f 3870/7/3 3869/7/3 3868/7/3
f 3871/7/3 3869/7/3 3870/7/3
f 3874/7/3 3873/7/3 3872/7/3
f 3875/7/3 3873/7/3 3874/7/3
f 3878/2/3 3877/2/3 3876/2/3
f 3879/2/3 3877/2/3 3878/2/3
f 3882/2/3 3881/2/3 3880/2/3
f 3883/2/3 3881/2/3 3882/2/3
f 3887/7/3 3885/7/3 3884/7/3
f 3888/7/3 3885/7/3 3887/7/3
f 3889/4/3 3887/4/3 3886/4/3
f 3890/4/3 3887/4/3 3889/4/3
f 3892/4/3 3887/4/3 3890/4/3
f 3893/4/3 3887/4/3 3892/4/3
f 3894/4/3 3892/4/3 3891/4/3
f 3895/4/3 3892/4/3 3894/4/3
f 3898/4/3 3897/4/3 3896/4/3
f 3899/4/3 3897/4/3 3898/4/3
f 3905/7/3 3901/7/3 3900/7/3
f 3906/7/3 3901/7/3 3905/7/3
f 3907/1/3 3904/1/3 3903/1/3
f 3907/1/3 3905/1/3 3904/1/3
f 3908/1/3 3905/1/3 3907/1/3
f 3909/1/3 3907/1/3 3903/1/3
f 3910/1/3 3907/1/3 3909/1/3
f 3912/4/3 3903/4/3 3902/4/3
f 3913/1/3 3909/1/3 3903/1/3
f 3913/4/3 3903/4/3 3912/4/3
f 3914/1/3 3909/1/3 3913/1/3
f 3915/1/3 3911/1/3 3910/1/3
f 3916/1/3 3911/1/3 3915/1/3
f 3919/7/3 3918/7/3 3917/7/3
f 3920/7/3 3918/7/3 3919/7/3
f 3924/7/3 3922/7/3 3921/7/3
f 3926/7/3 3924/7/3 3923/7/3
f 3927/7/3 3922/7/3 3924/7/3
f 3927/7/3 3924/7/3 3926/7/3
f 3928/7/3 3926/7/3 3925/7/3
f 3929/7/3 3926/7/3 3928/7/3
f 3932/7/3 3931/7/3 3930/7/3
f 3933/7/3 3931/7/3 3932/7/3
f 3934/7/3 3922/7/3 3927/7/3
f 3935/7/3 3934/7/3 3933/7/3
f 3936/7/3 3922/7/3 3934/7/3
f 3936/7/3 3934/7/3 3935/7/3
f 3939/7/3 3938/7/3 3937/7/3
f 3940/7/3 3938/7/3 3939/7/3
f 3943/7/3 3942/7/3 3941/7/3
f 3944/7/3 3942/7/3 3943/7/3
f 3947/7/3 3946/7/3 3945/7/3
f 3948/7/3 3946/7/3 3947/7/3
f 3953/4/3 3950/4/3 3949/4/3
f 3954/4/3 3950/4/3 3953/4/3
f 3955/7/3 3952/7/3 3951/7/3
f 3956/7/3 3952/7/3 3955/7/3
f 3957/4/3 3953/4/3 3949/4/3
f 3958/4/3 3953/4/3 3957/4/3
f 3961/4/3 3959/4/3 3958/4/3
f 3962/4/3 3961/4/3 3960/4/3
f 3963/4/3 3959/4/3 3961/4/3
f 3963/4/3 3961/4/3 3962/4/3
f 3965/4/3 3959/4/3 3963/4/3
f 3966/4/3 3959/4/3 3965/4/3
f 3967/4/3 3965/4/3 3964/4/3
f 3968/4/3 3965/4/3 3967/4/3
f 3970/7/3 3969/7/3 3968/7/3
f 3971/7/3 3969/7/3 3970/7/3
f 3974/7/3 3973/7/3 3972/7/3
f 3975/7/3 3973/7/3 3974/7/3
f 3978/7/3 3977/7/3 3976/7/3
f 3979/7/3 3977/7/3 3978/7/3
f 3982/7/3 3981/7/3 3980/7/3
f 3983/7/3 3981/7/3 3982/7/3
f 3986/7/3 3985/7/3 3984/7/3
f 3987/7/3 3985/7/3 3986/7/3
f 3990/7/3 3989/7/3 3988/7/3
f 3991/7/3 3989/7/3 3990/7/3
f 3994/7/3 3993/7/3 3992/7/3
f 3995/7/3 3993/7/3 3994/7/3
f 3998/7/3 3997/7/3 3996/7/3
f 3999/7/3 3997/7/3 3998/7/3
f 4002/7/3 4001/7/3 4000/7/3
f 4003/7/3 4001/7/3 4002/7/3
f 4006/7/3 4005/7/3 4004/7/3
f 4007/7/3 4005/7/3 4006/7/3
f 4010/7/3 4009/7/3 4008/7/3
f 4011/7/3 4009/7/3 4010/7/3
f 4016/7/3 4015/7/3 4014/7/3
f 4017/7/3 4015/7/3 4016/7/3
f 4018/7/3 4013/7/3 4012/7/3
f 4019/7/3 4018/7/3 4017/7/3
f 4020/7/3 4013/7/3 4018/7/3
f 4020/7/3 4018/7/3 4019/7/3
f 4022/7/3 4013/7/3 4020/7/3
f 4024/7/3 4022/7/3 4021/7/3
f 4025/7/3 4013/7/3 4022/7/3
f 4025/7/3 4022/7/3 4024/7/3
f 4026/7/3 4024/7/3 4023/7/3
f 4027/7/3 4024/7/3 4026/7/3
f 4029/7/3 4013/7/3 4025/7/3
f 4031/7/3 4029/7/3 4028/7/3
f 4032/7/3 4013/7/3 4029/7/3
f 4032/7/3 4029/7/3 4031/7/3
f 4033/7/3 4031/7/3 4030/7/3
f 4034/7/3 4031/7/3 4033/7/3
f 4035/7/3 4013/7/3 4032/7/3
f 4038/7/3 4035/7/3 4034/7/3
f 4039/7/3 4013/7/3 4035/7/3
f 4039/7/3 4035/7/3 4038/7/3
f 4040/7/3 4037/7/3 4036/7/3
f 4041/7/3 4037/7/3 4040/7/3
f 4044/7/3 4043/7/3 4042/7/3
f 4045/7/3 4043/7/3 4044/7/3
f 4048/7/3 4047/7/3 4046/7/3
f 4049/7/3 4047/7/3 4048/7/3
f 4052/7/3 4051/7/3 4050/7/3
f 4053/7/3 4051/7/3 4052/7/3
f 4056/7/3 4055/7/3 4054/7/3
f 4057/7/3 4055/7/3 4056/7/3
f 4061/7/3 4059/7/3 4058/7/3
f 4062/7/3 4059/7/3 4061/7/3
f 4063/4/3 4061/4/3 4060/4/3
f 4064/4/3 4061/4/3 4063/4/3
f 4066/4/3 4061/4/3 4064/4/3
f 4067/4/3 4061/4/3 4066/4/3
f 4068/4/3 4066/4/3 4065/4/3
f 4070/4/3 4068/4/3 4065/4/3
f 4070/4/3 4069/4/3 4068/4/3
f 4071/4/3 4069/4/3 4070/4/3
f 4072/4/3 4070/4/3 4065/4/3
f 4073/4/3 4070/4/3 4072/4/3
f 4076/4/3 4074/4/3 4073/4/3
f 4077/4/3 4074/4/3 4076/4/3
f 4077/4/3 4076/4/3 4075/4/3
f 4078/4/3 4074/4/3 4077/4/3
f 4079/4/3 4077/4/3 4075/4/3
f 4080/4/3 4077/4/3 4079/4/3
f 4083/4/3 4081/4/3 4080/4/3
f 4084/4/3 4081/4/3 4083/4/3
f 4085/4/3 4083/4/3 4082/4/3
f 4086/4/3 4083/4/3 4085/4/3
f 4088/7/3 4087/7/3 4086/7/3
f 4089/7/3 4087/7/3 4088/7/3
f 4092/7/3 4091/7/3 4090/7/3
f 4093/7/3 4091/7/3 4092/7/3
f 4096/7/3 4095/7/3 4094/7/3
f 4097/7/3 4095/7/3 4096/7/3
f 4099/7/3 4095/7/3 4097/7/3
f 4101/7/3 4099/7/3 4098/7/3
f 4102/7/3 4095/7/3 4099/7/3
f 4102/7/3 4099/7/3 4101/7/3
f 4103/7/3 4101/7/3 4100/7/3
f 4104/7/3 4101/7/3 4103/7/3
f 4105/7/3 4095/7/3 4102/7/3
f 4106/7/3 4105/7/3 4104/7/3
f 4107/7/3 4095/7/3 4105/7/3
f 4107/7/3 4105/7/3 4106/7/3
f 4110/7/3 4109/7/3 4108/7/3
f 4111/7/3 4109/7/3 4110/7/3
f 4114/7/3 4113/7/3 4112/7/3
f 4115/7/3 4113/7/3 4114/7/3
f 4118/7/3 4117/7/3 4116/7/3
f 4119/7/3 4117/7/3 4118/7/3
f 4122/7/3 4121/7/3 4120/7/3
f 4123/7/3 4121/7/3 4122/7/3
f 4126/6/3 4125/6/3 4124/6/3
f 4127/6/3 4125/6/3 4126/6/3
f 4130/7/3 4129/7/3 4128/7/3
f 4131/7/3 4129/7/3 4130/7/3
f 4134/7/3 4133/7/3 4132/7/3
f 4135/7/3 4133/7/3 4134/7/3
f 4138/4/3 4137/4/3 4136/4/3
f 4139/4/3 4137/4/3 4138/4/3
f 4140/4/3 4138/4/3 4136/4/3
f 4141/4/3 4138/4/3 4140/4/3
f 4144/4/3 4142/4/3 4141/4/3
f 4145/4/3 4142/4/3 4144/4/3
f 4146/4/3 4144/4/3 4143/4/3
f 4147/4/3 4144/4/3 4146/4/3
f 4149/7/3 4147/7/3 4146/7/3
f 4149/7/3 4148/7/3 4147/7/3
f 4150/7/3 4148/7/3 4149/7/3
f 4153/12/3 4152/12/3 4151/12/3
f 4154/12/3 4152/12/3 4153/12/3
f 4157/7/3 4156/7/3 4155/7/3
f 4158/7/3 4156/7/3 4157/7/3
f 4161/7/3 4160/7/3 4159/7/3
f 4162/7/3 4160/7/3 4161/7/3
f 4165/7/3 4164/7/3 4163/7/3
f 4166/7/3 4164/7/3 4165/7/3
f 4169/12/3 4168/12/3 4167/12/3
f 4170/12/3 4168/12/3 4169/12/3
f 4173/12/3 4172/12/3 4171/12/3
f 4174/12/3 4172/12/3 4173/12/3
f 4177/7/3 4176/7/3 4175/7/3
f 4178/7/3 4176/7/3 4177/7/3
f 4181/7/3 4180/7/3 4179/7/3
f 4182/7/3 4180/7/3 4181/7/3
f 4185/7/3 4184/7/3 4183/7/3
f 4186/7/3 4184/7/3 4185/7/3
f 4189/7/3 4188/7/3 4187/7/3
f 4190/7/3 4188/7/3 4189/7/3
f 4193/7/3 4192/7/3 4191/7/3
f 4194/7/3 4192/7/3 4193/7/3
f 4197/7/3 4196/7/3 4195/7/3
f 4198/7/3 4196/7/3 4197/7/3
f 4201/7/3 4200/7/3 4199/7/3
f 4202/7/3 4200/7/3 4201/7/3
f 4205/7/3 4204/7/3 4203/7/3
f 4206/7/3 4204/7/3 4205/7/3
f 4211/6/3 4208/6/3 4207/6/3
f 4212/6/3 4208/6/3 4211/6/3
f 4213/6/3 4210/6/3 4209/6/3
f 4214/6/3 4210/6/3 4213/6/3
f 4217/2/3 4216/2/3 4215/2/3
f 4218/2/3 4216/2/3 4217/2/3
f 4221/7/3 4220/7/3 4219/7/3
f 4222/7/3 4220/7/3 4221/7/3
f 4225/7/3 4224/7/3 4223/7/3
f 4226/7/3 4224/7/3 4225/7/3
f 4229/7/3 4228/7/3 4227/7/3
f 4230/7/3 4228/7/3 4229/7/3
f 4233/7/3 4232/7/3 4231/7/3
f 4234/7/3 4232/7/3 4233/7/3
f 4237/2/3 4236/2/3 4235/2/3
f 4238/2/3 4236/2/3 4237/2/3
f 4241/2/3 4240/2/3 4239/2/3
f 4242/2/3 4240/2/3 4241/2/3
f 4245/7/3 4244/7/3 4243/7/3
f 4246/7/3 4244/7/3 4245/7/3
f 4249/7/3 4248/7/3 4247/7/3
f 4250/7/3 4248/7/3 4249/7/3
f 4253/7/3 4252/7/3 4251/7/3
f 4254/7/3 4252/7/3 4253/7/3
f 4257/7/3 4256/7/3 4255/7/3
f 4258/7/3 4256/7/3 4257/7/3
f 4261/7/3 4260/7/3 4259/7/3
f 4262/7/3 4260/7/3 4261/7/3
f 4265/7/3 4264/7/3 4263/7/3
f 4266/7/3 4264/7/3 4265/7/3
f 4269/7/3 4268/7/3 4267/7/3
f 4270/7/3 4268/7/3 4269/7/3
f 4273/7/3 4272/7/3 4271/7/3
f 4274/7/3 4272/7/3 4273/7/3
f 4277/7/3 4276/7/3 4275/7/3
f 4278/7/3 4276/7/3 4277/7/3
f 4281/7/3 4280/7/3 4279/7/3
f 4282/7/3 4280/7/3 4281/7/3
f 4287/6/3 4284/6/3 4283/6/3
f 4288/6/3 4284/6/3 4287/6/3
f 4289/6/3 4286/6/3 4285/6/3
f 4290/6/3 4286/6/3 4289/6/3
f 4293/7/3 4292/7/3 4291/7/3
f 4294/7/3 4292/7/3 4293/7/3
f 4297/7/3 4296/7/3 4295/7/3
f 4298/7/3 4296/7/3 4297/7/3
f 4301/7/3 4300/7/3 4299/7/3
f 4302/7/3 4300/7/3 4301/7/3
f 4305/7/3 4304/7/3 4303/7/3
f 4306/7/3 4304/7/3 4305/7/3
f 4309/7/3 4308/7/3 4307/7/3
f 4310/7/3 4308/7/3 4309/7/3
f 4313/7/3 4312/7/3 4311/7/3
f 4314/7/3 4312/7/3 4313/7/3
f 4317/7/3 4316/7/3 4315/7/3
f 4318/7/3 4316/7/3 4317/7/3
f 4321/7/3 4320/7/3 4319/7/3
f 4322/7/3 4320/7/3 4321/7/3
f 4325/7/3 4324/7/3 4323/7/3
f 4326/7/3 4324/7/3 4325/7/3
f 4329/7/3 4328/7/3 4327/7/3
f 4330/7/3 4328/7/3 4329/7/3
f 4333/7/3 4332/7/3 4331/7/3
f 4334/7/3 4332/7/3 4333/7/3
f 4337/7/3 4336/7/3 4335/7/3
f 4338/7/3 4336/7/3 4337/7/3
f 4341/7/3 4340/7/3 4339/7/3
f 4342/7/3 4340/7/3 4341/7/3
f 4345/12/3 4344/12/3 4343/12/3
f 4346/12/3 4344/12/3 4345/12/3
f 4349/7/3 4348/7/3 4347/7/3
f 4350/7/3 4348/7/3 4349/7/3
f 4353/7/3 4352/7/3 4351/7/3
f 4354/7/3 4352/7/3 4353/7/3
f 4357/7/3 4356/7/3 4355/7/3
f 4358/7/3 4356/7/3 4357/7/3
f 4363/6/3 4360/6/3 4359/6/3
f 4364/6/3 4360/6/3 4363/6/3
f 4365/6/3 4362/6/3 4361/6/3
f 4366/6/3 4362/6/3 4365/6/3
f 4369/12/3 4368/12/3 4367/12/3
f 4370/12/3 4368/12/3 4369/12/3
f 4373/12/3 4372/12/3 4371/12/3
f 4374/12/3 4372/12/3 4373/12/3
f 4377/7/3 4376/7/3 4375/7/3
f 4378/7/3 4376/7/3 4377/7/3
f 4381/7/3 4380/7/3 4379/7/3
f 4382/7/3 4380/7/3 4381/7/3
f 4385/7/3 4384/7/3 4383/7/3
f 4386/7/3 4384/7/3 4385/7/3
f 4389/7/3 4388/7/3 4387/7/3
f 4390/7/3 4388/7/3 4389/7/3
f 4393/7/3 4392/7/3 4391/7/3
f 4394/7/3 4392/7/3 4393/7/3
f 4397/7/3 4396/7/3 4395/7/3
f 4398/7/3 4396/7/3 4397/7/3
f 4401/7/3 4400/7/3 4399/7/3
f 4402/7/3 4400/7/3 4401/7/3
f 4405/7/3 4404/7/3 4403/7/3
f 4406/7/3 4404/7/3 4405/7/3
f 4409/7/3 4408/7/3 4407/7/3
f 4410/7/3 4408/7/3 4409/7/3
f 4413/7/3 4412/7/3 4411/7/3
f 4414/7/3 4412/7/3 4413/7/3
f 4417/7/3 4416/7/3 4415/7/3
f 4418/7/3 4416/7/3 4417/7/3
f 4421/7/3 4420/7/3 4419/7/3
f 4422/7/3 4420/7/3 4421/7/3
f 4425/7/3 4424/7/3 4423/7/3
f 4426/7/3 4424/7/3 4425/7/3
f 4429/7/3 4428/7/3 4427/7/3
f 4430/7/3 4428/7/3 4429/7/3
f 4435/6/3 4432/6/3 4431/6/3
f 4436/6/3 4432/6/3 4435/6/3
f 4437/6/3 4434/6/3 4433/6/3
f 4438/6/3 4434/6/3 4437/6/3
f 4441/7/3 4440/7/3 4439/7/3
f 4442/7/3 4440/7/3 4441/7/3
f 4445/7/3 4444/7/3 4443/7/3
f 4446/7/3 4444/7/3 4445/7/3
f 4449/7/3 4448/7/3 4447/7/3
f 4450/7/3 4448/7/3 4449/7/3
f 4453/7/3 4452/7/3 4451/7/3
f 4454/7/3 4452/7/3 4453/7/3
f 4457/7/3 4456/7/3 4455/7/3
f 4458/7/3 4456/7/3 4457/7/3
f 4461/7/3 4460/7/3 4459/7/3
f 4462/7/3 4460/7/3 4461/7/3
f 4465/7/3 4464/7/3 4463/7/3
f 4466/7/3 4464/7/3 4465/7/3
f 4469/7/3 4468/7/3 4467/7/3
f 4470/7/3 4468/7/3 4469/7/3
f 4473/7/3 4472/7/3 4471/7/3
f 4474/7/3 4472/7/3 4473/7/3
f 4477/7/3 4476/7/3 4475/7/3
f 4478/7/3 4476/7/3 4477/7/3
f 4481/7/3 4480/7/3 4479/7/3
f 4482/7/3 4480/7/3 4481/7/3
f 4485/7/3 4484/7/3 4483/7/3
f 4486/7/3 4484/7/3 4485/7/3
f 4489/7/3 4488/7/3 4487/7/3
f 4490/7/3 4488/7/3 4489/7/3
f 4493/7/3 4492/7/3 4491/7/3
f 4494/7/3 4492/7/3 4493/7/3
f 4499/6/3 4496/6/3 4495/6/3
f 4500/6/3 4496/6/3 4499/6/3
f 4501/6/3 4498/6/3 4497/6/3
f 4502/6/3 4498/6/3 4501/6/3
f 4510/10/3 4509/10/3 4508/10/3
f 4512/10/3 4510/10/3 4508/10/3
f 4512/10/3 4511/10/3 4510/10/3
f 4513/10/3 4511/10/3 4512/10/3
f 4514/11/3 4504/11/3 4503/11/3
f 4515/10/3 4505/10/3 4504/10/3
f 4515/11/3 4504/11/3 4514/11/3
f 4516/11/3 4506/11/3 4505/11/3
f 4516/10/3 4505/10/3 4515/10/3
f 4517/10/3 4507/10/3 4506/10/3
f 4517/11/3 4506/11/3 4516/11/3
f 4518/11/3 4508/11/3 4507/11/3
f 4518/10/3 4507/10/3 4517/10/3
f 4519/10/3 4512/10/3 4508/10/3
f 4519/11/3 4508/11/3 4518/11/3
f 4520/10/3 4512/10/3 4519/10/3
f 4523/7/3 4522/7/3 4521/7/3
f 4524/7/3 4522/7/3 4523/7/3
f 4527/7/3 4526/7/3 4525/7/3
f 4528/7/3 4526/7/3 4527/7/3
f 4531/7/3 4530/7/3 4529/7/3
f 4532/7/3 4530/7/3 4531/7/3
f 4536/10/3 4535/10/3 4534/10/3
f 4538/10/3 4536/10/3 4534/10/3
f 4538/11/3 4537/11/3 4536/11/3
f 4539/11/3 4537/11/3 4538/11/3
f 4540/11/3 4534/11/3 4533/11/3
f 4541/10/3 4538/10/3 4534/10/3
f 4541/11/3 4534/11/3 4540/11/3
f 4542/10/3 4538/10/3 4541/10/3
f 4545/7/3 4544/7/3 4543/7/3
f 4546/7/3 4544/7/3 4545/7/3
f 4549/7/3 4548/7/3 4547/7/3
f 4550/7/3 4548/7/3 4549/7/3
f 4555/10/3 4552/10/3 4551/10/3
f 4556/10/3 4552/10/3 4555/10/3
f 4558/5/3 4554/5/3 4553/5/3
f 4559/5/3 4554/5/3 4558/5/3
f 4561/11/3 4557/11/3 4556/11/3
f 4562/11/3 4557/11/3 4561/11/3
f 4563/10/3 4561/10/3 4560/10/3
f 4564/10/3 4561/10/3 4563/10/3
f 4567/7/3 4566/7/3 4565/7/3
f 4568/7/3 4566/7/3 4567/7/3
f 4571/7/3 4570/7/3 4569/7/3
f 4572/7/3 4570/7/3 4571/7/3
f 4575/7/3 4574/7/3 4573/7/3
f 4576/7/3 4574/7/3 4575/7/3
f 4581/11/3 4578/11/3 4577/11/3
f 4582/11/3 4578/11/3 4581/11/3
f 4584/5/3 4580/5/3 4579/5/3
f 4585/5/3 4580/5/3 4584/5/3
f 4587/10/3 4583/10/3 4582/10/3
f 4588/10/3 4583/10/3 4587/10/3
f 4589/11/3 4587/11/3 4586/11/3
f 4590/11/3 4587/11/3 4589/11/3
f 4593/7/3 4592/7/3 4591/7/3
f 4594/7/3 4592/7/3 4593/7/3
f 4597/7/3 4596/7/3 4595/7/3
f 4598/7/3 4596/7/3 4597/7/3
f 4601/7/3 4600/7/3 4599/7/3
f 4602/7/3 4600/7/3 4601/7/3
f 4605/7/3 4604/7/3 4603/7/3
f 4606/7/3 4604/7/3 4605/7/3
f 4611/6/3 4608/6/3 4607/6/3
f 4612/6/3 4608/6/3 4611/6/3
f 4613/6/3 4610/6/3 4609/6/3
f 4614/6/3 4610/6/3 4613/6/3
f 4617/7/3 4616/7/3 4615/7/3
f 4618/7/3 4616/7/3 4617/7/3
f 4621/7/3 4620/7/3 4619/7/3
f 4622/7/3 4620/7/3 4621/7/3
f 4625/7/3 4624/7/3 4623/7/3
f 4626/7/3 4624/7/3 4625/7/3
f 4629/7/3 4628/7/3 4627/7/3
f 4630/7/3 4628/7/3 4629/7/3
f 4633/7/3 4632/7/3 4631/7/3
f 4634/7/3 4632/7/3 4633/7/3
f 4637/7/3 4636/7/3 4635/7/3
f 4638/7/3 4636/7/3 4637/7/3
f 4641/7/3 4640/7/3 4639/7/3
f 4642/7/3 4640/7/3 4641/7/3
f 4645/7/3 4644/7/3 4643/7/3
f 4646/7/3 4644/7/3 4645/7/3
f 4649/7/3 4648/7/3 4647/7/3
f 4650/7/3 4648/7/3 4649/7/3
f 4653/7/3 4652/7/3 4651/7/3
f 4654/7/3 4652/7/3 4653/7/3
f 4657/7/3 4656/7/3 4655/7/3
f 4658/7/3 4656/7/3 4657/7/3
f 4661/7/3 4660/7/3 4659/7/3
f 4662/7/3 4660/7/3 4661/7/3
f 4665/7/3 4664/7/3 4663/7/3
f 4666/7/3 4664/7/3 4665/7/3
f 4669/7/3 4668/7/3 4667/7/3
f 4670/7/3 4668/7/3 4669/7/3
f 4675/6/3 4672/6/3 4671/6/3
f 4676/6/3 4672/6/3 4675/6/3
f 4677/6/3 4674/6/3 4673/6/3
f 4678/6/3 4674/6/3 4677/6/3
f 4681/7/3 4680/7/3 4679/7/3
f 4682/7/3 4680/7/3 4681/7/3
f 4685/7/3 4684/7/3 4683/7/3
f 4686/7/3 4684/7/3 4685/7/3
f 4692/10/3 4691/10/3 4690/10/3
f 4694/10/3 4692/10/3 4690/10/3
f 4694/10/3 4693/10/3 4692/10/3
f 4695/10/3 4693/10/3 4694/10/3
f 4698/11/3 4688/11/3 4687/11/3
f 4699/10/3 4689/10/3 4688/10/3
f 4699/11/3 4688/11/3 4698/11/3
f 4700/11/3 4690/11/3 4689/11/3
f 4700/10/3 4689/10/3 4699/10/3
f 4701/10/3 4694/10/3 4690/10/3
f 4701/11/3 4690/11/3 4700/11/3
f 4702/10/3 4694/10/3 4701/10/3
f 4703/7/3 4697/7/3 4696/7/3
f 4704/7/3 4697/7/3 4703/7/3
f 4707/7/3 4706/7/3 4705/7/3
f 4708/7/3 4706/7/3 4707/7/3
f 4713/10/3 4710/10/3 4709/10/3
f 4714/10/3 4710/10/3 4713/10/3
f 4716/5/3 4712/5/3 4711/5/3
f 4717/5/3 4712/5/3 4716/5/3
f 4719/10/3 4715/10/3 4714/10/3
f 4720/10/3 4715/10/3 4719/10/3
f 4721/10/3 4719/10/3 4718/10/3
f 4722/10/3 4719/10/3 4721/10/3
f 4725/7/3 4724/7/3 4723/7/3
f 4726/7/3 4724/7/3 4725/7/3
f 4729/7/3 4728/7/3 4727/7/3
f 4730/7/3 4728/7/3 4729/7/3
f 4733/7/3 4732/7/3 4731/7/3
f 4734/7/3 4732/7/3 4733/7/3
f 4737/7/3 4736/7/3 4735/7/3
f 4738/7/3 4736/7/3 4737/7/3
f 4741/7/3 4740/7/3 4739/7/3
f 4742/7/3 4740/7/3 4741/7/3
f 4745/7/3 4744/7/3 4743/7/3
f 4746/7/3 4744/7/3 4745/7/3
f 4749/7/3 4748/7/3 4747/7/3
f 4750/7/3 4748/7/3 4749/7/3
f 4753/7/3 4752/7/3 4751/7/3
f 4754/7/3 4752/7/3 4753/7/3
f 4757/7/3 4756/7/3 4755/7/3
f 4758/7/3 4756/7/3 4757/7/3
f 4763/6/3 4760/6/3 4759/6/3
f 4764/6/3 4760/6/3 4763/6/3
f 4765/6/3 4762/6/3 4761/6/3
f 4766/6/3 4762/6/3 4765/6/3
f 4769/7/3 4768/7/3 4767/7/3
f 4770/7/3 4768/7/3 4769/7/3
f 4773/7/3 4772/7/3 4771/7/3
f 4774/7/3 4772/7/3 4773/7/3
f 4777/7/3 4776/7/3 4775/7/3
f 4778/7/3 4776/7/3 4777/7/3
f 4781/7/3 4780/7/3 4779/7/3
f 4782/7/3 4780/7/3 4781/7/3
f 4785/7/3 4784/7/3 4783/7/3
f 4786/7/3 4784/7/3 4785/7/3
f 4789/7/3 4788/7/3 4787/7/3
f 4790/7/3 4788/7/3 4789/7/3
f 4793/7/3 4792/7/3 4791/7/3
f 4794/7/3 4792/7/3 4793/7/3
f 4797/7/3 4796/7/3 4795/7/3
f 4798/7/3 4796/7/3 4797/7/3
f 4801/7/3 4800/7/3 4799/7/3
f 4802/7/3 4800/7/3 4801/7/3
f 4805/7/3 4804/7/3 4803/7/3
f 4806/7/3 4804/7/3 4805/7/3
f 4809/7/3 4808/7/3 4807/7/3
f 4810/7/3 4808/7/3 4809/7/3
f 4813/7/3 4812/7/3 4811/7/3
f 4814/7/3 4812/7/3 4813/7/3
f 4817/7/3 4816/7/3 4815/7/3
f 4818/7/3 4816/7/3 4817/7/3
f 4821/7/3 4820/7/3 4819/7/3
f 4822/7/3 4820/7/3 4821/7/3
f 4827/6/3 4824/6/3 4823/6/3
f 4828/6/3 4824/6/3 4827/6/3
f 4829/6/3 4826/6/3 4825/6/3
f 4830/6/3 4826/6/3 4829/6/3
f 4833/7/3 4832/7/3 4831/7/3
f 4834/7/3 4832/7/3 4833/7/3
f 4837/7/3 4836/7/3 4835/7/3
f 4838/7/3 4836/7/3 4837/7/3
f 4841/7/3 4840/7/3 4839/7/3
f 4842/7/3 4840/7/3 4841/7/3
f 4845/7/3 4844/7/3 4843/7/3
f 4846/7/3 4844/7/3 4845/7/3
f 4849/7/3 4848/7/3 4847/7/3
f 4850/7/3 4848/7/3 4849/7/3
f 4853/7/3 4852/7/3 4851/7/3
f 4854/7/3 4852/7/3 4853/7/3
f 4857/12/3 4856/12/3 4855/12/3
f 4858/12/3 4856/12/3 4857/12/3
f 4861/7/3 4860/7/3 4859/7/3
f 4862/7/3 4860/7/3 4861/7/3
f 4865/7/3 4864/7/3 4863/7/3
f 4866/7/3 4864/7/3 4865/7/3
f 4869/7/3 4868/7/3 4867/7/3
f 4870/7/3 4868/7/3 4869/7/3
f 4873/12/3 4872/12/3 4871/12/3
f 4874/12/3 4872/12/3 4873/12/3
f 4877/12/3 4876/12/3 4875/12/3
f 4878/12/3 4876/12/3 4877/12/3
f 4881/7/3 4880/7/3 4879/7/3
f 4882/7/3 4880/7/3 4881/7/3
f 4885/7/3 4884/7/3 4883/7/3
f 4886/7/3 4884/7/3 4885/7/3
f 4889/7/3 4888/7/3 4887/7/3
f 4890/7/3 4888/7/3 4889/7/3
f 4893/7/3 4892/7/3 4891/7/3
f 4894/7/3 4892/7/3 4893/7/3
f 4897/7/3 4896/7/3 4895/7/3
f 4898/7/3 4896/7/3 4897/7/3
f 4903/6/3 4900/6/3 4899/6/3
f 4904/6/3 4900/6/3 4903/6/3
f 4905/6/3 4902/6/3 4901/6/3
f 4906/6/3 4902/6/3 4905/6/3
f 4909/7/3 4908/7/3 4907/7/3
f 4910/7/3 4908/7/3 4909/7/3
f 4913/7/3 4912/7/3 4911/7/3
f 4914/7/3 4912/7/3 4913/7/3
f 4917/7/3 4916/7/3 4915/7/3
f 4918/7/3 4916/7/3 4917/7/3
f 4921/7/3 4920/7/3 4919/7/3
f 4922/7/3 4920/7/3 4921/7/3
f 4925/7/3 4924/7/3 4923/7/3
f 4926/7/3 4924/7/3 4925/7/3
f 4929/7/3 4928/7/3 4927/7/3
f 4930/7/3 4928/7/3 4929/7/3
f 4933/7/3 4932/7/3 4931/7/3
f 4934/7/3 4932/7/3 4933/7/3
f 4937/7/3 4936/7/3 4935/7/3
f 4938/7/3 4936/7/3 4937/7/3
f 4941/7/3 4940/7/3 4939/7/3
f 4942/7/3 4940/7/3 4941/7/3
f 4945/7/3 4944/7/3 4943/7/3
f 4946/7/3 4944/7/3 4945/7/3
f 4949/7/3 4948/7/3 4947/7/3
f 4950/7/3 4948/7/3 4949/7/3
f 4953/7/3 4952/7/3 4951/7/3
f 4954/7/3 4952/7/3 4953/7/3
f 4959/6/3 4956/6/3 4955/6/3
f 4960/6/3 4956/6/3 4959/6/3
f 4961/6/3 4958/6/3 4957/6/3
f 4962/6/3 4958/6/3 4961/6/3
f 4964/6/3 4961/6/3 4960/6/3
f 4965/6/3 4961/6/3 4964/6/3
f 4967/6/3 4964/6/3 4963/6/3
f 4967/6/3 4966/6/3 4965/6/3
f 4967/6/3 4965/6/3 4964/6/3
f 4968/6/3 4966/6/3 4967/6/3
f 4969/6/3 4966/6/3 4968/6/3
f 4970/6/3 4966/6/3 4969/6/3
f 4972/6/3 4969/6/3 4968/6/3
f 4973/6/3 4969/6/3 4972/6/3
f 4975/6/3 4972/6/3 4971/6/3
f 4975/6/3 4974/6/3 4973/6/3
f 4975/6/3 4973/6/3 4972/6/3
f 4976/6/3 4974/6/3 4975/6/3
f 4977/6/3 4974/6/3 4976/6/3
f 4978/6/3 4974/6/3 4977/6/3
f 4980/6/3 4977/6/3 4976/6/3
f 4981/6/3 4977/6/3 4980/6/3
f 4983/6/3 4980/6/3 4979/6/3
f 4983/6/3 4982/6/3 4981/6/3
f 4983/6/3 4981/6/3 4980/6/3
f 4984/6/3 4982/6/3 4983/6/3
f 4987/7/3 4986/7/3 4985/7/3
f 4988/7/3 4986/7/3 4987/7/3
f 4991/7/3 4990/7/3 4989/7/3
f 4992/7/3 4990/7/3 4991/7/3
f 4995/7/3 4994/7/3 4993/7/3
f 4996/7/3 4994/7/3 4995/7/3
f 4999/7/3 4998/7/3 4997/7/3
f 5000/7/3 4998/7/3 4999/7/3
f 5004/7/3 5002/7/3 5001/7/3
f 5004/7/3 5003/7/3 5002/7/3
f 5005/7/3 5003/7/3 5004/7/3
f 5008/7/3 5007/7/3 5006/7/3
f 5009/7/3 5007/7/3 5008/7/3
f 5012/7/3 5011/7/3 5010/7/3
f 5013/7/3 5011/7/3 5012/7/3
f 5016/7/3 5015/7/3 5014/7/3
f 5017/7/3 5015/7/3 5016/7/3
f 5020/7/3 5019/7/3 5018/7/3
f 5021/7/3 5019/7/3 5020/7/3
f 5024/7/3 5023/7/3 5022/7/3
f 5025/7/3 5023/7/3 5024/7/3
f 5028/7/3 5027/7/3 5026/7/3
f 5029/7/3 5027/7/3 5028/7/3
f 5032/4/3 5031/4/3 5030/4/3
f 5033/4/3 5031/4/3 5032/4/3
f 5036/7/3 5035/7/3 5034/7/3
f 5037/7/3 5035/7/3 5036/7/3
f 5040/7/3 5039/7/3 5038/7/3
f 5041/7/3 5039/7/3 5040/7/3
f 5044/7/3 5043/7/3 5042/7/3
f 5045/7/3 5043/7/3 5044/7/3
f 5048/7/3 5047/7/3 5046/7/3
f 5049/7/3 5047/7/3 5048/7/3
f 5052/7/3 5051/7/3 5050/7/3
f 5053/7/3 5051/7/3 5052/7/3
f 5056/7/3 5055/7/3 5054/7/3
f 5057/7/3 5055/7/3 5056/7/3
f 5063/10/3 5062/10/3 5061/10/3
f 5065/10/3 5063/10/3 5061/10/3
f 5065/10/3 5064/10/3 5063/10/3
f 5066/10/3 5064/10/3 5065/10/3
f 5067/11/3 5059/11/3 5058/11/3
f 5068/10/3 5060/10/3 5059/10/3
f 5068/11/3 5059/11/3 5067/11/3
f 5069/11/3 5061/11/3 5060/11/3
f 5069/10/3 5060/10/3 5068/10/3
f 5070/10/3 5065/10/3 5061/10/3
f 5070/11/3 5061/11/3 5069/11/3
f 5071/10/3 5065/10/3 5070/10/3
f 5074/7/3 5073/7/3 5072/7/3
f 5075/7/3 5073/7/3 5074/7/3
f 5078/7/3 5077/7/3 5076/7/3
f 5079/7/3 5077/7/3 5078/7/3
f 5082/2/3 5081/2/3 5080/2/3
f 5083/2/3 5081/2/3 5082/2/3
f 5088/10/3 5085/10/3 5084/10/3
f 5089/10/3 5085/10/3 5088/10/3
f 5091/5/3 5087/5/3 5086/5/3
f 5092/5/3 5087/5/3 5091/5/3
f 5094/11/3 5090/11/3 5089/11/3
f 5095/11/3 5090/11/3 5094/11/3
f 5096/10/3 5094/10/3 5093/10/3
f 5097/10/3 5094/10/3 5096/10/3
f 5100/7/3 5099/7/3 5098/7/3
f 5101/7/3 5099/7/3 5100/7/3
f 5104/7/3 5103/7/3 5102/7/3
f 5105/7/3 5103/7/3 5104/7/3
f 5108/7/3 5107/7/3 5106/7/3
f 5109/7/3 5107/7/3 5108/7/3
f 5112/2/3 5111/2/3 5110/2/3
f 5113/2/3 5111/2/3 5112/2/3
f 5116/2/3 5115/2/3 5114/2/3
f 5117/2/3 5115/2/3 5116/2/3
f 5120/7/3 5119/7/3 5118/7/3
f 5121/7/3 5119/7/3 5120/7/3
f 5124/2/3 5123/2/3 5122/2/3
f 5125/2/3 5123/2/3 5124/2/3
f 5128/7/3 5127/7/3 5126/7/3
f 5129/7/3 5127/7/3 5128/7/3
f 5132/7/3 5131/7/3 5130/7/3
f 5133/7/3 5131/7/3 5132/7/3
f 5136/7/3 5135/7/3 5134/7/3
f 5137/7/3 5135/7/3 5136/7/3
f 5140/7/3 5139/7/3 5138/7/3
f 5141/7/3 5139/7/3 5140/7/3
f 5144/7/3 5143/7/3 5142/7/3
f 5145/7/3 5143/7/3 5144/7/3
f 5148/2/3 5147/2/3 5146/2/3
f 5149/2/3 5147/2/3 5148/2/3
f 5152/2/3 5151/2/3 5150/2/3
f 5153/2/3 5151/2/3 5152/2/3
f 5156/7/3 5155/7/3 5154/7/3
f 5157/7/3 5155/7/3 5156/7/3
f 5160/7/3 5159/7/3 5158/7/3
f 5161/7/3 5159/7/3 5160/7/3
f 5162/7/3 5159/7/3 5161/7/3
f 5165/7/3 5164/7/3 5163/7/3
f 5166/7/3 5164/7/3 5165/7/3
f 5169/7/3 5168/7/3 5167/7/3
f 5170/7/3 5168/7/3 5169/7/3
f 5173/7/3 5172/7/3 5171/7/3
f 5174/7/3 5172/7/3 5173/7/3
f 5177/7/3 5176/7/3 5175/7/3
f 5178/7/3 5176/7/3 5177/7/3
f 5181/7/3 5180/7/3 5179/7/3
f 5182/7/3 5180/7/3 5181/7/3
f 5185/7/3 5184/7/3 5183/7/3
f 5186/7/3 5184/7/3 5185/7/3
f 5189/7/3 5188/7/3 5187/7/3
f 5190/7/3 5188/7/3 5189/7/3
f 5193/7/3 5192/7/3 5191/7/3
f 5194/7/3 5192/7/3 5193/7/3
f 5198/7/3 5196/7/3 5195/7/3
f 5198/7/3 5197/7/3 5196/7/3
f 5199/7/3 5197/7/3 5198/7/3
f 5202/2/3 5201/2/3 5200/2/3
f 5203/2/3 5201/2/3 5202/2/3
f 5206/7/3 5205/7/3 5204/7/3
f 5207/7/3 5205/7/3 5206/7/3
f 5210/12/3 5209/12/3 5208/12/3
f 5211/12/3 5209/12/3 5210/12/3
f 5214/7/3 5213/7/3 5212/7/3
f 5215/7/3 5213/7/3 5214/7/3
f 5220/7/3 5217/7/3 5216/7/3
f 5221/7/3 5217/7/3 5220/7/3
f 5222/2/3 5219/2/3 5218/2/3
f 5223/2/3 5219/2/3 5222/2/3
f 5226/2/3 5225/2/3 5224/2/3
f 5227/2/3 5225/2/3 5226/2/3
f 5230/7/3 5229/7/3 5228/7/3
f 5231/7/3 5229/7/3 5230/7/3
f 5234/12/3 5233/12/3 5232/12/3
f 5235/12/3 5233/12/3 5234/12/3
f 5238/12/3 5237/12/3 5236/12/3
f 5239/12/3 5237/12/3 5238/12/3
f 5242/7/3 5241/7/3 5240/7/3
f 5243/7/3 5241/7/3 5242/7/3
f 5246/12/3 5245/12/3 5244/12/3
f 5247/12/3 5245/12/3 5246/12/3
f 5250/7/3 5249/7/3 5248/7/3
f 5251/7/3 5249/7/3 5250/7/3
f 5254/7/3 5253/7/3 5252/7/3
f 5255/7/3 5253/7/3 5254/7/3
f 5258/12/3 5257/12/3 5256/12/3
f 5259/12/3 5257/12/3 5258/12/3
f 5262/12/3 5261/12/3 5260/12/3
f 5263/12/3 5261/12/3 5262/12/3
f 5264/7/4 5265/7/4 5266/7/4
f 5266/7/4 5265/7/4 5267/7/4
f 5268/11/4 5269/11/4 5272/11/4
f 5272/11/4 5269/11/4 5273/11/4
f 5270/5/4 5271/5/4 5275/5/4
f 5275/5/4 5271/5/4 5276/5/4
f 5273/10/4 5274/10/4 5278/10/4
f 5278/10/4 5274/10/4 5279/10/4
f 5277/11/4 5278/11/4 5280/11/4
f 5280/11/4 5278/11/4 5281/11/4
f 5282/7/4 5283/7/4 5285/7/4
f 5283/7/4 5284/7/4 5285/7/4
f 5285/7/4 5284/7/4 5286/7/4
f 5287/7/4 5288/7/4 5291/7/4
f 5291/7/4 5288/7/4 5292/7/4
f 5292/7/4 5288/7/4 5293/7/4
f 5289/7/4 5290/7/4 5294/7/4
f 5294/7/4 5290/7/4 5295/7/4
f 5296/7/4 5297/7/4 5298/7/4
f 5298/7/4 5297/7/4 5299/7/4
f 5301/10/4 5302/10/4 5303/10/4
f 5301/10/4 5303/10/4 5305/10/4
f 5303/11/4 5304/11/4 5305/11/4
f 5305/11/4 5304/11/4 5306/11/4
f 5298/11/4 5299/11/4 5307/11/4
f 5299/10/4 5300/10/4 5308/10/4
f 5307/11/4 5299/11/4 5308/11/4
f 5300/11/4 5301/11/4 5309/11/4
f 5308/10/4 5300/10/4 5309/10/4
f 5301/10/4 5305/10/4 5310/10/4
f 5309/11/4 5301/11/4 5310/11/4
f 5310/10/4 5305/10/4 5311/10/4
f 5312/7/4 5313/7/4 5314/7/4
f 5314/7/4 5313/7/4 5315/7/4
f 5316/7/4 5317/7/4 5318/7/4
f 5318/7/4 5317/7/4 5319/7/4
f 5320/7/4 5321/7/4 5322/7/4
f 5322/7/4 5321/7/4 5323/7/4
f 5324/7/4 5325/7/4 5326/7/4
f 5326/7/4 5325/7/4 5327/7/4
f 5328/2/4 5329/2/4 5330/2/4
f 5330/2/4 5329/2/4 5331/2/4
f 5332/2/4 5333/2/4 5334/2/4
f 5334/2/4 5333/2/4 5335/2/4
f 5336/7/4 5337/7/4 5338/7/4
f 5338/7/4 5337/7/4 5339/7/4
f 5340/2/4 5341/2/4 5342/2/4
f 5342/2/4 5341/2/4 5343/2/4
f 5344/7/4 5345/7/4 5346/7/4
f 5346/7/4 5345/7/4 5347/7/4
f 5348/7/4 5349/7/4 5350/7/4
f 5350/7/4 5349/7/4 5351/7/4
f 5352/7/4 5353/7/4 5354/7/4
f 5354/7/4 5353/7/4 5355/7/4
f 5356/7/4 5357/7/4 5358/7/4
f 5358/7/4 5357/7/4 5359/7/4
f 5360/7/4 5361/7/4 5362/7/4
f 5362/7/4 5361/7/4 5363/7/4
f 5364/7/4 5365/7/4 5366/7/4
f 5366/7/4 5365/7/4 5367/7/4
f 5368/7/4 5369/7/4 5370/7/4
f 5370/7/4 5369/7/4 5371/7/4
f 5372/7/4 5373/7/4 5374/7/4
f 5374/7/4 5373/7/4 5375/7/4
f 5376/7/4 5377/7/4 5378/7/4
f 5378/7/4 5377/7/4 5379/7/4
f 5380/7/4 5381/7/4 5382/7/4
f 5382/7/4 5381/7/4 5383/7/4
f 5384/7/4 5385/7/4 5386/7/4
f 5386/7/4 5385/7/4 5387/7/4
f 5388/7/4 5389/7/4 5390/7/4
f 5390/7/4 5389/7/4 5391/7/4
f 5392/7/4 5393/7/4 5394/7/4
f 5394/7/4 5393/7/4 5395/7/4
f 5396/7/4 5397/7/4 5398/7/4
f 5398/7/4 5397/7/4 5399/7/4
f 5400/7/4 5401/7/4 5403/7/4
f 5401/7/4 5402/7/4 5403/7/4
f 5403/7/4 5402/7/4 5404/7/4
f 5405/7/4 5406/7/4 5407/7/4
f 5407/7/4 5406/7/4 5408/7/4
f 5409/7/4 5410/7/4 5411/7/4
f 5411/7/4 5410/7/4 5412/7/4
f 5413/7/4 5414/7/4 5415/7/4
f 5415/7/4 5414/7/4 5416/7/4
f 5417/7/4 5418/7/4 5419/7/4
f 5419/7/4 5418/7/4 5420/7/4
f 5421/7/4 5422/7/4 5423/7/4
f 5423/7/4 5422/7/4 5424/7/4
f 5425/7/4 5426/7/4 5427/7/4
f 5427/7/4 5426/7/4 5428/7/4
f 5429/7/4 5430/7/4 5431/7/4
f 5431/7/4 5430/7/4 5432/7/4
f 5432/7/4 5430/7/4 5433/7/4
f 5434/7/4 5435/7/4 5436/7/4
f 5436/7/4 5435/7/4 5437/7/4
f 5438/7/4 5439/7/4 5440/7/4
f 5440/7/4 5439/7/4 5441/7/4
f 5442/7/4 5443/7/4 5446/7/4
f 5446/7/4 5443/7/4 5447/7/4
f 5444/7/4 5445/7/4 5448/7/4
f 5448/7/4 5445/7/4 5449/7/4
f 5446/4/4 5447/4/4 5450/4/4
f 5447/4/4 5448/4/4 5450/4/4
f 5450/4/4 5448/4/4 5451/4/4
f 5452/7/4 5453/7/4 5454/7/4
f 5454/7/4 5453/7/4 5455/7/4
f 5456/6/4 5457/6/4 5460/6/4
f 5460/6/4 5457/6/4 5461/6/4
f 5458/6/4 5459/6/4 5462/6/4
f 5462/6/4 5459/6/4 5463/6/4
f 5464/7/4 5465/7/4 5466/7/4
f 5466/7/4 5465/7/4 5467/7/4
f 5468/7/4 5469/7/4 5470/7/4
f 5470/7/4 5469/7/4 5471/7/4
f 5472/7/4 5473/7/4 5474/7/4
f 5474/7/4 5473/7/4 5475/7/4
f 5476/7/4 5477/7/4 5478/7/4
f 5478/7/4 5477/7/4 5479/7/4
f 5480/7/4 5481/7/4 5482/7/4
f 5482/7/4 5481/7/4 5483/7/4
f 5484/12/4 5485/12/4 5486/12/4
f 5486/12/4 5485/12/4 5487/12/4
f 5488/12/4 5489/12/4 5490/12/4
f 5490/12/4 5489/12/4 5491/12/4
f 5492/7/4 5493/7/4 5494/7/4
f 5494/7/4 5493/7/4 5495/7/4
f 5496/7/4 5497/7/4 5498/7/4
f 5498/7/4 5497/7/4 5499/7/4
f 5500/7/4 5501/7/4 5502/7/4
f 5502/7/4 5501/7/4 5503/7/4
f 5504/7/4 5505/7/4 5506/7/4
f 5506/7/4 5505/7/4 5507/7/4
f 5508/7/4 5509/7/4 5510/7/4
f 5510/7/4 5509/7/4 5511/7/4
f 5512/7/4 5513/7/4 5514/7/4
f 5514/7/4 5513/7/4 5515/7/4
f 5516/12/4 5517/12/4 5518/12/4
f 5518/12/4 5517/12/4 5519/12/4
f 5520/7/4 5521/7/4 5522/7/4
f 5522/7/4 5521/7/4 5523/7/4
f 5524/7/4 5525/7/4 5526/7/4
f 5526/7/4 5525/7/4 5527/7/4
f 5528/6/4 5529/6/4 5532/6/4
f 5532/6/4 5529/6/4 5533/6/4
f 5530/6/4 5531/6/4 5534/6/4
f 5534/6/4 5531/6/4 5535/6/4
f 5536/7/4 5537/7/4 5538/7/4
f 5538/7/4 5537/7/4 5539/7/4
f 5540/7/4 5541/7/4 5542/7/4
f 5542/7/4 5541/7/4 5543/7/4
f 5544/7/4 5545/7/4 5546/7/4
f 5546/7/4 5545/7/4 5547/7/4
f 5548/2/4 5549/2/4 5550/2/4
f 5550/2/4 5549/2/4 5551/2/4
f 5552/2/4 5553/2/4 5554/2/4
f 5554/2/4 5553/2/4 5555/2/4
f 5556/7/4 5557/7/4 5558/7/4
f 5558/7/4 5557/7/4 5559/7/4
f 5560/7/4 5561/7/4 5562/7/4
f 5562/7/4 5561/7/4 5563/7/4
f 5564/7/4 5565/7/4 5566/7/4
f 5566/7/4 5565/7/4 5567/7/4
f 5568/7/4 5569/7/4 5570/7/4
f 5570/7/4 5569/7/4 5571/7/4
f 5572/7/4 5573/7/4 5574/7/4
f 5574/7/4 5573/7/4 5575/7/4
f 5576/2/4 5577/2/4 5578/2/4
f 5578/2/4 5577/2/4 5579/2/4
f 5580/7/4 5581/7/4 5582/7/4
f 5582/7/4 5581/7/4 5583/7/4
f 5584/7/4 5585/7/4 5586/7/4
f 5586/7/4 5585/7/4 5587/7/4
f 5588/7/4 5589/7/4 5590/7/4
f 5590/7/4 5589/7/4 5591/7/4
f 5592/7/4 5593/7/4 5594/7/4
f 5594/7/4 5593/7/4 5595/7/4
f 5596/7/4 5597/7/4 5598/7/4
f 5598/7/4 5597/7/4 5599/7/4
f 5600/7/4 5601/7/4 5602/7/4
f 5602/7/4 5601/7/4 5603/7/4
f 5604/6/4 5605/6/4 5608/6/4
f 5608/6/4 5605/6/4 5609/6/4
f 5606/6/4 5607/6/4 5610/6/4
f 5610/6/4 5607/6/4 5611/6/4
f 5612/7/4 5613/7/4 5614/7/4
f 5614/7/4 5613/7/4 5615/7/4
f 5616/7/4 5617/7/4 5618/7/4
f 5618/7/4 5617/7/4 5619/7/4
f 5620/7/4 5621/7/4 5622/7/4
f 5622/7/4 5621/7/4 5623/7/4
f 5624/7/4 5625/7/4 5626/7/4
f 5626/7/4 5625/7/4 5627/7/4
f 5628/7/4 5629/7/4 5630/7/4
f 5630/7/4 5629/7/4 5631/7/4
f 5632/7/4 5633/7/4 5634/7/4
f 5634/7/4 5633/7/4 5635/7/4
f 5636/7/4 5637/7/4 5638/7/4
f 5638/7/4 5637/7/4 5639/7/4
f 5640/7/4 5641/7/4 5642/7/4
f 5642/7/4 5641/7/4 5643/7/4
f 5644/7/4 5645/7/4 5646/7/4
f 5646/7/4 5645/7/4 5647/7/4
f 5648/7/4 5649/7/4 5650/7/4
f 5650/7/4 5649/7/4 5651/7/4
f 5652/7/4 5653/7/4 5654/7/4
f 5654/7/4 5653/7/4 5655/7/4
f 5656/7/4 5657/7/4 5658/7/4
f 5658/7/4 5657/7/4 5659/7/4
f 5660/7/4 5661/7/4 5662/7/4
f 5662/7/4 5661/7/4 5663/7/4
f 5664/7/4 5665/7/4 5666/7/4
f 5666/7/4 5665/7/4 5667/7/4
f 5668/4/4 5669/4/4 5670/4/4
f 5670/4/4 5669/4/4 5671/4/4
f 5671/4/4 5669/4/4 5672/4/4
f 5672/7/4 5673/7/4 5674/7/4
f 5671/7/4 5672/7/4 5674/7/4
f 5674/7/4 5673/7/4 5675/7/4
f 5676/7/4 5677/7/4 5678/7/4
f 5678/7/4 5677/7/4 5679/7/4
f 5680/6/4 5681/6/4 5684/6/4
f 5684/6/4 5681/6/4 5685/6/4
f 5682/6/4 5683/6/4 5686/6/4
f 5686/6/4 5683/6/4 5687/6/4
f 5688/12/4 5689/12/4 5690/12/4
f 5690/12/4 5689/12/4 5691/12/4
f 5692/12/4 5693/12/4 5694/12/4
f 5694/12/4 5693/12/4 5695/12/4
f 5696/7/4 5697/7/4 5698/7/4
f 5698/7/4 5697/7/4 5699/7/4
f 5700/7/4 5701/7/4 5702/7/4
f 5702/7/4 5701/7/4 5703/7/4
f 5704/7/4 5705/7/4 5706/7/4
f 5706/7/4 5705/7/4 5707/7/4
f 5708/7/4 5709/7/4 5710/7/4
f 5710/7/4 5709/7/4 5711/7/4
f 5712/7/4 5713/7/4 5714/7/4
f 5714/7/4 5713/7/4 5715/7/4
f 5716/12/4 5717/12/4 5718/12/4
f 5718/12/4 5717/12/4 5719/12/4
f 5720/7/4 5721/7/4 5722/7/4
f 5722/7/4 5721/7/4 5723/7/4
f 5724/7/4 5725/7/4 5726/7/4
f 5726/7/4 5725/7/4 5727/7/4
f 5728/7/4 5729/7/4 5730/7/4
f 5730/7/4 5729/7/4 5731/7/4
f 5732/7/4 5733/7/4 5734/7/4
f 5734/7/4 5733/7/4 5735/7/4
f 5736/7/4 5737/7/4 5738/7/4
f 5738/7/4 5737/7/4 5739/7/4
f 5740/7/4 5741/7/4 5742/7/4
f 5742/7/4 5741/7/4 5743/7/4
f 5744/7/4 5745/7/4 5746/7/4
f 5746/7/4 5745/7/4 5747/7/4
f 5748/7/4 5749/7/4 5750/7/4
f 5750/7/4 5749/7/4 5751/7/4
f 5752/7/4 5753/7/4 5754/7/4
f 5754/7/4 5753/7/4 5755/7/4
f 5756/6/4 5757/6/4 5760/6/4
f 5760/6/4 5757/6/4 5761/6/4
f 5758/6/4 5759/6/4 5762/6/4
f 5762/6/4 5759/6/4 5763/6/4
f 5764/7/4 5765/7/4 5766/7/4
f 5766/7/4 5765/7/4 5767/7/4
f 5768/7/4 5769/7/4 5770/7/4
f 5770/7/4 5769/7/4 5771/7/4
f 5772/7/4 5773/7/4 5774/7/4
f 5774/7/4 5773/7/4 5775/7/4
f 5776/7/4 5777/7/4 5778/7/4
f 5778/7/4 5777/7/4 5779/7/4
f 5780/7/4 5781/7/4 5782/7/4
f 5782/7/4 5781/7/4 5783/7/4
f 5784/7/4 5785/7/4 5786/7/4
f 5786/7/4 5785/7/4 5787/7/4
f 5788/7/4 5789/7/4 5790/7/4
f 5790/7/4 5789/7/4 5791/7/4
f 5792/7/4 5793/7/4 5794/7/4
f 5794/7/4 5793/7/4 5795/7/4
f 5796/7/4 5797/7/4 5798/7/4
f 5798/7/4 5797/7/4 5799/7/4
f 5800/7/4 5801/7/4 5802/7/4
f 5802/7/4 5801/7/4 5803/7/4
f 5804/7/4 5805/7/4 5806/7/4
f 5806/7/4 5805/7/4 5807/7/4
f 5808/7/4 5809/7/4 5810/7/4
f 5810/7/4 5809/7/4 5811/7/4
f 5812/7/4 5813/7/4 5814/7/4
f 5814/7/4 5813/7/4 5815/7/4
f 5816/7/4 5817/7/4 5818/7/4
f 5818/7/4 5817/7/4 5819/7/4
f 5820/6/4 5821/6/4 5824/6/4
f 5824/6/4 5821/6/4 5825/6/4
f 5822/6/4 5823/6/4 5826/6/4
f 5826/6/4 5823/6/4 5827/6/4
f 5828/7/4 5829/7/4 5830/7/4
f 5830/7/4 5829/7/4 5831/7/4
f 5832/7/4 5833/7/4 5834/7/4
f 5834/7/4 5833/7/4 5835/7/4
f 5836/7/4 5837/7/4 5838/7/4
f 5838/7/4 5837/7/4 5839/7/4
f 5840/7/4 5841/7/4 5842/7/4
f 5842/7/4 5841/7/4 5843/7/4
f 5844/7/4 5845/7/4 5846/7/4
f 5846/7/4 5845/7/4 5847/7/4
f 5848/7/4 5849/7/4 5850/7/4
f 5850/7/4 5849/7/4 5851/7/4
f 5852/7/4 5853/7/4 5854/7/4
f 5854/7/4 5853/7/4 5855/7/4
f 5856/7/4 5857/7/4 5858/7/4
f 5858/7/4 5857/7/4 5859/7/4
f 5860/10/4 5861/10/4 5864/10/4
f 5864/10/4 5861/10/4 5865/10/4
f 5862/5/4 5863/5/4 5867/5/4
f 5867/5/4 5863/5/4 5868/5/4
f 5865/11/4 5866/11/4 5870/11/4
f 5870/11/4 5866/11/4 5871/11/4
f 5869/10/4 5870/10/4 5872/10/4
f 5872/10/4 5870/10/4 5873/10/4
f 5874/7/4 5875/7/4 5876/7/4
f 5876/7/4 5875/7/4 5877/7/4
f 5878/7/4 5879/7/4 5880/7/4
f 5880/7/4 5879/7/4 5881/7/4
f 5882/11/4 5883/11/4 5886/11/4
f 5886/11/4 5883/11/4 5887/11/4
f 5884/5/4 5885/5/4 5889/5/4
f 5889/5/4 5885/5/4 5890/5/4
f 5887/10/4 5888/10/4 5892/10/4
f 5892/10/4 5888/10/4 5893/10/4
f 5891/11/4 5892/11/4 5894/11/4
f 5894/11/4 5892/11/4 5895/11/4
f 5896/7/4 5897/7/4 5898/7/4
f 5898/7/4 5897/7/4 5899/7/4
f 5900/6/4 5901/6/4 5904/6/4
f 5904/6/4 5901/6/4 5905/6/4
f 5902/6/4 5903/6/4 5906/6/4
f 5906/6/4 5903/6/4 5907/6/4
f 5913/10/4 5914/10/4 5915/10/4
f 5913/10/4 5915/10/4 5917/10/4
f 5915/10/4 5916/10/4 5917/10/4
f 5917/10/4 5916/10/4 5918/10/4
f 5908/11/4 5909/11/4 5919/11/4
f 5909/10/4 5910/10/4 5920/10/4
f 5919/11/4 5909/11/4 5920/11/4
f 5910/11/4 5911/11/4 5921/11/4
f 5920/10/4 5910/10/4 5921/10/4
f 5911/10/4 5912/10/4 5922/10/4
f 5921/11/4 5911/11/4 5922/11/4
f 5912/11/4 5913/11/4 5923/11/4
f 5922/10/4 5912/10/4 5923/10/4
f 5913/10/4 5917/10/4 5924/10/4
f 5923/11/4 5913/11/4 5924/11/4
f 5924/10/4 5917/10/4 5925/10/4
f 5926/7/4 5927/7/4 5928/7/4
f 5928/7/4 5927/7/4 5929/7/4
f 5930/7/4 5931/7/4 5932/7/4
f 5932/7/4 5931/7/4 5933/7/4
f 5934/7/4 5935/7/4 5936/7/4
f 5936/7/4 5935/7/4 5937/7/4
f 5938/7/4 5939/7/4 5940/7/4
f 5940/7/4 5939/7/4 5941/7/4
f 5942/7/4 5943/7/4 5947/7/4
f 5947/7/4 5943/7/4 5948/7/4
f 5945/10/4 5946/10/4 5949/10/4
f 5945/10/4 5949/10/4 5951/10/4
f 5949/11/4 5950/11/4 5951/11/4
f 5951/11/4 5950/11/4 5952/11/4
f 5944/11/4 5945/11/4 5953/11/4
f 5945/10/4 5951/10/4 5954/10/4
f 5953/11/4 5945/11/4 5954/11/4
f 5954/10/4 5951/10/4 5955/10/4
f 5956/7/4 5957/7/4 5958/7/4
f 5958/7/4 5957/7/4 5959/7/4
f 5960/7/4 5961/7/4 5962/7/4
f 5962/7/4 5961/7/4 5963/7/4
f 5964/7/4 5965/7/4 5966/7/4
f 5966/7/4 5965/7/4 5967/7/4
f 5968/7/4 5969/7/4 5970/7/4
f 5970/7/4 5969/7/4 5971/7/4
f 5972/7/4 5973/7/4 5974/7/4
f 5974/7/4 5973/7/4 5975/7/4
f 5976/7/4 5977/7/4 5978/7/4
f 5978/7/4 5977/7/4 5979/7/4
f 5980/7/4 5981/7/4 5982/7/4
f 5982/7/4 5981/7/4 5983/7/4
f 5984/7/4 5985/7/4 5986/7/4
f 5986/7/4 5985/7/4 5987/7/4
f 5988/7/4 5989/7/4 5990/7/4
f 5990/7/4 5989/7/4 5991/7/4
f 5992/7/4 5993/7/4 5994/7/4
f 5994/7/4 5993/7/4 5995/7/4
f 5996/6/4 5997/6/4 6000/6/4
f 6000/6/4 5997/6/4 6001/6/4
f 5998/6/4 5999/6/4 6002/6/4
f 6002/6/4 5999/6/4 6003/6/4
f 6004/7/4 6005/7/4 6006/7/4
f 6006/7/4 6005/7/4 6007/7/4
f 6008/7/4 6009/7/4 6010/7/4
f 6010/7/4 6009/7/4 6011/7/4
f 6012/7/4 6013/7/4 6014/7/4
f 6014/7/4 6013/7/4 6015/7/4
f 6016/7/4 6017/7/4 6018/7/4
f 6018/7/4 6017/7/4 6019/7/4
f 6020/7/4 6021/7/4 6022/7/4
f 6022/7/4 6021/7/4 6023/7/4
f 6024/7/4 6025/7/4 6026/7/4
f 6026/7/4 6025/7/4 6027/7/4
f 6028/7/4 6029/7/4 6030/7/4
f 6030/7/4 6029/7/4 6031/7/4
f 6032/10/4 6033/10/4 6036/10/4
f 6036/10/4 6033/10/4 6037/10/4
f 6034/5/4 6035/5/4 6039/5/4
f 6039/5/4 6035/5/4 6040/5/4
f 6037/10/4 6038/10/4 6042/10/4
f 6042/10/4 6038/10/4 6043/10/4
f 6041/10/4 6042/10/4 6046/10/4
f 6046/10/4 6042/10/4 6047/10/4
f 6044/7/4 6045/7/4 6048/7/4
f 6048/7/4 6045/7/4 6049/7/4
f 6050/7/4 6051/7/4 6052/7/4
f 6052/7/4 6051/7/4 6053/7/4
f 6054/7/4 6055/7/4 6056/7/4
f 6056/7/4 6055/7/4 6057/7/4
f 6058/7/4 6059/7/4 6060/7/4
f 6060/7/4 6059/7/4 6061/7/4
f 6062/7/4 6063/7/4 6064/7/4
f 6064/7/4 6063/7/4 6065/7/4
f 6066/7/4 6067/7/4 6068/7/4
f 6068/7/4 6067/7/4 6069/7/4
f 6070/6/4 6071/6/4 6074/6/4
f 6074/6/4 6071/6/4 6075/6/4
f 6072/6/4 6073/6/4 6076/6/4
f 6076/6/4 6073/6/4 6077/6/4
f 6078/7/4 6079/7/4 6080/7/4
f 6080/7/4 6079/7/4 6081/7/4
f 6085/10/4 6086/10/4 6087/10/4
f 6085/10/4 6087/10/4 6089/10/4
f 6087/10/4 6088/10/4 6089/10/4
f 6089/10/4 6088/10/4 6090/10/4
f 6082/11/4 6083/11/4 6093/11/4
f 6083/10/4 6084/10/4 6094/10/4
f 6093/11/4 6083/11/4 6094/11/4
f 6084/11/4 6085/11/4 6095/11/4
f 6094/10/4 6084/10/4 6095/10/4
f 6085/10/4 6089/10/4 6096/10/4
f 6095/11/4 6085/11/4 6096/11/4
f 6096/10/4 6089/10/4 6097/10/4
f 6091/7/4 6092/7/4 6098/7/4
f 6098/7/4 6092/7/4 6099/7/4
f 6100/7/4 6101/7/4 6102/7/4
f 6102/7/4 6101/7/4 6103/7/4
f 6104/7/4 6105/7/4 6106/7/4
f 6106/7/4 6105/7/4 6107/7/4
f 6108/7/4 6109/7/4 6110/7/4
f 6110/7/4 6109/7/4 6111/7/4
f 6112/7/4 6113/7/4 6114/7/4
f 6114/7/4 6113/7/4 6115/7/4
f 6116/7/4 6117/7/4 6118/7/4
f 6118/7/4 6117/7/4 6119/7/4
f 6120/7/4 6121/7/4 6122/7/4
f 6122/7/4 6121/7/4 6123/7/4
f 6124/7/4 6125/7/4 6126/7/4
f 6126/7/4 6125/7/4 6127/7/4
f 6128/7/4 6129/7/4 6130/7/4
f 6130/7/4 6129/7/4 6131/7/4
f 6132/7/4 6133/7/4 6134/7/4
f 6134/7/4 6133/7/4 6135/7/4
f 6136/7/4 6137/7/4 6138/7/4
f 6138/7/4 6137/7/4 6139/7/4
f 6140/7/4 6141/7/4 6142/7/4
f 6142/7/4 6141/7/4 6143/7/4
f 6144/7/4 6145/7/4 6146/7/4
f 6146/7/4 6145/7/4 6147/7/4
f 6148/6/4 6149/6/4 6152/6/4
f 6152/6/4 6149/6/4 6153/6/4
f 6150/6/4 6151/6/4 6154/6/4
f 6154/6/4 6151/6/4 6155/6/4
f 6156/7/4 6157/7/4 6158/7/4
f 6158/7/4 6157/7/4 6159/7/4
f 6160/7/4 6161/7/4 6162/7/4
f 6162/7/4 6161/7/4 6163/7/4
f 6164/7/4 6165/7/4 6166/7/4
f 6166/7/4 6165/7/4 6167/7/4
f 6168/7/4 6169/7/4 6170/7/4
f 6170/7/4 6169/7/4 6171/7/4
f 6172/7/4 6173/7/4 6174/7/4
f 6174/7/4 6173/7/4 6175/7/4
f 6176/7/4 6177/7/4 6178/7/4
f 6178/7/4 6177/7/4 6179/7/4
f 6180/7/4 6181/7/4 6182/7/4
f 6182/7/4 6181/7/4 6183/7/4
f 6184/7/4 6185/7/4 6186/7/4
f 6186/7/4 6185/7/4 6187/7/4
f 6188/7/4 6189/7/4 6190/7/4
f 6190/7/4 6189/7/4 6191/7/4
f 6192/12/4 6193/12/4 6194/12/4
f 6194/12/4 6193/12/4 6195/12/4
f 6196/12/4 6197/12/4 6198/12/4
f 6198/12/4 6197/12/4 6199/12/4
f 6200/7/4 6201/7/4 6202/7/4
f 6202/7/4 6201/7/4 6203/7/4
f 6204/7/4 6205/7/4 6206/7/4
f 6206/7/4 6205/7/4 6207/7/4
f 6208/7/4 6209/7/4 6210/7/4
f 6210/7/4 6209/7/4 6211/7/4
f 6212/7/4 6213/7/4 6214/7/4
f 6214/7/4 6213/7/4 6215/7/4
f 6216/6/4 6217/6/4 6220/6/4
f 6220/6/4 6217/6/4 6221/6/4
f 6218/6/4 6219/6/4 6222/6/4
f 6222/6/4 6219/6/4 6223/6/4
f 6224/12/4 6225/12/4 6226/12/4
f 6226/12/4 6225/12/4 6227/12/4
f 6228/7/4 6229/7/4 6230/7/4
f 6230/7/4 6229/7/4 6231/7/4
f 6232/7/4 6233/7/4 6234/7/4
f 6234/7/4 6233/7/4 6235/7/4
f 6236/7/4 6237/7/4 6238/7/4
f 6238/7/4 6237/7/4 6239/7/4
f 6240/7/4 6241/7/4 6242/7/4
f 6242/7/4 6241/7/4 6243/7/4
f 6244/7/4 6245/7/4 6246/7/4
f 6246/7/4 6245/7/4 6247/7/4
f 6248/7/4 6249/7/4 6250/7/4
f 6250/7/4 6249/7/4 6251/7/4
f 6252/7/4 6253/7/4 6254/7/4
f 6254/7/4 6253/7/4 6255/7/4
f 6256/7/4 6257/7/4 6258/7/4
f 6258/7/4 6257/7/4 6259/7/4
f 6260/7/4 6261/7/4 6262/7/4
f 6262/7/4 6261/7/4 6263/7/4
f 6264/7/4 6265/7/4 6268/7/4
f 6268/7/4 6265/7/4 6269/7/4
f 6266/4/4 6267/4/4 6270/4/4
f 6270/4/4 6267/4/4 6271/4/4
f 6271/4/4 6272/4/4 6274/4/4
f 6274/4/4 6272/4/4 6275/4/4
f 6273/4/4 6274/4/4 6275/4/4
f 6275/4/4 6272/4/4 6276/4/4
f 6273/4/4 6275/4/4 6277/4/4
f 6277/4/4 6275/4/4 6278/4/4
f 6278/4/4 6279/4/4 6281/4/4
f 6280/4/4 6281/4/4 6282/4/4
f 6281/4/4 6279/4/4 6283/4/4
f 6282/4/4 6281/4/4 6283/4/4
f 6283/4/4 6279/4/4 6285/4/4
f 6285/4/4 6279/4/4 6286/4/4
f 6284/4/4 6285/4/4 6287/4/4
f 6284/4/4 6287/4/4 6289/4/4
f 6287/4/4 6288/4/4 6289/4/4
f 6289/4/4 6288/4/4 6290/4/4
f 6291/7/4 6292/7/4 6293/7/4
f 6293/7/4 6292/7/4 6294/7/4
f 6295/7/4 6296/7/4 6297/7/4
f 6297/7/4 6296/7/4 6298/7/4
f 6299/7/4 6300/7/4 6301/7/4
f 6301/7/4 6300/7/4 6302/7/4
f 6303/7/4 6304/7/4 6305/7/4
f 6305/7/4 6304/7/4 6306/7/4
f 6307/7/4 6308/7/4 6311/7/4
f 6311/7/4 6308/7/4 6312/7/4
f 6308/6/4 6309/6/4 6313/6/4
f 6312/7/4 6308/7/4 6313/7/4
f 6313/6/4 6309/6/4 6314/6/4
f 6314/6/4 6309/6/4 6315/6/4
f 6315/6/4 6309/6/4 6316/6/4
f 6310/7/4 6311/7/4 6317/7/4
f 6317/7/4 6311/7/4 6318/7/4
f 6312/7/4 6313/7/4 6320/7/4
f 6320/7/4 6313/7/4 6321/7/4
f 6314/6/4 6315/6/4 6322/6/4
f 6322/6/4 6315/6/4 6323/6/4
f 6320/7/4 6321/7/4 6326/7/4
f 6319/7/4 6320/7/4 6326/7/4
f 6326/7/4 6321/7/4 6327/7/4
f 6323/6/4 6324/6/4 6328/6/4
f 6327/7/4 6321/7/4 6328/7/4
f 6322/6/4 6323/6/4 6328/6/4
f 6321/6/4 6322/6/4 6328/6/4
f 6328/6/4 6324/6/4 6329/6/4
f 6329/6/4 6324/6/4 6330/6/4
f 6330/6/4 6324/6/4 6331/6/4
f 6325/7/4 6326/7/4 6332/7/4
f 6332/7/4 6326/7/4 6333/7/4
f 6327/7/4 6328/7/4 6336/7/4
f 6329/6/4 6330/6/4 6337/6/4
f 6337/6/4 6330/6/4 6338/6/4
f 6334/7/4 6335/7/4 6340/7/4
f 6340/7/4 6335/7/4 6341/7/4
f 6327/7/4 6336/7/4 6342/7/4
f 6338/6/4 6339/6/4 6343/6/4
f 6336/6/4 6337/6/4 6343/6/4
f 6342/7/4 6336/7/4 6343/7/4
f 6337/6/4 6338/6/4 6343/6/4
f 6343/6/4 6339/6/4 6344/6/4
f 6344/6/4 6339/6/4 6345/6/4
f 6345/6/4 6339/6/4 6346/6/4
f 6341/7/4 6342/7/4 6347/7/4
f 6342/7/4 6343/7/4 6347/7/4
f 6347/7/4 6343/7/4 6348/7/4
f 6348/7/4 6343/7/4 6350/7/4
f 6350/7/4 6343/7/4 6351/7/4
f 6344/6/4 6345/6/4 6352/6/4
f 6352/6/4 6345/6/4 6353/6/4
f 6350/7/4 6351/7/4 6355/7/4
f 6349/7/4 6350/7/4 6355/7/4
f 6353/6/4 6354/6/4 6356/6/4
f 6355/7/4 6351/7/4 6356/7/4
f 6352/6/4 6353/6/4 6356/6/4
f 6351/6/4 6352/6/4 6356/6/4
f 6356/6/4 6354/6/4 6357/6/4
f 6358/7/4 6359/7/4 6360/7/4
f 6360/7/4 6359/7/4 6361/7/4
f 6362/7/4 6363/7/4 6364/7/4
f 6364/7/4 6363/7/4 6365/7/4
f 6366/7/4 6367/7/4 6368/7/4
f 6368/7/4 6367/7/4 6369/7/4
f 6370/7/4 6371/7/4 6372/7/4
f 6372/7/4 6371/7/4 6373/7/4
f 6374/7/4 6375/7/4 6376/7/4
f 6376/7/4 6375/7/4 6377/7/4
f 6378/7/4 6379/7/4 6380/7/4
f 6380/7/4 6379/7/4 6381/7/4
f 6382/7/4 6383/7/4 6384/7/4
f 6384/7/4 6383/7/4 6385/7/4
f 6386/7/4 6387/7/4 6388/7/4
f 6388/7/4 6387/7/4 6389/7/4
f 6390/7/4 6391/7/4 6392/7/4
f 6392/7/4 6391/7/4 6393/7/4
f 6394/7/4 6395/7/4 6396/7/4
f 6396/7/4 6395/7/4 6397/7/4
f 6398/7/4 6399/7/4 6400/7/4
f 6400/7/4 6399/7/4 6401/7/4
f 6402/7/4 6403/7/4 6404/7/4
f 6404/7/4 6403/7/4 6405/7/4
f 6406/7/4 6407/7/4 6408/7/4
f 6408/7/4 6407/7/4 6409/7/4
f 6410/7/4 6411/7/4 6412/7/4
f 6412/7/4 6411/7/4 6413/7/4
f 6414/7/4 6415/7/4 6416/7/4
f 6416/7/4 6415/7/4 6417/7/4
f 6418/7/4 6419/7/4 6420/7/4
f 6420/7/4 6419/7/4 6421/7/4
f 6422/7/4 6423/7/4 6424/7/4
f 6424/7/4 6423/7/4 6425/7/4
f 6426/7/4 6427/7/4 6428/7/4
f 6428/7/4 6427/7/4 6429/7/4
f 6430/7/4 6431/7/4 6432/7/4
f 6432/7/4 6431/7/4 6433/7/4
f 6434/7/4 6435/7/4 6436/7/4
f 6436/7/4 6435/7/4 6437/7/4
f 6438/2/4 6439/2/4 6440/2/4
f 6440/2/4 6439/2/4 6441/2/4
f 6442/2/4 6443/2/4 6444/2/4
f 6444/2/4 6443/2/4 6445/2/4
f 6446/10/4 6447/10/4 6450/10/4
f 6450/10/4 6447/10/4 6451/10/4
f 6448/5/4 6449/5/4 6453/5/4
f 6453/5/4 6449/5/4 6454/5/4
f 6451/11/4 6452/11/4 6456/11/4
f 6456/11/4 6452/11/4 6457/11/4
f 6455/10/4 6456/10/4 6458/10/4
f 6458/10/4 6456/10/4 6459/10/4
f 6460/7/4 6461/7/4 6462/7/4
f 6462/7/4 6461/7/4 6463/7/4
f 6464/7/4 6465/7/4 6466/7/4
f 6466/7/4 6465/7/4 6467/7/4
f 6467/7/4 6465/7/4 6468/7/4
f 6466/4/4 6467/4/4 6469/4/4
f 6469/4/4 6467/4/4 6470/4/4
f 6470/4/4 6471/4/4 6473/4/4
f 6473/4/4 6471/4/4 6474/4/4
f 6472/4/4 6473/4/4 6474/4/4
f 6474/4/4 6471/4/4 6475/4/4
f 6472/4/4 6474/4/4 6476/4/4
f 6476/4/4 6474/4/4 6477/4/4
f 6477/4/4 6478/4/4 6480/4/4
f 6480/4/4 6478/4/4 6481/4/4
f 6479/4/4 6480/4/4 6482/4/4
f 6482/4/4 6480/4/4 6483/4/4
f 6483/7/4 6484/7/4 6485/7/4
f 6485/7/4 6484/7/4 6486/7/4
f 6487/7/4 6488/7/4 6489/7/4
f 6489/7/4 6488/7/4 6490/7/4
f 6491/2/4 6492/2/4 6493/2/4
f 6493/2/4 6492/2/4 6494/2/4
f 6495/7/4 6496/7/4 6497/7/4
f 6497/7/4 6496/7/4 6498/7/4
f 6499/7/4 6500/7/4 6501/7/4
f 6501/7/4 6500/7/4 6502/7/4
f 6506/10/4 6507/10/4 6508/10/4
f 6506/10/4 6508/10/4 6510/10/4
f 6508/10/4 6509/10/4 6510/10/4
f 6510/10/4 6509/10/4 6511/10/4
f 6503/11/4 6504/11/4 6512/11/4
f 6504/10/4 6505/10/4 6513/10/4
f 6512/11/4 6504/11/4 6513/11/4
f 6505/11/4 6506/11/4 6514/11/4
f 6513/10/4 6505/10/4 6514/10/4
f 6506/10/4 6510/10/4 6515/10/4
f 6514/11/4 6506/11/4 6515/11/4
f 6515/10/4 6510/10/4 6516/10/4
f 6517/2/4 6518/2/4 6519/2/4
f 6519/2/4 6518/2/4 6520/2/4
f 6521/2/4 6522/2/4 6523/2/4
f 6523/2/4 6522/2/4 6524/2/4
f 6525/7/4 6526/7/4 6527/7/4
f 6527/7/4 6526/7/4 6528/7/4
f 6529/7/4 6530/7/4 6531/7/4
f 6531/7/4 6530/7/4 6532/7/4
f 6533/7/4 6534/7/4 6536/7/4
f 6536/7/4 6534/7/4 6537/7/4
f 6535/7/4 6536/7/4 6538/7/4
f 6538/7/4 6536/7/4 6539/7/4
f 6537/7/4 6534/7/4 6541/7/4
f 6540/7/4 6541/7/4 6543/7/4
f 6541/7/4 6534/7/4 6544/7/4
f 6543/7/4 6541/7/4 6544/7/4
f 6542/7/4 6543/7/4 6545/7/4
f 6545/7/4 6543/7/4 6546/7/4
f 6544/7/4 6534/7/4 6547/7/4
f 6546/7/4 6547/7/4 6548/7/4
f 6547/7/4 6534/7/4 6549/7/4
f 6548/7/4 6547/7/4 6549/7/4
f 6550/7/4 6551/7/4 6552/7/4
f 6552/7/4 6551/7/4 6553/7/4
f 6554/7/4 6555/7/4 6557/7/4
f 6557/7/4 6555/7/4 6558/7/4
f 6556/4/4 6557/4/4 6559/4/4
f 6559/4/4 6557/4/4 6560/4/4
f 6556/4/4 6559/4/4 6561/4/4
f 6561/4/4 6559/4/4 6562/4/4
f 6562/4/4 6563/4/4 6565/4/4
f 6565/4/4 6563/4/4 6566/4/4
f 6564/4/4 6565/4/4 6567/4/4
f 6564/4/4 6567/4/4 6569/4/4
f 6567/4/4 6568/4/4 6569/4/4
f 6569/4/4 6568/4/4 6570/4/4
f 6564/4/4 6569/4/4 6571/4/4
f 6571/4/4 6569/4/4 6572/4/4
f 6572/4/4 6573/4/4 6576/4/4
f 6576/4/4 6573/4/4 6577/4/4
f 6574/7/4 6575/7/4 6578/7/4
f 6578/7/4 6575/7/4 6579/7/4
f 6580/2/4 6581/2/4 6582/2/4
f 6582/2/4 6581/2/4 6583/2/4
f 6584/7/4 6585/7/4 6586/7/4
f 6586/7/4 6585/7/4 6587/7/4
f 6588/7/4 6589/7/4 6590/7/4
f 6590/7/4 6589/7/4 6591/7/4
f 6592/4/4 6593/4/4 6596/4/4
f 6596/4/4 6593/4/4 6597/4/4
f 6594/7/4 6595/7/4 6598/7/4
f 6598/7/4 6595/7/4 6599/7/4
f 6597/4/4 6593/4/4 6601/4/4
f 6601/4/4 6593/4/4 6602/4/4
f 6600/4/4 6601/4/4 6603/4/4
f 6600/4/4 6603/4/4 6605/4/4
f 6603/4/4 6604/4/4 6605/4/4
f 6605/4/4 6604/4/4 6606/4/4
f 6600/4/4 6605/4/4 6607/4/4
f 6607/4/4 6605/4/4 6608/4/4
f 6608/4/4 6609/4/4 6610/4/4
f 6610/4/4 6609/4/4 6611/4/4
f 6611/7/4 6612/7/4 6613/7/4
f 6613/7/4 6612/7/4 6614/7/4
f 6615/7/4 6616/7/4 6618/7/4
f 6618/7/4 6616/7/4 6619/7/4
f 6617/7/4 6618/7/4 6620/7/4
f 6620/7/4 6618/7/4 6621/7/4
f 6621/7/4 6622/7/4 6623/7/4
f 6623/7/4 6622/7/4 6624/7/4
f 6625/7/4 6626/7/4 6628/7/4
f 6628/7/4 6626/7/4 6629/7/4
f 6627/7/4 6628/7/4 6632/7/4
f 6632/7/4 6628/7/4 6633/7/4
f 6630/7/4 6631/7/4 6634/7/4
f 6634/7/4 6631/7/4 6635/7/4
f 6636/7/4 6637/7/4 6640/7/4
f 6640/7/4 6637/7/4 6641/7/4
f 6638/7/4 6639/7/4 6642/7/4
f 6642/7/4 6639/7/4 6643/7/4
f 6636/7/4 6640/7/4 6644/7/4
f 6643/7/4 6644/7/4 6645/7/4
f 6644/7/4 6640/7/4 6646/7/4
f 6645/7/4 6644/7/4 6646/7/4
f 6646/7/4 6640/7/4 6648/7/4
f 6647/7/4 6648/7/4 6650/7/4
f 6648/7/4 6640/7/4 6651/7/4
f 6650/7/4 6648/7/4 6651/7/4
f 6649/7/4 6650/7/4 6652/7/4
f 6652/7/4 6650/7/4 6653/7/4
f 6651/7/4 6640/7/4 6654/7/4
f 6654/7/4 6640/7/4 6655/7/4
f 6656/7/4 6657/7/4 6661/7/4
f 6661/7/4 6657/7/4 6662/7/4
f 6658/7/4 6659/7/4 6663/7/4
f 6663/7/4 6659/7/4 6664/7/4
f 6661/1/4 6662/1/4 6665/1/4
f 6665/1/4 6666/1/4 6667/1/4
f 6667/1/4 6666/1/4 6668/1/4
f 6661/1/4 6665/1/4 6669/1/4
f 6665/1/4 6667/1/4 6669/1/4
f 6669/1/4 6667/1/4 6670/1/4
f 6661/1/4 6669/1/4 6672/1/4
f 6670/1/4 6671/1/4 6673/1/4
f 6673/1/4 6671/1/4 6674/1/4
f 6672/1/4 6673/1/4 6674/1/4
f 6674/1/4 6671/1/4 6675/1/4
f 6661/1/4 6672/1/4 6676/1/4
f 6672/1/4 6674/1/4 6676/1/4
f 6676/1/4 6674/1/4 6677/1/4
f 6661/1/4 6676/1/4 6679/1/4
f 6677/1/4 6678/1/4 6680/1/4
f 6661/1/4 6679/1/4 6681/1/4
f 6679/1/4 6680/1/4 6681/1/4
f 6680/1/4 6678/1/4 6682/1/4
f 6681/1/4 6680/1/4 6682/1/4
f 6661/1/4 6681/1/4 6683/1/4
f 6682/1/4 6678/1/4 6684/1/4
f 6684/1/4 6678/1/4 6685/1/4
f 6683/1/4 6684/1/4 6686/1/4
f 6661/1/4 6683/1/4 6688/1/4
f 6686/1/4 6687/1/4 6688/1/4
f 6683/1/4 6686/1/4 6688/1/4
f 6688/1/4 6687/1/4 6689/1/4
f 6661/1/4 6688/1/4 6690/1/4
f 6661/1/4 6690/1/4 6692/1/4
f 6690/1/4 6691/1/4 6692/1/4
f 6692/1/4 6691/1/4 6693/1/4
f 6660/4/4 6661/4/4 6694/4/4
f 6661/1/4 6692/1/4 6695/1/4
f 6694/4/4 6661/4/4 6695/4/4
f 6695/1/4 6692/1/4 6696/1/4
f 6697/7/4 6698/7/4 6699/7/4
f 6699/7/4 6698/7/4 6700/7/4
f 6701/7/4 6702/7/4 6703/7/4
f 6703/7/4 6702/7/4 6704/7/4
f 6705/7/4 6706/7/4 6707/7/4
f 6707/7/4 6706/7/4 6708/7/4
f 6708/7/4 6706/7/4 6710/7/4
f 6709/7/4 6710/7/4 6712/7/4
f 6710/7/4 6706/7/4 6713/7/4
f 6712/7/4 6710/7/4 6713/7/4
f 6711/7/4 6712/7/4 6714/7/4
f 6714/7/4 6712/7/4 6715/7/4
f 6713/7/4 6706/7/4 6717/7/4
f 6716/7/4 6717/7/4 6719/7/4
f 6717/7/4 6706/7/4 6720/7/4
f 6719/7/4 6717/7/4 6720/7/4
f 6718/7/4 6719/7/4 6721/7/4
f 6721/7/4 6719/7/4 6722/7/4
f 6723/7/4 6724/7/4 6725/7/4
f 6725/7/4 6724/7/4 6726/7/4
f 6720/7/4 6706/7/4 6727/7/4
f 6726/7/4 6727/7/4 6728/7/4
f 6727/7/4 6706/7/4 6729/7/4
f 6728/7/4 6727/7/4 6729/7/4
f 6729/7/4 6706/7/4 6731/7/4
f 6730/7/4 6731/7/4 6732/7/4
f 6731/7/4 6706/7/4 6733/7/4
f 6732/7/4 6731/7/4 6733/7/4
f 6733/7/4 6706/7/4 6735/7/4
f 6734/7/4 6735/7/4 6738/7/4
f 6735/7/4 6706/7/4 6739/7/4
f 6738/7/4 6735/7/4 6739/7/4
f 6736/7/4 6737/7/4 6740/7/4
f 6740/7/4 6737/7/4 6741/7/4
f 6742/7/4 6743/7/4 6744/7/4
f 6744/7/4 6743/7/4 6745/7/4
f 6746/7/4 6747/7/4 6748/7/4
f 6748/7/4 6747/7/4 6749/7/4
f 6750/7/4 6751/7/4 6754/7/4
f 6754/7/4 6751/7/4 6755/7/4
f 6752/2/4 6753/2/4 6756/2/4
f 6756/2/4 6753/2/4 6757/2/4
f 6758/2/4 6759/2/4 6760/2/4
f 6760/2/4 6759/2/4 6761/2/4
f 6762/7/4 6763/7/4 6764/7/4
f 6764/7/4 6763/7/4 6765/7/4
f 6766/12/4 6767/12/4 6768/12/4
f 6768/12/4 6767/12/4 6769/12/4
f 6770/12/4 6771/12/4 6772/12/4
f 6772/12/4 6771/12/4 6773/12/4
f 6774/7/4 6775/7/4 6776/7/4
f 6776/7/4 6775/7/4 6777/7/4
f 6778/2/4 6779/2/4 6780/2/4
f 6780/2/4 6779/2/4 6781/2/4
f 6782/12/4 6783/12/4 6784/12/4
f 6784/12/4 6783/12/4 6785/12/4
f 6786/7/4 6787/7/4 6788/7/4
f 6788/7/4 6787/7/4 6789/7/4
f 6790/7/4 6791/7/4 6798/7/4
f 6798/7/4 6791/7/4 6799/7/4
f 6796/1/4 6797/1/4 6800/1/4
f 6796/1/4 6800/1/4 6802/1/4
f 6800/1/4 6801/1/4 6802/1/4
f 6802/1/4 6801/1/4 6803/1/4
f 6796/1/4 6802/1/4 6804/1/4
f 6803/1/4 6801/1/4 6805/1/4
f 6805/1/4 6801/1/4 6806/1/4
f 6796/1/4 6804/1/4 6807/1/4
f 6804/1/4 6805/1/4 6807/1/4
f 6807/1/4 6805/1/4 6808/1/4
f 6808/1/4 6809/1/4 6810/1/4
f 6810/1/4 6809/1/4 6811/1/4
f 6796/1/4 6807/1/4 6812/1/4
f 6796/1/4 6812/1/4 6814/1/4
f 6812/1/4 6813/1/4 6814/1/4
f 6814/1/4 6813/1/4 6815/1/4
f 6796/1/4 6814/1/4 6816/1/4
f 6815/1/4 6813/1/4 6817/1/4
f 6817/1/4 6813/1/4 6818/1/4
f 6794/1/4 6795/1/4 6819/1/4
f 6795/4/4 6796/4/4 6819/4/4
f 6819/4/4 6796/4/4 6820/4/4
f 6816/1/4 6817/1/4 6821/1/4
f 6820/4/4 6796/4/4 6821/4/4
f 6796/1/4 6816/1/4 6821/1/4
f 6821/1/4 6817/1/4 6822/1/4
f 6794/1/4 6819/1/4 6825/1/4
f 6825/1/4 6819/1/4 6826/1/4
f 6823/7/4 6824/7/4 6827/7/4
f 6827/7/4 6824/7/4 6828/7/4
f 6794/1/4 6825/1/4 6829/1/4
f 6829/1/4 6825/1/4 6830/1/4
f 6794/1/4 6829/1/4 6832/1/4
f 6830/1/4 6831/1/4 6833/1/4
f 6794/1/4 6832/1/4 6834/1/4
f 6832/1/4 6833/1/4 6834/1/4
f 6833/1/4 6831/1/4 6835/1/4
f 6834/1/4 6833/1/4 6835/1/4
f 6794/1/4 6834/1/4 6836/1/4
f 6794/1/4 6836/1/4 6838/1/4
f 6836/1/4 6837/1/4 6838/1/4
f 6838/1/4 6837/1/4 6839/1/4
f 6838/8/4 6839/8/4 6840/8/4
f 6840/8/4 6839/8/4 6841/8/4
f 6838/8/4 6840/8/4 6842/8/4
f 6840/9/4 6841/9/4 6842/9/4
f 6842/9/4 6841/9/4 6843/9/4
f 6794/1/4 6838/1/4 6844/1/4
f 6838/8/4 6842/8/4 6844/8/4
f 6842/8/4 6843/8/4 6844/8/4
f 6844/8/4 6843/8/4 6845/8/4
f 6845/8/4 6843/8/4 6846/8/4
f 6794/1/4 6844/1/4 6847/1/4
f 6845/1/4 6846/1/4 6848/1/4
f 6848/1/4 6846/1/4 6849/1/4
f 6847/1/4 6848/1/4 6850/1/4
f 6847/1/4 6850/1/4 6852/1/4
f 6850/1/4 6851/1/4 6852/1/4
f 6852/1/4 6851/1/4 6853/1/4
f 6794/1/4 6847/1/4 6854/1/4
f 6847/1/4 6852/1/4 6854/1/4
f 6854/1/4 6852/1/4 6855/1/4
f 6794/1/4 6854/1/4 6857/1/4
f 6855/1/4 6856/1/4 6858/1/4
f 6857/1/4 6858/1/4 6861/1/4
f 6794/1/4 6857/1/4 6861/1/4
f 6858/1/4 6856/1/4 6862/1/4
f 6861/1/4 6858/1/4 6862/1/4
f 6859/12/4 6860/12/4 6863/12/4
f 6863/12/4 6860/12/4 6864/12/4
f 6794/1/4 6861/1/4 6865/1/4
f 6862/1/4 6856/1/4 6866/1/4
f 6866/1/4 6856/1/4 6867/1/4
f 6865/1/4 6866/1/4 6870/1/4
f 6868/12/4 6869/12/4 6872/12/4
f 6872/12/4 6869/12/4 6873/12/4
f 6870/1/4 6871/1/4 6874/1/4
f 6865/1/4 6870/1/4 6874/1/4
f 6874/1/4 6871/1/4 6875/1/4
f 6794/1/4 6865/1/4 6876/1/4
f 6865/1/4 6874/1/4 6876/1/4
f 6876/1/4 6874/1/4 6877/1/4
f 6794/1/4 6876/1/4 6879/1/4
f 6877/1/4 6878/1/4 6880/1/4
f 6880/1/4 6878/1/4 6881/1/4
f 6879/1/4 6880/1/4 6881/1/4
f 6881/1/4 6878/1/4 6882/1/4
f 6794/1/4 6879/1/4 6883/1/4
f 6879/1/4 6881/1/4 6883/1/4
f 6883/1/4 6881/1/4 6884/1/4
f 6794/1/4 6883/1/4 6886/1/4
f 6884/1/4 6885/1/4 6887/1/4
f 6794/1/4 6886/1/4 6888/1/4
f 6886/1/4 6887/1/4 6888/1/4
f 6887/1/4 6885/1/4 6889/1/4
f 6888/1/4 6887/1/4 6889/1/4
f 6794/1/4 6888/1/4 6890/1/4
f 6889/1/4 6885/1/4 6891/1/4
f 6891/1/4 6885/1/4 6892/1/4
f 6890/1/4 6891/1/4 6893/1/4
f 6794/1/4 6890/1/4 6895/1/4
f 6893/1/4 6894/1/4 6895/1/4
f 6890/1/4 6893/1/4 6895/1/4
f 6895/1/4 6894/1/4 6896/1/4
f 6794/1/4 6895/1/4 6897/1/4
f 6897/1/4 6898/1/4 6899/1/4
f 6899/1/4 6898/1/4 6900/1/4
f 6794/1/4 6897/1/4 6901/1/4
f 6897/1/4 6899/1/4 6901/1/4
f 6901/1/4 6899/1/4 6902/1/4
f 6794/1/4 6901/1/4 6904/1/4
f 6902/1/4 6903/1/4 6905/1/4
f 6794/1/4 6904/1/4 6906/1/4
f 6904/1/4 6905/1/4 6906/1/4
f 6905/1/4 6903/1/4 6907/1/4
f 6906/1/4 6905/1/4 6907/1/4
f 6794/1/4 6906/1/4 6908/1/4
f 6908/1/4 6909/1/4 6910/1/4
f 6792/1/4 6793/1/4 6912/1/4
f 6793/4/4 6794/4/4 6913/4/4
f 6912/1/4 6793/1/4 6913/1/4
f 6910/1/4 6911/1/4 6914/1/4
f 6913/4/4 6794/4/4 6914/4/4
f 6794/1/4 6908/1/4 6914/1/4
f 6908/1/4 6910/1/4 6914/1/4
f 6914/1/4 6911/1/4 6915/1/4
f 6915/7/4 6916/7/4 6917/7/4
f 6917/7/4 6916/7/4 6918/7/4
f 6919/7/4 6920/7/4 6921/7/4
f 6921/7/4 6920/7/4 6922/7/4
f 6923/7/4 6924/7/4 6925/7/4
f 6925/7/4 6924/7/4 6926/7/4
f 6922/7/4 6920/7/4 6927/7/4
f 6926/7/4 6927/7/4 6929/7/4
f 6927/7/4 6920/7/4 6930/7/4
f 6929/7/4 6927/7/4 6930/7/4
f 6928/7/4 6929/7/4 6931/7/4
f 6930/7/4 6920/7/4 6932/7/4
f 6928/7/4 6931/7/4 6933/7/4
f 6931/7/4 6932/7/4 6933/7/4
f 6932/7/4 6920/7/4 6934/7/4
f 6933/7/4 6932/7/4 6934/7/4
f 6935/7/4 6936/7/4 6937/7/4
f 6937/7/4 6936/7/4 6938/7/4
f 6934/7/4 6920/7/4 6939/7/4
f 6938/7/4 6939/7/4 6942/7/4
f 6939/7/4 6920/7/4 6943/7/4
f 6942/7/4 6939/7/4 6943/7/4
f 6940/7/4 6941/7/4 6945/7/4
f 6944/7/4 6945/7/4 6947/7/4
f 6945/7/4 6941/7/4 6948/7/4
f 6947/7/4 6945/7/4 6948/7/4
f 6946/7/4 6947/7/4 6949/7/4
f 6949/7/4 6947/7/4 6950/7/4
f 6948/7/4 6941/7/4 6952/7/4
f 6951/7/4 6952/7/4 6953/7/4
f 6952/7/4 6941/7/4 6954/7/4
f 6953/7/4 6952/7/4 6954/7/4
f 6954/7/4 6941/7/4 6955/7/4
f 6955/7/4 6941/7/4 6956/7/4
f 6957/7/4 6958/7/4 6961/7/4
f 6961/7/4 6958/7/4 6962/7/4
f 6959/7/4 6960/7/4 6963/7/4
f 6962/7/4 6963/7/4 6964/7/4
f 6963/7/4 6960/7/4 6965/7/4
f 6964/7/4 6963/7/4 6965/7/4
f 6965/7/4 6960/7/4 6967/7/4
f 6966/7/4 6967/7/4 6969/7/4
f 6967/7/4 6960/7/4 6970/7/4
f 6969/7/4 6967/7/4 6970/7/4
f 6968/7/4 6969/7/4 6971/7/4
f 6971/7/4 6969/7/4 6972/7/4
f 6970/7/4 6960/7/4 6975/7/4
f 6973/7/4 6974/7/4 6977/7/4
f 6977/7/4 6974/7/4 6978/7/4
f 6970/7/4 6975/7/4 6979/7/4
f 6975/12/4 6976/12/4 6980/12/4
f 6979/7/4 6975/7/4 6980/7/4
f 6980/12/4 6976/12/4 6981/12/4
f 6978/7/4 6979/7/4 6982/7/4
f 6979/7/4 6980/7/4 6982/7/4
f 6982/7/4 6980/7/4 6983/7/4
f 6983/7/4 6980/7/4 6985/7/4
f 6984/7/4 6985/7/4 6987/7/4
f 6985/7/4 6980/7/4 6988/7/4
f 6987/7/4 6985/7/4 6988/7/4
f 6986/7/4 6987/7/4 6989/7/4
f 6989/7/4 6987/7/4 6990/7/4
f 6988/7/4 6980/7/4 6992/7/4
f 6991/7/4 6992/7/4 6994/7/4
f 6992/7/4 6980/7/4 6995/7/4
f 6994/7/4 6992/7/4 6995/7/4
f 6993/7/4 6994/7/4 6996/7/4
f 6996/7/4 6994/7/4 6997/7/4
f 6998/7/4 6999/7/4 7000/7/4
f 7000/7/4 6999/7/4 7001/7/4
f 6995/7/4 6980/7/4 7002/7/4
f 7001/7/4 7002/7/4 7003/7/4
f 7002/7/4 6980/7/4 7004/7/4
f 7003/7/4 7002/7/4 7004/7/4
f 7004/7/4 6980/7/4 7006/7/4
f 7005/7/4 7006/7/4 7007/7/4
f 7006/7/4 6980/7/4 7008/7/4
f 7007/7/4 7006/7/4 7008/7/4
f 7008/7/4 6980/7/4 7010/7/4
f 7009/7/4 7010/7/4 7012/7/4
f 7010/7/4 6980/7/4 7013/7/4
f 7012/7/4 7010/7/4 7013/7/4
f 7011/7/4 7012/7/4 7014/7/4
f 7014/7/4 7012/7/4 7015/7/4
f 7013/7/4 6980/7/4 7017/7/4
f 7016/7/4 7017/7/4 7018/7/4
f 7018/7/4 7017/7/4 7019/7/4
f 7019/7/4 7017/7/4 7020/7/4
f 7017/7/4 6980/7/4 7021/7/4
f 7020/7/4 7017/7/4 7021/7/4
f 7021/7/4 6980/7/4 7022/7/4
f 7022/7/4 6980/7/4 7023/7/4
f 7026/1/5 7025/1/5 7024/1/5
f 7027/1/5 7025/1/5 7026/1/5
f 7060/7/5 7029/7/5 7028/7/5
f 7061/7/5 7029/7/5 7060/7/5
f 7062/7/5 7031/7/5 7030/7/5
f 7063/7/5 7031/7/5 7062/7/5
f 7064/7/5 7033/7/5 7032/7/5
f 7065/7/5 7033/7/5 7064/7/5
f 7066/7/5 7035/7/5 7034/7/5
f 7067/7/5 7035/7/5 7066/7/5
f 7068/7/5 7037/7/5 7036/7/5
f 7069/7/5 7037/7/5 7068/7/5
f 7070/7/5 7039/7/5 7038/7/5
f 7071/7/5 7039/7/5 7070/7/5
f 7072/7/5 7041/7/5 7040/7/5
f 7073/7/5 7041/7/5 7072/7/5
f 7074/7/5 7043/7/5 7042/7/5
f 7075/7/5 7043/7/5 7074/7/5
f 7076/7/5 7045/7/5 7044/7/5
f 7077/7/5 7045/7/5 7076/7/5
f 7078/7/5 7047/7/5 7046/7/5
f 7079/7/5 7047/7/5 7078/7/5
f 7080/7/5 7049/7/5 7048/7/5
f 7081/7/5 7049/7/5 7080/7/5
f 7082/7/5 7051/7/5 7050/7/5
f 7083/7/5 7051/7/5 7082/7/5
f 7084/7/5 7053/7/5 7052/7/5
f 7085/7/5 7053/7/5 7084/7/5
f 7086/7/5 7055/7/5 7054/7/5
f 7087/7/5 7055/7/5 7086/7/5
f 7088/7/5 7057/7/5 7056/7/5
f 7089/7/5 7057/7/5 7088/7/5
f 7090/7/5 7059/7/5 7058/7/5
f 7091/7/5 7059/7/5 7090/7/5
f 7096/7/5 7093/7/5 7092/7/5
f 7097/7/5 7093/7/5 7096/7/5
f 7098/7/5 7095/7/5 7094/7/5
f 7099/7/5 7095/7/5 7098/7/5
f 7102/7/5 7101/7/5 7100/7/5
f 7103/7/5 7101/7/5 7102/7/5
f 7106/7/5 7105/7/5 7104/7/5
f 7107/7/5 7105/7/5 7106/7/5
f 7130/7/5 7109/7/5 7108/7/5
f 7131/7/5 7109/7/5 7130/7/5
f 7132/7/5 7111/7/5 7110/7/5
f 7133/7/5 7111/7/5 7132/7/5
f 7134/7/5 7113/7/5 7112/7/5
f 7135/7/5 7113/7/5 7134/7/5
f 7136/7/5 7115/7/5 7114/7/5
f 7137/7/5 7115/7/5 7136/7/5
f 7138/7/5 7117/7/5 7116/7/5
f 7139/7/5 7117/7/5 7138/7/5
f 7140/7/5 7119/7/5 7118/7/5
f 7141/7/5 7119/7/5 7140/7/5
f 7142/7/5 7121/7/5 7120/7/5
f 7143/7/5 7121/7/5 7142/7/5
f 7144/7/5 7123/7/5 7122/7/5
f 7145/7/5 7123/7/5 7144/7/5
f 7146/7/5 7125/7/5 7124/7/5
f 7147/7/5 7125/7/5 7146/7/5
f 7148/7/5 7127/7/5 7126/7/5
f 7149/7/5 7127/7/5 7148/7/5
f 7150/7/5 7129/7/5 7128/7/5
f 7151/7/5 7129/7/5 7150/7/5
f 7172/7/5 7153/7/5 7152/7/5
f 7173/7/5 7153/7/5 7172/7/5
f 7174/7/5 7155/7/5 7154/7/5
f 7175/7/5 7155/7/5 7174/7/5
f 7176/7/5 7157/7/5 7156/7/5
f 7177/7/5 7157/7/5 7176/7/5
f 7178/7/5 7159/7/5 7158/7/5
f 7179/7/5 7159/7/5 7178/7/5
f 7180/7/5 7161/7/5 7160/7/5
f 7181/7/5 7161/7/5 7180/7/5
f 7182/7/5 7163/7/5 7162/7/5
f 7183/7/5 7163/7/5 7182/7/5
f 7184/7/5 7165/7/5 7164/7/5
f 7185/7/5 7165/7/5 7184/7/5
f 7186/7/5 7167/7/5 7166/7/5
f 7187/7/5 7167/7/5 7186/7/5
f 7188/7/5 7169/7/5 7168/7/5
f 7189/7/5 7169/7/5 7188/7/5
f 7190/7/5 7171/7/5 7170/7/5
f 7191/7/5 7171/7/5 7190/7/5
f 7194/7/5 7193/7/5 7192/7/5
f 7195/7/5 7193/7/5 7194/7/5
f 7198/7/5 7197/7/5 7196/7/5
f 7199/7/5 7197/7/5 7198/7/5
f 7218/7/5 7201/7/5 7200/7/5
f 7219/7/5 7201/7/5 7218/7/5
f 7220/7/5 7203/7/5 7202/7/5
f 7221/7/5 7203/7/5 7220/7/5
f 7222/7/5 7205/7/5 7204/7/5
f 7223/7/5 7205/7/5 7222/7/5
f 7224/7/5 7207/7/5 7206/7/5
f 7225/7/5 7207/7/5 7224/7/5
f 7226/7/5 7209/7/5 7208/7/5
f 7227/7/5 7209/7/5 7226/7/5
f 7228/7/5 7211/7/5 7210/7/5
f 7229/7/5 7211/7/5 7228/7/5
f 7230/7/5 7213/7/5 7212/7/5
f 7231/7/5 7213/7/5 7230/7/5
f 7232/7/5 7215/7/5 7214/7/5
f 7233/7/5 7215/7/5 7232/7/5
f 7234/7/5 7217/7/5 7216/7/5
f 7235/7/5 7217/7/5 7234/7/5
f 7271/7/5 7237/7/5 7236/7/5
f 7272/7/5 7237/7/5 7271/7/5
f 7273/7/5 7239/7/5 7238/7/5
f 7274/7/5 7239/7/5 7273/7/5
f 7275/7/5 7241/7/5 7240/7/5
f 7276/7/5 7241/7/5 7275/7/5
f 7277/7/5 7243/7/5 7242/7/5
f 7278/7/5 7243/7/5 7277/7/5
f 7279/7/5 7245/7/5 7244/7/5
f 7280/7/5 7245/7/5 7279/7/5
f 7281/7/5 7247/7/5 7246/7/5
f 7282/7/5 7247/7/5 7281/7/5
f 7283/7/5 7249/7/5 7248/7/5
f 7284/7/5 7249/7/5 7283/7/5
f 7285/7/5 7251/7/5 7250/7/5
f 7286/7/5 7251/7/5 7285/7/5
f 7287/7/5 7253/7/5 7252/7/5
f 7288/7/5 7253/7/5 7287/7/5
f 7289/7/5 7255/7/5 7254/7/5
f 7290/7/5 7255/7/5 7289/7/5
f 7291/7/5 7257/7/5 7256/7/5
f 7292/7/5 7257/7/5 7291/7/5
f 7293/7/5 7259/7/5 7258/7/5
f 7294/7/5 7259/7/5 7293/7/5
f 7295/7/5 7261/7/5 7260/7/5
f 7296/7/5 7261/7/5 7295/7/5
f 7297/7/5 7263/7/5 7262/7/5
f 7298/7/5 7263/7/5 7297/7/5
f 7299/7/5 7265/7/5 7264/7/5
f 7300/7/5 7265/7/5 7299/7/5
f 7301/7/5 7267/7/5 7266/7/5
f 7302/7/5 7267/7/5 7301/7/5
f 7303/7/5 7269/7/5 7268/7/5
f 7304/7/5 7269/7/5 7303/7/5
f 7306/7/5 7271/7/5 7270/7/5
f 7307/7/5 7271/7/5 7306/7/5
f 7308/7/5 7305/7/5 7304/7/5
f 7309/7/5 7305/7/5 7308/7/5
f 7312/7/5 7311/7/5 7310/7/5
f 7313/7/5 7311/7/5 7312/7/5
f 7341/7/5 7315/7/5 7314/7/5
f 7342/7/5 7315/7/5 7341/7/5
f 7343/7/5 7317/7/5 7316/7/5
f 7344/7/5 7317/7/5 7343/7/5
f 7345/7/5 7319/7/5 7318/7/5
f 7346/7/5 7319/7/5 7345/7/5
f 7347/7/5 7321/7/5 7320/7/5
f 7348/7/5 7321/7/5 7347/7/5
f 7349/7/5 7323/7/5 7322/7/5
f 7350/7/5 7323/7/5 7349/7/5
f 7351/7/5 7325/7/5 7324/7/5
f 7352/7/5 7325/7/5 7351/7/5
f 7353/7/5 7327/7/5 7326/7/5
f 7354/7/5 7327/7/5 7353/7/5
f 7355/7/5 7329/7/5 7328/7/5
f 7356/7/5 7329/7/5 7355/7/5
f 7357/7/5 7331/7/5 7330/7/5
f 7358/7/5 7331/7/5 7357/7/5
f 7359/7/5 7333/7/5 7332/7/5
f 7360/7/5 7333/7/5 7359/7/5
f 7361/7/5 7335/7/5 7334/7/5
f 7362/7/5 7335/7/5 7361/7/5
f 7363/7/5 7337/7/5 7336/7/5
f 7364/7/5 7337/7/5 7363/7/5
f 7365/7/5 7339/7/5 7338/7/5
f 7366/7/5 7339/7/5 7365/7/5
f 7367/7/5 7341/7/5 7340/7/5
f 7368/7/5 7341/7/5 7367/7/5
f 7371/7/5 7370/7/5 7369/7/5
f 7372/7/5 7370/7/5 7371/7/5
f 7379/7/5 7374/7/5 7373/7/5
f 7380/7/5 7374/7/5 7379/7/5
f 7381/7/5 7376/7/5 7375/7/5
f 7382/7/5 7376/7/5 7381/7/5
f 7384/7/5 7378/7/5 7377/7/5
f 7385/7/5 7378/7/5 7384/7/5
f 7386/7/5 7383/7/5 7382/7/5
f 7387/7/5 7383/7/5 7386/7/5
f 7392/7/5 7389/7/5 7388/7/5
f 7393/7/5 7389/7/5 7392/7/5
f 7394/7/5 7391/7/5 7390/7/5
f 7395/7/5 7391/7/5 7394/7/5
f 7400/7/5 7397/7/5 7396/7/5
f 7401/7/5 7397/7/5 7400/7/5
f 7402/7/5 7399/7/5 7398/7/5
f 7403/7/5 7399/7/5 7402/7/5
f 7406/7/5 7405/7/5 7404/7/5
f 7407/7/5 7405/7/5 7406/7/5
f 7410/7/5 7409/7/5 7408/7/5
f 7411/7/5 7409/7/5 7410/7/5
f 7416/7/5 7413/7/5 7412/7/5
f 7417/7/5 7413/7/5 7416/7/5
f 7418/7/5 7415/7/5 7414/7/5
f 7419/7/5 7415/7/5 7418/7/5
f 7422/7/5 7421/7/5 7420/7/5
f 7423/7/5 7421/7/5 7422/7/5
f 7428/7/5 7425/7/5 7424/7/5
f 7429/7/5 7425/7/5 7428/7/5
f 7430/7/5 7427/7/5 7426/7/5
f 7431/7/5 7427/7/5 7430/7/5
f 7436/7/5 7433/7/5 7432/7/5
f 7437/7/5 7433/7/5 7436/7/5
f 7438/7/5 7435/7/5 7434/7/5
f 7439/7/5 7435/7/5 7438/7/5
f 7444/7/5 7441/7/5 7440/7/5
f 7445/7/5 7441/7/5 7444/7/5
f 7446/7/5 7443/7/5 7442/7/5
f 7447/7/5 7443/7/5 7446/7/5
f 7450/7/5 7449/7/5 7448/7/5
f 7451/7/5 7449/7/5 7450/7/5
f 7454/7/5 7453/7/5 7452/7/5
f 7455/7/5 7453/7/5 7454/7/5
f 7458/7/5 7457/7/5 7456/7/5
f 7459/7/5 7457/7/5 7458/7/5
f 7462/7/5 7461/7/5 7460/7/5
f 7463/7/5 7461/7/5 7462/7/5
f 7466/7/5 7465/7/5 7464/7/5
f 7467/7/5 7465/7/5 7466/7/5
f 7478/7/5 7469/7/5 7468/7/5
f 7479/7/5 7469/7/5 7478/7/5
f 7480/7/5 7471/7/5 7470/7/5
f 7481/7/5 7471/7/5 7480/7/5
f 7482/7/5 7473/7/5 7472/7/5
f 7483/7/5 7473/7/5 7482/7/5
f 7484/7/5 7475/7/5 7474/7/5
f 7485/7/5 7475/7/5 7484/7/5
f 7486/7/5 7477/7/5 7476/7/5
f 7487/7/5 7477/7/5 7486/7/5
f 7493/7/5 7489/7/5 7488/7/5
f 7494/7/5 7489/7/5 7493/7/5
f 7495/7/5 7491/7/5 7490/7/5
f 7496/7/5 7491/7/5 7495/7/5
f 7501/7/5 7493/7/5 7492/7/5
f 7502/7/5 7493/7/5 7501/7/5
f 7503/7/5 7498/7/5 7497/7/5
f 7504/7/5 7498/7/5 7503/7/5
f 7505/7/5 7500/7/5 7499/7/5
f 7506/7/5 7500/7/5 7505/7/5
f 7511/7/5 7508/7/5 7507/7/5
f 7512/7/5 7508/7/5 7511/7/5
f 7515/7/5 7510/7/5 7509/7/5
f 7516/7/5 7510/7/5 7515/7/5
f 7517/7/5 7514/7/5 7513/7/5
f 7518/7/5 7514/7/5 7517/7/5
f 7523/7/5 7522/7/5 7521/7/5
f 7524/7/5 7522/7/5 7523/7/5
f 7526/7/5 7525/7/5 7524/7/5
f 7527/7/5 7525/7/5 7526/7/5
f 7530/7/5 7520/7/5 7519/7/5
f 7531/7/5 7520/7/5 7530/7/5
f 7532/7/5 7529/7/5 7528/7/5
f 7533/7/5 7529/7/5 7532/7/5
f 7538/7/5 7535/7/5 7534/7/5
f 7539/7/5 7535/7/5 7538/7/5
f 7542/7/5 7537/7/5 7536/7/5
f 7543/7/5 7537/7/5 7542/7/5
f 7546/7/5 7541/7/5 7540/7/5
f 7547/7/5 7541/7/5 7546/7/5
f 7550/7/5 7549/7/5 7548/7/5
f 7551/7/5 7549/7/5 7550/7/5
f 7552/7/5 7545/7/5 7544/7/5
f 7553/7/5 7545/7/5 7552/7/5
f 7558/7/5 7557/7/5 7556/7/5
f 7559/7/5 7557/7/5 7558/7/5
f 7560/7/5 7555/7/5 7554/7/5
f 7561/7/5 7555/7/5 7560/7/5
f 7566/7/5 7565/7/5 7564/7/5
f 7567/7/5 7565/7/5 7566/7/5
f 7570/7/5 7563/7/5 7562/7/5
f 7571/7/5 7563/7/5 7570/7/5
f 7572/7/5 7569/7/5 7568/7/5
f 7573/7/5 7569/7/5 7572/7/5
f 7578/7/5 7575/7/5 7574/7/5
f 7579/7/5 7575/7/5 7578/7/5
f 7580/7/5 7577/7/5 7576/7/5
f 7581/7/5 7577/7/5 7580/7/5
f 7586/7/5 7585/7/5 7584/7/5
f 7587/7/5 7585/7/5 7586/7/5
f 7588/7/5 7583/7/5 7582/7/5
f 7589/7/5 7583/7/5 7588/7/5
f 7594/7/5 7591/7/5 7590/7/5
f 7595/7/5 7591/7/5 7594/7/5
f 7596/7/5 7593/7/5 7592/7/5
f 7597/7/5 7593/7/5 7596/7/5
f 7600/7/5 7599/7/5 7598/7/5
f 7601/7/5 7599/7/5 7600/7/5
f 7606/7/5 7603/7/5 7602/7/5
f 7607/7/5 7603/7/5 7606/7/5
f 7608/7/5 7605/7/5 7604/7/5
f 7609/7/5 7605/7/5 7608/7/5
f 7614/7/5 7611/7/5 7610/7/5
f 7615/7/5 7611/7/5 7614/7/5
f 7616/7/5 7613/7/5 7612/7/5
f 7617/7/5 7613/7/5 7616/7/5
f 7622/7/5 7619/7/5 7618/7/5
f 7623/7/5 7619/7/5 7622/7/5
f 7624/7/5 7621/7/5 7620/7/5
f 7625/7/5 7621/7/5 7624/7/5
f 7630/7/5 7627/7/5 7626/7/5
f 7631/7/5 7627/7/5 7630/7/5
f 7644/7/5 7629/7/5 7628/7/5
f 7645/7/5 7629/7/5 7644/7/5
f 7646/7/5 7632/7/5 7631/7/5
f 7647/7/5 7634/7/5 7633/7/5
f 7648/7/5 7634/7/5 7647/7/5
f 7649/7/5 7636/7/5 7635/7/5
f 7650/7/5 7636/7/5 7649/7/5
f 7651/7/5 7638/7/5 7637/7/5
f 7652/7/5 7640/7/5 7639/7/5
f 7653/7/5 7640/7/5 7652/7/5
f 7654/7/5 7642/7/5 7641/7/5
f 7655/7/5 7642/7/5 7654/7/5
f 7656/7/5 7644/7/5 7643/7/5
f 7657/7/5 7644/7/5 7656/7/5
f 7658/7/5 7648/7/5 7647/7/5
f 7658/7/5 7651/7/5 7650/7/5
f 7658/7/5 7650/7/5 7649/7/5
f 7658/7/5 7646/7/5 7631/7/5
f 7658/7/5 7647/7/5 7646/7/5
f 7658/7/5 7649/7/5 7648/7/5
f 7659/7/5 7638/7/5 7651/7/5
f 7659/7/5 7651/7/5 7658/7/5
f 7662/11/5 7661/11/5 7660/11/5
f 7663/11/5 7661/11/5 7662/11/5
f 7680/7/5 7665/7/5 7664/7/5
f 7681/7/5 7665/7/5 7680/7/5
f 7682/7/5 7667/7/5 7666/7/5
f 7683/7/5 7667/7/5 7682/7/5
f 7684/7/5 7669/7/5 7668/7/5
f 7685/7/5 7669/7/5 7684/7/5
f 7687/11/5 7662/11/5 7660/11/5
f 7688/11/5 7662/11/5 7687/11/5
f 7689/11/5 7661/11/5 7663/11/5
f 7690/7/5 7671/7/5 7670/7/5
f 7691/7/5 7671/7/5 7690/7/5
f 7692/7/5 7673/7/5 7672/7/5
f 7693/7/5 7673/7/5 7692/7/5
f 7694/7/5 7675/7/5 7674/7/5
f 7695/7/5 7675/7/5 7694/7/5
f 7696/7/5 7677/7/5 7676/7/5
f 7697/7/5 7677/7/5 7696/7/5
f 7700/7/5 7679/7/5 7678/7/5
f 7701/7/5 7679/7/5 7700/7/5
f 7702/7/5 7687/7/5 7686/7/5
f 7703/11/5 7688/11/5 7687/11/5
f 7703/7/5 7687/7/5 7702/7/5
f 7703/11/5 7689/11/5 7688/11/5
f 7704/11/5 7661/11/5 7689/11/5
f 7704/11/5 7689/11/5 7703/11/5
f 7707/7/5 7699/7/5 7698/7/5
f 7708/7/5 7699/7/5 7707/7/5
f 7711/7/5 7706/7/5 7705/7/5
f 7712/7/5 7706/7/5 7711/7/5
f 7713/7/5 7710/7/5 7709/7/5
f 7714/7/5 7710/7/5 7713/7/5
f 7717/7/5 7716/7/5 7715/7/5
f 7718/7/5 7716/7/5 7717/7/5
f 7721/7/5 7720/7/5 7719/7/5
f 7722/7/5 7720/7/5 7721/7/5
f 7727/7/5 7724/7/5 7723/7/5
f 7728/7/5 7724/7/5 7727/7/5
f 7729/7/5 7726/7/5 7725/7/5
f 7730/7/5 7726/7/5 7729/7/5
f 7733/7/5 7732/7/5 7731/7/5
f 7734/7/5 7732/7/5 7733/7/5
f 7737/7/5 7736/7/5 7735/7/5
f 7738/7/5 7736/7/5 7737/7/5
f 7741/7/5 7740/7/5 7739/7/5
f 7742/7/5 7740/7/5 7741/7/5
f 7745/7/5 7744/7/5 7743/7/5
f 7746/7/5 7744/7/5 7745/7/5
f 7761/7/5 7748/7/5 7747/7/5
f 7762/7/5 7748/7/5 7761/7/5
f 7765/7/5 7750/7/5 7749/7/5
f 7766/7/5 7750/7/5 7765/7/5
f 7767/7/5 7752/7/5 7751/7/5
f 7768/7/5 7752/7/5 7767/7/5
f 7769/7/5 7754/7/5 7753/7/5
f 7770/7/5 7754/7/5 7769/7/5
f 7771/7/5 7756/7/5 7755/7/5
f 7772/7/5 7756/7/5 7771/7/5
f 7773/7/5 7758/7/5 7757/7/5
f 7774/7/5 7758/7/5 7773/7/5
f 7775/7/5 7760/7/5 7759/7/5
f 7776/7/5 7760/7/5 7775/7/5
f 7777/7/5 7764/7/5 7763/7/5
f 7778/7/5 7764/7/5 7777/7/5
f 7781/7/5 7780/7/5 7779/7/5
f 7782/7/5 7780/7/5 7781/7/5
f 7791/7/5 7784/7/5 7783/7/5
f 7792/7/5 7784/7/5 7791/7/5
f 7793/7/5 7786/7/5 7785/7/5
f 7794/7/5 7786/7/5 7793/7/5
f 7795/7/5 7788/7/5 7787/7/5
f 7796/7/5 7788/7/5 7795/7/5
f 7797/7/5 7790/7/5 7789/7/5
f 7798/7/5 7790/7/5 7797/7/5
f 7809/7/5 7800/7/5 7799/7/5
f 7810/7/5 7800/7/5 7809/7/5
f 7811/7/5 7802/7/5 7801/7/5
f 7812/7/5 7802/7/5 7811/7/5
f 7813/7/5 7804/7/5 7803/7/5
f 7814/7/5 7804/7/5 7813/7/5
f 7815/7/5 7806/7/5 7805/7/5
f 7816/7/5 7806/7/5 7815/7/5
f 7817/7/5 7808/7/5 7807/7/5
f 7818/7/5 7808/7/5 7817/7/5
f 7825/7/5 7820/7/5 7819/7/5
f 7826/7/5 7820/7/5 7825/7/5
f 7827/7/5 7822/7/5 7821/7/5
f 7828/7/5 7822/7/5 7827/7/5
f 7829/7/5 7824/7/5 7823/7/5
f 7830/7/5 7824/7/5 7829/7/5
f 7833/7/5 7832/7/5 7831/7/5
f 7834/7/5 7832/7/5 7833/7/5
f 7837/7/5 7836/7/5 7835/7/5
f 7838/7/5 7836/7/5 7837/7/5
f 7841/7/5 7840/7/5 7839/7/5
f 7842/7/5 7840/7/5 7841/7/5
f 7845/7/5 7844/7/5 7843/7/5
f 7846/7/5 7844/7/5 7845/7/5
f 7851/7/5 7848/7/5 7847/7/5
f 7852/7/5 7848/7/5 7851/7/5
f 7853/7/5 7850/7/5 7849/7/5
f 7854/7/5 7850/7/5 7853/7/5
f 7857/7/5 7856/7/5 7855/7/5
f 7858/7/5 7856/7/5 7857/7/5
f 7861/7/5 7860/7/5 7859/7/5
f 7862/7/5 7860/7/5 7861/7/5
f 7865/7/5 7864/7/5 7863/7/5
f 7866/7/5 7864/7/5 7865/7/5
f 7869/7/5 7868/7/5 7867/7/5
f 7870/7/5 7868/7/5 7869/7/5
f 7873/7/5 7872/7/5 7871/7/5
f 7874/7/5 7872/7/5 7873/7/5
f 7879/7/5 7876/7/5 7875/7/5
f 7880/7/5 7876/7/5 7879/7/5
f 7881/7/5 7878/7/5 7877/7/5
f 7882/7/5 7878/7/5 7881/7/5
f 7885/7/5 7884/7/5 7883/7/5
f 7886/7/5 7884/7/5 7885/7/5
f 7891/7/5 7888/7/5 7887/7/5
f 7892/7/5 7888/7/5 7891/7/5
f 7893/7/5 7890/7/5 7889/7/5
f 7894/7/5 7890/7/5 7893/7/5
f 7899/7/5 7896/7/5 7895/7/5
f 7900/7/5 7896/7/5 7899/7/5
f 7901/7/5 7898/7/5 7897/7/5
f 7902/7/5 7898/7/5 7901/7/5
f 7907/7/5 7904/7/5 7903/7/5
f 7908/7/5 7904/7/5 7907/7/5
f 7909/7/5 7906/7/5 7905/7/5
f 7910/7/5 7906/7/5 7909/7/5
f 7913/7/5 7912/7/5 7911/7/5
f 7914/7/5 7912/7/5 7913/7/5
f 7917/7/5 7916/7/5 7915/7/5
f 7918/7/5 7916/7/5 7917/7/5
f 7921/7/5 7920/7/5 7919/7/5
f 7922/7/5 7920/7/5 7921/7/5
f 7927/7/5 7924/7/5 7923/7/5
f 7928/7/5 7924/7/5 7927/7/5
f 7929/7/5 7926/7/5 7925/7/5
f 7930/7/5 7926/7/5 7929/7/5
f 7933/7/5 7932/7/5 7931/7/5
f 7934/7/5 7932/7/5 7933/7/5
f 7937/7/5 7936/7/5 7935/7/5
f 7938/7/5 7936/7/5 7937/7/5
f 7941/7/5 7940/7/5 7939/7/5
f 7942/7/5 7940/7/5 7941/7/5
f 7947/7/5 7944/7/5 7943/7/5
f 7948/7/5 7944/7/5 7947/7/5
f 7953/7/5 7946/7/5 7945/7/5
f 7954/7/5 7946/7/5 7953/7/5
f 7955/7/5 7950/7/5 7949/7/5
f 7956/7/5 7950/7/5 7955/7/5
f 7957/7/5 7952/7/5 7951/7/5
f 7958/7/5 7952/7/5 7957/7/5
f 7965/7/5 7960/7/5 7959/7/5
f 7966/7/5 7960/7/5 7965/7/5
f 7967/7/5 7962/7/5 7961/7/5
f 7968/7/5 7962/7/5 7967/7/5
f 7969/7/5 7964/7/5 7963/7/5
f 7970/7/5 7964/7/5 7969/7/5
f 7975/7/5 7972/7/5 7971/7/5
f 7976/7/5 7972/7/5 7975/7/5
f 7977/7/5 7974/7/5 7973/7/5
f 7978/7/5 7974/7/5 7977/7/5
f 7981/7/5 7980/7/5 7979/7/5
f 7982/7/5 7980/7/5 7981/7/5
f 7987/7/5 7984/7/5 7983/7/5
f 7988/7/5 7984/7/5 7987/7/5
f 7989/7/5 7986/7/5 7985/7/5
f 7990/7/5 7986/7/5 7989/7/5
f 8011/7/5 7992/7/5 7991/7/5
f 8012/7/5 7992/7/5 8011/7/5
f 8013/7/5 7994/7/5 7993/7/5
f 8014/7/5 7994/7/5 8013/7/5
f 8015/7/5 7996/7/5 7995/7/5
f 8016/7/5 7996/7/5 8015/7/5
f 8017/7/5 7998/7/5 7997/7/5
f 8018/7/5 7998/7/5 8017/7/5
f 8022/7/5 8000/7/5 7999/7/5
f 8023/7/5 8000/7/5 8022/7/5
f 8024/7/5 8002/7/5 8001/7/5
f 8025/7/5 8002/7/5 8024/7/5
f 8026/7/5 8004/7/5 8003/7/5
f 8027/7/5 8004/7/5 8026/7/5
f 8028/7/5 8006/7/5 8005/7/5
f 8029/7/5 8006/7/5 8028/7/5
f 8030/7/5 8008/7/5 8007/7/5
f 8031/7/5 8008/7/5 8030/7/5
f 8032/7/5 8010/7/5 8009/7/5
f 8033/7/5 8010/7/5 8032/7/5
f 8037/7/5 8020/7/5 8019/7/5
f 8038/7/5 8020/7/5 8037/7/5
f 8041/7/5 8022/7/5 8021/7/5
f 8042/7/5 8034/7/5 8033/7/5
f 8043/7/5 8034/7/5 8042/7/5
f 8047/7/5 8040/7/5 8039/7/5
f 8048/7/5 8040/7/5 8047/7/5
f 8049/7/5 8022/7/5 8041/7/5
f 8050/7/5 8022/7/5 8049/7/5
f 8053/7/5 8036/7/5 8035/7/5
f 8054/7/5 8036/7/5 8053/7/5
f 8055/7/5 8047/7/5 8046/7/5
f 8056/7/5 8047/7/5 8055/7/5
f 8059/7/5 8045/7/5 8044/7/5
f 8060/7/5 8045/7/5 8059/7/5
f 8063/7/5 8052/7/5 8051/7/5
f 8064/7/5 8052/7/5 8063/7/5
f 8065/7/5 8058/7/5 8057/7/5
f 8066/7/5 8058/7/5 8065/7/5
f 8069/7/5 8062/7/5 8061/7/5
f 8070/7/5 8062/7/5 8069/7/5
f 8075/7/5 8068/7/5 8067/7/5
f 8076/7/5 8068/7/5 8075/7/5
f 8081/7/5 8078/7/5 8077/7/5
f 8082/7/5 8078/7/5 8081/7/5
f 8083/7/5 8072/7/5 8071/7/5
f 8084/7/5 8072/7/5 8083/7/5
f 8087/7/5 8074/7/5 8073/7/5
f 8088/7/5 8074/7/5 8087/7/5
f 8089/7/5 8080/7/5 8079/7/5
f 8090/7/5 8080/7/5 8089/7/5
f 8093/7/5 8092/7/5 8091/7/5
f 8094/7/5 8092/7/5 8093/7/5
f 8095/7/5 8086/7/5 8085/7/5
f 8096/7/5 8086/7/5 8095/7/5
f 8101/7/5 8100/7/5 8099/7/5
f 8102/7/5 8100/7/5 8101/7/5
f 8103/7/5 8098/7/5 8097/7/5
f 8104/7/5 8098/7/5 8103/7/5
f 8109/7/5 8106/7/5 8105/7/5
f 8110/7/5 8106/7/5 8109/7/5
f 8113/7/5 8108/7/5 8107/7/5
f 8114/7/5 8108/7/5 8113/7/5
f 8117/7/5 8112/7/5 8111/7/5
f 8118/7/5 8112/7/5 8117/7/5
f 8121/7/5 8116/7/5 8115/7/5
f 8122/7/5 8116/7/5 8121/7/5
f 8123/7/5 8120/7/5 8119/7/5
f 8124/7/5 8120/7/5 8123/7/5
f 8129/7/5 8126/7/5 8125/7/5
f 8130/7/5 8126/7/5 8129/7/5
f 8135/7/5 8128/7/5 8127/7/5
f 8136/7/5 8128/7/5 8135/7/5
f 8137/11/5 8134/11/5 8133/11/5
f 8138/11/5 8134/11/5 8137/11/5
f 8141/7/5 8140/7/5 8139/7/5
f 8142/7/5 8140/7/5 8141/7/5
f 8143/7/5 8132/7/5 8131/7/5
f 8144/7/5 8132/7/5 8143/7/5
f 8145/11/5 8137/11/5 8133/11/5
f 8146/11/5 8134/11/5 8138/11/5
f 8151/11/5 8145/11/5 8133/11/5
f 8151/11/5 8146/11/5 8145/11/5
f 8152/11/5 8134/11/5 8146/11/5
f 8152/11/5 8146/11/5 8151/11/5
f 8153/7/5 8150/7/5 8149/7/5
f 8154/7/5 8150/7/5 8153/7/5
f 8155/7/5 8148/7/5 8147/7/5
f 8156/7/5 8148/7/5 8155/7/5
f 8161/7/5 8158/7/5 8157/7/5
f 8162/7/5 8158/7/5 8161/7/5
f 8163/7/5 8160/7/5 8159/7/5
f 8164/7/5 8160/7/5 8163/7/5
f 8169/7/5 8166/7/5 8165/7/5
f 8170/7/5 8166/7/5 8169/7/5
f 8171/7/5 8168/7/5 8167/7/5
f 8172/7/5 8168/7/5 8171/7/5
f 8177/7/5 8174/7/5 8173/7/5
f 8178/7/5 8174/7/5 8177/7/5
f 8181/7/5 8176/7/5 8175/7/5
f 8182/7/5 8176/7/5 8181/7/5
f 8185/7/5 8180/7/5 8179/7/5
f 8186/7/5 8180/7/5 8185/7/5
f 8187/7/5 8184/7/5 8183/7/5
f 8188/7/5 8184/7/5 8187/7/5
f 8193/7/5 8190/7/5 8189/7/5
f 8194/7/5 8190/7/5 8193/7/5
f 8199/7/5 8192/7/5 8191/7/5
f 8200/7/5 8192/7/5 8199/7/5
f 8205/7/5 8196/7/5 8195/7/5
f 8206/7/5 8196/7/5 8205/7/5
f 8207/11/5 8202/11/5 8201/11/5
f 8208/11/5 8202/11/5 8207/11/5
f 8211/7/5 8198/7/5 8197/7/5
f 8212/7/5 8198/7/5 8211/7/5
f 8213/7/5 8204/7/5 8203/7/5
f 8214/7/5 8204/7/5 8213/7/5
f 8217/11/5 8207/11/5 8201/11/5
f 8218/11/5 8202/11/5 8208/11/5
f 8221/11/5 8217/11/5 8201/11/5
f 8221/11/5 8218/11/5 8217/11/5
f 8222/11/5 8202/11/5 8218/11/5
f 8222/11/5 8218/11/5 8221/11/5
f 8223/7/5 8210/7/5 8209/7/5
f 8224/7/5 8210/7/5 8223/7/5
f 8227/7/5 8216/7/5 8215/7/5
f 8228/7/5 8216/7/5 8227/7/5
f 8229/7/5 8220/7/5 8219/7/5
f 8230/7/5 8220/7/5 8229/7/5
f 8237/7/5 8226/7/5 8225/7/5
f 8238/7/5 8226/7/5 8237/7/5
f 8239/7/5 8236/7/5 8235/7/5
f 8240/7/5 8236/7/5 8239/7/5
f 8251/7/5 8232/7/5 8231/7/5
f 8252/7/5 8232/7/5 8251/7/5
f 8255/7/5 8242/7/5 8241/7/5
f 8256/7/5 8242/7/5 8255/7/5
f 8257/7/5 8244/7/5 8243/7/5
f 8258/7/5 8244/7/5 8257/7/5
f 8259/7/5 8246/7/5 8245/7/5
f 8260/7/5 8246/7/5 8259/7/5
f 8261/7/5 8248/7/5 8247/7/5
f 8262/7/5 8248/7/5 8261/7/5
f 8263/7/5 8250/7/5 8249/7/5
f 8264/7/5 8250/7/5 8263/7/5
f 8265/7/5 8254/7/5 8253/7/5
f 8266/7/5 8254/7/5 8265/7/5
f 8267/7/5 8234/7/5 8233/7/5
f 8268/7/5 8234/7/5 8267/7/5
f 8273/7/5 8270/7/5 8269/7/5
f 8274/7/5 8270/7/5 8273/7/5
f 8281/7/5 8272/7/5 8271/7/5
f 8282/7/5 8272/7/5 8281/7/5
f 8283/7/5 8276/7/5 8275/7/5
f 8284/7/5 8276/7/5 8283/7/5
f 8285/7/5 8278/7/5 8277/7/5
f 8286/7/5 8278/7/5 8285/7/5
f 8287/7/5 8280/7/5 8279/7/5
f 8288/7/5 8280/7/5 8287/7/5
f 8291/7/5 8290/7/5 8289/7/5
f 8292/7/5 8290/7/5 8291/7/5
f 8297/7/5 8294/7/5 8293/7/5
f 8298/7/5 8294/7/5 8297/7/5
f 8299/7/5 8296/7/5 8295/7/5
f 8300/7/5 8296/7/5 8299/7/5
f 8305/7/5 8302/7/5 8301/7/5
f 8306/7/5 8302/7/5 8305/7/5
f 8307/7/5 8304/7/5 8303/7/5
f 8308/7/5 8304/7/5 8307/7/5
f 8313/7/5 8310/7/5 8309/7/5
f 8314/7/5 8310/7/5 8313/7/5
f 8315/7/5 8312/7/5 8311/7/5
f 8316/7/5 8312/7/5 8315/7/5
f 8321/7/5 8318/7/5 8317/7/5
f 8322/7/5 8318/7/5 8321/7/5
f 8323/7/5 8320/7/5 8319/7/5
f 8324/7/5 8320/7/5 8323/7/5
f 8329/7/5 8326/7/5 8325/7/5
f 8330/7/5 8326/7/5 8329/7/5
f 8331/7/5 8328/7/5 8327/7/5
f 8332/7/5 8328/7/5 8331/7/5
f 8337/7/5 8334/7/5 8333/7/5
f 8338/7/5 8334/7/5 8337/7/5
f 8339/7/5 8336/7/5 8335/7/5
f 8340/7/5 8336/7/5 8339/7/5
f 8345/7/5 8342/7/5 8341/7/5
f 8346/7/5 8342/7/5 8345/7/5
f 8347/7/5 8344/7/5 8343/7/5
f 8348/7/5 8344/7/5 8347/7/5
f 8353/7/5 8350/7/5 8349/7/5
f 8354/7/5 8350/7/5 8353/7/5
f 8355/7/5 8352/7/5 8351/7/5
f 8356/7/5 8352/7/5 8355/7/5
f 8359/7/5 8358/7/5 8357/7/5
f 8360/7/5 8358/7/5 8359/7/5
f 8363/7/5 8362/7/5 8361/7/5
f 8364/7/5 8362/7/5 8363/7/5
f 8367/7/5 8366/7/5 8365/7/5
f 8368/7/5 8366/7/5 8367/7/5
f 8373/7/5 8370/7/5 8369/7/5
f 8374/7/5 8370/7/5 8373/7/5
f 8375/7/5 8372/7/5 8371/7/5
f 8376/7/5 8372/7/5 8375/7/5
f 8379/7/5 8378/7/5 8377/7/5
f 8380/7/5 8378/7/5 8379/7/5
f 8383/7/5 8382/7/5 8381/7/5
f 8384/7/5 8382/7/5 8383/7/5
f 8387/7/5 8386/7/5 8385/7/5
f 8388/7/5 8386/7/5 8387/7/5
f 8391/7/5 8390/7/5 8389/7/5
f 8392/7/5 8390/7/5 8391/7/5
f 8401/7/5 8394/7/5 8393/7/5
f 8402/7/5 8394/7/5 8401/7/5
f 8403/7/5 8396/7/5 8395/7/5
f 8404/7/5 8396/7/5 8403/7/5
f 8405/7/5 8398/7/5 8397/7/5
f 8406/7/5 8398/7/5 8405/7/5
f 8407/7/5 8400/7/5 8399/7/5
f 8408/7/5 8400/7/5 8407/7/5
f 8414/7/5 8409/7/5 8408/7/5
f 8415/7/5 8409/7/5 8414/7/5
f 8416/7/5 8411/7/5 8410/7/5
f 8417/7/5 8411/7/5 8416/7/5
f 8418/7/5 8413/7/5 8412/7/5
f 8419/7/5 8413/7/5 8418/7/5
f 8424/7/5 8421/7/5 8420/7/5
f 8425/7/5 8421/7/5 8424/7/5
f 8426/7/5 8423/7/5 8422/7/5
f 8427/7/5 8423/7/5 8426/7/5
f 8430/7/5 8429/7/5 8428/7/5
f 8431/7/5 8429/7/5 8430/7/5
f 8438/7/5 8433/7/5 8432/7/5
f 8439/7/5 8433/7/5 8438/7/5
f 8440/7/5 8435/7/5 8434/7/5
f 8441/7/5 8435/7/5 8440/7/5
f 8442/7/5 8437/7/5 8436/7/5
f 8443/7/5 8437/7/5 8442/7/5
f 8448/7/5 8445/7/5 8444/7/5
f 8449/7/5 8445/7/5 8448/7/5
f 8450/7/5 8447/7/5 8446/7/5
f 8451/7/5 8447/7/5 8450/7/5
f 8458/7/5 8453/7/5 8452/7/5
f 8459/7/5 8453/7/5 8458/7/5
f 8460/7/5 8455/7/5 8454/7/5
f 8461/7/5 8455/7/5 8460/7/5
f 8462/7/5 8457/7/5 8456/7/5
f 8463/7/5 8457/7/5 8462/7/5
f 8466/7/5 8465/7/5 8464/7/5
f 8467/7/5 8465/7/5 8466/7/5
f 8472/7/5 8469/7/5 8468/7/5
f 8473/7/5 8469/7/5 8472/7/5
f 8474/7/5 8471/7/5 8470/7/5
f 8475/7/5 8471/7/5 8474/7/5
f 8478/7/5 8477/7/5 8476/7/5
f 8479/7/5 8477/7/5 8478/7/5
f 8486/7/5 8481/7/5 8480/7/5
f 8487/7/5 8481/7/5 8486/7/5
f 8488/7/5 8483/7/5 8482/7/5
f 8489/7/5 8483/7/5 8488/7/5
f 8490/7/5 8485/7/5 8484/7/5
f 8491/7/5 8485/7/5 8490/7/5
f 8498/7/5 8493/7/5 8492/7/5
f 8499/7/5 8493/7/5 8498/7/5
f 8500/7/5 8495/7/5 8494/7/5
f 8501/7/5 8495/7/5 8500/7/5
f 8504/7/5 8497/7/5 8496/7/5
f 8505/7/5 8497/7/5 8504/7/5
f 8506/7/5 8503/7/5 8502/7/5
f 8507/7/5 8503/7/5 8506/7/5
f 8514/7/5 8509/7/5 8508/7/5
f 8515/7/5 8509/7/5 8514/7/5
f 8518/7/5 8511/7/5 8510/7/5
f 8519/7/5 8511/7/5 8518/7/5
f 8520/7/5 8517/7/5 8516/7/5
f 8521/7/5 8517/7/5 8520/7/5
f 8522/7/5 8513/7/5 8512/7/5
f 8523/7/5 8513/7/5 8522/7/5
f 8528/7/5 8525/7/5 8524/7/5
f 8529/7/5 8525/7/5 8528/7/5
f 8530/7/5 8527/7/5 8526/7/5
f 8531/7/5 8527/7/5 8530/7/5
f 8534/7/5 8533/7/5 8532/7/5
f 8535/7/5 8533/7/5 8534/7/5
f 8538/7/5 8537/7/5 8536/7/5
f 8539/7/5 8537/7/5 8538/7/5
f 8544/7/5 8541/7/5 8540/7/5
f 8545/7/5 8541/7/5 8544/7/5
f 8552/7/5 8543/7/5 8542/7/5
f 8553/7/5 8543/7/5 8552/7/5
f 8554/7/5 8547/7/5 8546/7/5
f 8555/7/5 8547/7/5 8554/7/5
f 8556/7/5 8549/7/5 8548/7/5
f 8557/7/5 8549/7/5 8556/7/5
f 8558/7/5 8551/7/5 8550/7/5
f 8559/7/5 8551/7/5 8558/7/5
f 8564/7/5 8561/7/5 8560/7/5
f 8565/7/5 8561/7/5 8564/7/5
f 8566/7/5 8563/7/5 8562/7/5
f 8567/7/5 8563/7/5 8566/7/5
f 8575/7/5 8569/7/5 8568/7/5
f 8576/7/5 8569/7/5 8575/7/5
f 8577/7/5 8571/7/5 8570/7/5
f 8578/7/5 8571/7/5 8577/7/5
f 8579/7/5 8573/7/5 8572/7/5
f 8580/7/5 8573/7/5 8579/7/5
f 8581/7/5 8575/7/5 8574/7/5
f 8582/7/5 8575/7/5 8581/7/5
f 8592/7/5 8584/7/5 8583/7/5
f 8593/7/5 8584/7/5 8592/7/5
f 8594/7/5 8586/7/5 8585/7/5
f 8595/7/5 8586/7/5 8594/7/5
f 8596/7/5 8588/7/5 8587/7/5
f 8597/7/5 8588/7/5 8596/7/5
f 8598/7/5 8590/7/5 8589/7/5
f 8599/7/5 8590/7/5 8598/7/5
f 8608/7/5 8601/7/5 8600/7/5
f 8609/7/5 8601/7/5 8608/7/5
f 8610/7/5 8603/7/5 8602/7/5
f 8611/7/5 8603/7/5 8610/7/5
f 8612/7/5 8592/7/5 8591/7/5
f 8613/7/5 8592/7/5 8612/7/5
f 8614/7/5 8607/7/5 8606/7/5
f 8615/7/5 8607/7/5 8614/7/5
f 8620/7/5 8605/7/5 8604/7/5
f 8621/7/5 8605/7/5 8620/7/5
f 8624/7/5 8617/7/5 8616/7/5
f 8625/7/5 8617/7/5 8624/7/5
f 8630/7/5 8619/7/5 8618/7/5
f 8631/7/5 8619/7/5 8630/7/5
f 8632/7/5 8627/7/5 8626/7/5
f 8633/7/5 8627/7/5 8632/7/5
f 8634/7/5 8623/7/5 8622/7/5
f 8635/7/5 8623/7/5 8634/7/5
f 8642/7/5 8629/7/5 8628/7/5
f 8643/7/5 8629/7/5 8642/7/5
f 8644/7/5 8637/7/5 8636/7/5
f 8645/7/5 8637/7/5 8644/7/5
f 8650/7/5 8647/7/5 8646/7/5
f 8651/7/5 8647/7/5 8650/7/5
f 8652/7/5 8639/7/5 8638/7/5
f 8653/7/5 8639/7/5 8652/7/5
f 8654/7/5 8641/7/5 8640/7/5
f 8655/7/5 8641/7/5 8654/7/5
f 8662/7/5 8657/7/5 8656/7/5
f 8663/7/5 8657/7/5 8662/7/5
f 8664/7/5 8649/7/5 8648/7/5
f 8665/7/5 8649/7/5 8664/7/5
f 8666/7/5 8661/7/5 8660/7/5
f 8667/7/5 8661/7/5 8666/7/5
f 8672/7/5 8659/7/5 8658/7/5
f 8673/7/5 8659/7/5 8672/7/5
f 8676/7/5 8669/7/5 8668/7/5
f 8677/7/5 8669/7/5 8676/7/5
f 8678/7/5 8671/7/5 8670/7/5
f 8679/7/5 8671/7/5 8678/7/5
f 8682/7/5 8675/7/5 8674/7/5
f 8683/7/5 8675/7/5 8682/7/5
f 8690/7/5 8681/7/5 8680/7/5
f 8691/7/5 8681/7/5 8690/7/5
f 8694/7/5 8689/7/5 8688/7/5
f 8695/7/5 8689/7/5 8694/7/5
f 8696/7/5 8685/7/5 8684/7/5
f 8697/7/5 8685/7/5 8696/7/5
f 8698/7/5 8687/7/5 8686/7/5
f 8699/7/5 8687/7/5 8698/7/5
f 8700/7/5 8693/7/5 8692/7/5
f 8701/7/5 8693/7/5 8700/7/5
f 8710/7/5 8709/7/5 8708/7/5
f 8711/7/5 8709/7/5 8710/7/5
f 8712/7/5 8705/7/5 8704/7/5
f 8713/7/5 8705/7/5 8712/7/5
f 8714/7/5 8707/7/5 8706/7/5
f 8715/7/5 8707/7/5 8714/7/5
f 8718/7/5 8703/7/5 8702/7/5
f 8719/7/5 8703/7/5 8718/7/5
f 8724/7/5 8717/7/5 8716/7/5
f 8725/7/5 8717/7/5 8724/7/5
f 8730/7/5 8727/7/5 8726/7/5
f 8731/7/5 8727/7/5 8730/7/5
f 8732/7/5 8721/7/5 8720/7/5
f 8733/7/5 8721/7/5 8732/7/5
f 8738/7/5 8735/7/5 8734/7/5
f 8739/7/5 8735/7/5 8738/7/5
f 8740/7/5 8723/7/5 8722/7/5
f 8741/7/5 8723/7/5 8740/7/5
f 8742/7/5 8729/7/5 8728/7/5
f 8743/7/5 8729/7/5 8742/7/5
f 8746/7/5 8737/7/5 8736/7/5
f 8747/7/5 8737/7/5 8746/7/5
f 8754/7/5 8745/7/5 8744/7/5
f 8755/7/5 8745/7/5 8754/7/5
f 8756/7/5 8751/7/5 8750/7/5
f 8757/7/5 8751/7/5 8756/7/5
f 8762/7/5 8749/7/5 8748/7/5
f 8763/7/5 8749/7/5 8762/7/5
f 8766/7/5 8753/7/5 8752/7/5
f 8767/7/5 8753/7/5 8766/7/5
f 8768/7/5 8759/7/5 8758/7/5
f 8769/7/5 8759/7/5 8768/7/5
f 8770/7/5 8765/7/5 8764/7/5
f 8771/7/5 8765/7/5 8770/7/5
f 8778/7/5 8761/7/5 8760/7/5
f 8779/7/5 8761/7/5 8778/7/5
f 8780/7/5 8775/7/5 8774/7/5
f 8781/7/5 8775/7/5 8780/7/5
f 8784/7/5 8777/7/5 8776/7/5
f 8785/7/5 8777/7/5 8784/7/5
f 8792/7/5 8773/7/5 8772/7/5
f 8793/7/5 8773/7/5 8792/7/5
f 8796/7/5 8787/7/5 8786/7/5
f 8797/7/5 8787/7/5 8796/7/5
f 8798/7/5 8789/7/5 8788/7/5
f 8799/7/5 8789/7/5 8798/7/5
f 8800/7/5 8791/7/5 8790/7/5
f 8801/7/5 8791/7/5 8800/7/5
f 8802/7/5 8783/7/5 8782/7/5
f 8803/7/5 8783/7/5 8802/7/5
f 8804/7/5 8795/7/5 8794/7/5
f 8805/7/5 8795/7/5 8804/7/5
f 8810/7/5 8807/7/5 8806/7/5
f 8811/7/5 8807/7/5 8810/7/5
f 8812/7/5 8809/7/5 8808/7/5
f 8813/7/5 8809/7/5 8812/7/5
f 8818/7/5 8817/7/5 8816/7/5
f 8819/7/5 8817/7/5 8818/7/5
f 8820/7/5 8815/7/5 8814/7/5
f 8821/7/5 8815/7/5 8820/7/5
f 8826/7/5 8823/7/5 8822/7/5
f 8827/7/5 8823/7/5 8826/7/5
f 8828/7/5 8825/7/5 8824/7/5
f 8829/7/5 8825/7/5 8828/7/5
f 8832/6/5 8831/6/5 8830/6/5
f 8833/6/5 8831/6/5 8832/6/5
f 8836/6/5 8835/6/5 8834/6/5
f 8837/6/5 8835/6/5 8836/6/5
f 8840/6/5 8839/6/5 8838/6/5
f 8841/6/5 8839/6/5 8840/6/5
f 8844/6/5 8843/6/5 8842/6/5
f 8845/6/5 8843/6/5 8844/6/5
f 8848/6/5 8847/6/5 8846/6/5
f 8849/6/5 8847/6/5 8848/6/5
f 8852/6/5 8851/6/5 8850/6/5
f 8853/6/5 8851/6/5 8852/6/5
f 8856/6/5 8855/6/5 8854/6/5
f 8857/6/5 8855/6/5 8856/6/5
f 8860/6/5 8859/6/5 8858/6/5
f 8861/6/5 8859/6/5 8860/6/5
f 8864/6/5 8863/6/5 8862/6/5
f 8865/6/5 8863/6/5 8864/6/5
f 8868/6/5 8867/6/5 8866/6/5
f 8869/6/5 8867/6/5 8868/6/5
f 8872/6/5 8871/6/5 8870/6/5
f 8873/6/5 8871/6/5 8872/6/5
f 8879/6/5 8874/6/5 8873/6/5
f 8880/6/5 8874/6/5 8879/6/5
f 8881/6/5 8876/6/5 8875/6/5
f 8882/6/5 8876/6/5 8881/6/5
f 8883/6/5 8878/6/5 8877/6/5
f 8884/6/5 8878/6/5 8883/6/5
f 8887/11/5 8886/11/5 8885/11/5
f 8888/11/5 8886/11/5 8887/11/5
f 8889/11/5 8887/11/5 8885/11/5
f 8890/11/5 8886/11/5 8888/11/5
f 8891/11/5 8889/11/5 8885/11/5
f 8891/11/5 8890/11/5 8889/11/5
f 8892/11/5 8886/11/5 8890/11/5
f 8892/11/5 8890/11/5 8891/11/5
f 8895/11/5 8894/11/5 8893/11/5
f 8896/11/5 8894/11/5 8895/11/5
f 8897/11/5 8895/11/5 8893/11/5
f 8898/11/5 8894/11/5 8896/11/5
f 8899/11/5 8897/11/5 8893/11/5
f 8899/11/5 8898/11/5 8897/11/5
f 8900/11/5 8894/11/5 8898/11/5
f 8900/11/5 8898/11/5 8899/11/5
f 8901/7/6 8902/7/6 8921/7/6
f 8921/7/6 8902/7/6 8922/7/6
f 8903/7/6 8904/7/6 8923/7/6
f 8923/7/6 8904/7/6 8924/7/6
f 8905/7/6 8906/7/6 8925/7/6
f 8925/7/6 8906/7/6 8926/7/6
f 8907/7/6 8908/7/6 8927/7/6
f 8927/7/6 8908/7/6 8928/7/6
f 8909/7/6 8910/7/6 8929/7/6
f 8929/7/6 8910/7/6 8930/7/6
f 8911/7/6 8912/7/6 8931/7/6
f 8931/7/6 8912/7/6 8932/7/6
f 8913/7/6 8914/7/6 8933/7/6
f 8933/7/6 8914/7/6 8934/7/6
f 8915/7/6 8916/7/6 8935/7/6
f 8935/7/6 8916/7/6 8936/7/6
f 8917/7/6 8918/7/6 8937/7/6
f 8937/7/6 8918/7/6 8938/7/6
f 8919/7/6 8920/7/6 8939/7/6
f 8939/7/6 8920/7/6 8940/7/6
f 8941/7/6 8942/7/6 8943/7/6
f 8943/7/6 8942/7/6 8944/7/6
f 8945/7/6 8946/7/6 8961/7/6
f 8961/7/6 8946/7/6 8962/7/6
f 8947/7/6 8948/7/6 8963/7/6
f 8963/7/6 8948/7/6 8964/7/6
f 8949/7/6 8950/7/6 8965/7/6
f 8965/7/6 8950/7/6 8966/7/6
f 8951/7/6 8952/7/6 8967/7/6
f 8967/7/6 8952/7/6 8968/7/6
f 8953/7/6 8954/7/6 8969/7/6
f 8969/7/6 8954/7/6 8970/7/6
f 8955/7/6 8956/7/6 8971/7/6
f 8971/7/6 8956/7/6 8972/7/6
f 8957/7/6 8958/7/6 8973/7/6
f 8973/7/6 8958/7/6 8974/7/6
f 8959/7/6 8960/7/6 8975/7/6
f 8975/7/6 8960/7/6 8976/7/6
f 8977/8/6 8978/8/6 8979/8/6
f 8979/8/6 8978/8/6 8980/8/6
f 8980/8/6 8978/8/6 8981/8/6
f 8981/8/6 8978/8/6 8982/8/6
f 8980/8/6 8981/8/6 8983/8/6
f 8983/8/6 8981/8/6 8984/8/6
f 8977/8/6 8979/8/6 8985/8/6
f 8979/9/6 8980/9/6 8985/9/6
f 8980/8/6 8983/8/6 8986/8/6
f 8985/9/6 8980/9/6 8986/9/6
f 8984/8/6 8981/8/6 8987/8/6
f 8981/9/6 8982/9/6 8987/9/6
f 8982/8/6 8978/8/6 8988/8/6
f 8987/9/6 8982/9/6 8988/9/6
f 8986/8/6 8983/8/6 8989/8/6
f 8983/9/6 8984/9/6 8989/9/6
f 8985/8/6 8986/8/6 8989/8/6
f 8987/8/6 8988/8/6 8990/8/6
f 8989/9/6 8984/9/6 8990/9/6
f 8984/8/6 8987/8/6 8990/8/6
f 8990/8/6 8988/8/6 8991/8/6
f 8991/8/6 8988/8/6 8992/8/6
f 8989/8/6 8990/8/6 8993/8/6
f 8990/8/6 8991/8/6 8993/8/6
f 8993/8/6 8991/8/6 8994/8/6
f 8985/8/6 8989/8/6 8995/8/6
f 8989/8/6 8993/8/6 8995/8/6
f 8995/8/6 8993/8/6 8996/8/6
f 8996/8/6 8993/8/6 8997/8/6
f 8997/8/6 8993/8/6 8998/8/6
f 8985/8/6 8995/8/6 8999/8/6
f 8995/9/6 8996/9/6 8999/9/6
f 8996/8/6 8997/8/6 9000/8/6
f 8999/9/6 8996/9/6 9000/9/6
f 8993/9/6 8994/9/6 9001/9/6
f 8998/8/6 8993/8/6 9001/8/6
f 8994/8/6 8991/8/6 9002/8/6
f 9001/9/6 8994/9/6 9002/9/6
f 8991/9/6 8992/9/6 9003/9/6
f 9002/8/6 8991/8/6 9003/8/6
f 8992/8/6 8988/8/6 9004/8/6
f 9003/9/6 8992/9/6 9004/9/6
f 9002/8/6 9003/8/6 9005/8/6
f 9004/8/6 8988/8/6 9005/8/6
f 9003/8/6 9004/8/6 9005/8/6
f 9001/8/6 9002/8/6 9005/8/6
f 8988/8/6 8978/8/6 9006/8/6
f 9005/8/6 8988/8/6 9006/8/6
f 8997/9/6 8998/9/6 9007/9/6
f 9000/8/6 8997/8/6 9007/8/6
f 8999/8/6 9000/8/6 9007/8/6
f 9001/8/6 9005/8/6 9008/8/6
f 9007/9/6 8998/9/6 9008/9/6
f 8998/8/6 9001/8/6 9008/8/6
f 9007/8/6 9008/8/6 9009/8/6
f 9008/8/6 9005/8/6 9009/8/6
f 9009/8/6 9005/8/6 9010/8/6
f 9005/9/6 9006/9/6 9011/9/6
f 9010/8/6 9005/8/6 9011/8/6
f 9006/8/6 8978/8/6 9012/8/6
f 9011/9/6 9006/9/6 9012/9/6
f 8999/8/6 9007/8/6 9013/8/6
f 8985/8/6 8999/8/6 9013/8/6
f 9007/8/6 9009/8/6 9013/8/6
f 9013/8/6 9009/8/6 9014/8/6
f 9009/9/6 9010/9/6 9015/9/6
f 9014/8/6 9009/8/6 9015/8/6
f 9011/8/6 9012/8/6 9016/8/6
f 9015/9/6 9010/9/6 9016/9/6
f 9010/8/6 9011/8/6 9016/8/6
f 9015/8/6 9016/8/6 9017/8/6
f 9016/8/6 9012/8/6 9017/8/6
f 9017/8/6 9012/8/6 9018/8/6
f 9013/9/6 9014/9/6 9019/9/6
f 8985/8/6 9013/8/6 9019/8/6
f 9014/8/6 9015/8/6 9020/8/6
f 9019/9/6 9014/9/6 9020/9/6
f 9015/8/6 9017/8/6 9020/8/6
f 9017/9/6 9018/9/6 9021/9/6
f 9020/8/6 9017/8/6 9021/8/6
f 9019/8/6 9020/8/6 9021/8/6
f 9018/8/6 9012/8/6 9022/8/6
f 9021/9/6 9018/9/6 9022/9/6
f 9019/8/6 9021/8/6 9023/8/6
f 9021/8/6 9022/8/6 9023/8/6
f 9023/8/6 9022/8/6 9024/8/6
f 8977/8/6 8985/8/6 9025/8/6
f 8985/8/6 9019/8/6 9025/8/6
f 9019/8/6 9023/8/6 9025/8/6
f 9025/8/6 9023/8/6 9026/8/6
f 9022/8/6 9012/8/6 9027/8/6
f 9024/8/6 9022/8/6 9027/8/6
f 9012/8/6 8978/8/6 9028/8/6
f 9027/8/6 9012/8/6 9028/8/6
f 9026/8/6 9023/8/6 9029/8/6
f 9023/9/6 9024/9/6 9029/9/6
f 9024/8/6 9027/8/6 9030/8/6
f 9029/9/6 9024/9/6 9030/9/6
f 9025/9/6 9026/9/6 9031/9/6
f 8977/8/6 9025/8/6 9031/8/6
f 9026/8/6 9029/8/6 9032/8/6
f 9031/9/6 9026/9/6 9032/9/6
f 9029/8/6 9030/8/6 9032/8/6
f 9030/8/6 9027/8/6 9033/8/6
f 9032/8/6 9030/8/6 9033/8/6
f 9027/9/6 9028/9/6 9033/9/6
f 9028/8/6 8978/8/6 9034/8/6
f 9033/9/6 9028/9/6 9034/9/6
f 9032/8/6 9033/8/6 9035/8/6
f 9031/8/6 9032/8/6 9035/8/6
f 9033/8/6 9034/8/6 9035/8/6
f 9035/8/6 9034/8/6 9036/8/6
f 9036/8/6 9034/8/6 9037/8/6
f 9037/8/6 9034/8/6 9038/8/6
f 9036/8/6 9037/8/6 9039/8/6
f 9037/9/6 9038/9/6 9039/9/6
f 9038/8/6 9034/8/6 9040/8/6
f 9039/9/6 9038/9/6 9040/9/6
f 8977/8/6 9031/8/6 9041/8/6
f 9031/8/6 9035/8/6 9041/8/6
f 9041/8/6 9035/8/6 9042/8/6
f 9035/9/6 9036/9/6 9043/9/6
f 9042/8/6 9035/8/6 9043/8/6
f 9039/8/6 9040/8/6 9044/8/6
f 9043/9/6 9036/9/6 9044/9/6
f 9036/8/6 9039/8/6 9044/8/6
f 9040/8/6 9034/8/6 9045/8/6
f 9044/8/6 9040/8/6 9045/8/6
f 9034/8/6 8978/8/6 9045/8/6
f 9045/8/6 8978/8/6 9046/8/6
f 9043/8/6 9044/8/6 9047/8/6
f 9042/8/6 9043/8/6 9047/8/6
f 9044/8/6 9045/8/6 9047/8/6
f 9047/8/6 9045/8/6 9048/8/6
f 9045/9/6 9046/9/6 9049/9/6
f 9048/8/6 9045/8/6 9049/8/6
f 9046/8/6 8978/8/6 9050/8/6
f 9049/9/6 9046/9/6 9050/9/6
f 9047/9/6 9048/9/6 9051/9/6
f 9042/8/6 9047/8/6 9051/8/6
f 9048/8/6 9049/8/6 9052/8/6
f 9051/9/6 9048/9/6 9052/9/6
f 9049/8/6 9050/8/6 9052/8/6
f 8977/8/6 9041/8/6 9053/8/6
f 9041/9/6 9042/9/6 9053/9/6
f 9042/8/6 9051/8/6 9054/8/6
f 9053/9/6 9042/9/6 9054/9/6
f 9051/8/6 9052/8/6 9054/8/6
f 9053/8/6 9054/8/6 9055/8/6
f 9054/8/6 9052/8/6 9055/8/6
f 9055/8/6 9052/8/6 9056/8/6
f 9056/8/6 9052/8/6 9057/8/6
f 9057/8/6 9052/8/6 9058/8/6
f 9052/8/6 9050/8/6 9059/8/6
f 9058/8/6 9052/8/6 9059/8/6
f 9059/8/6 9050/8/6 9060/8/6
f 9053/8/6 9055/8/6 9061/8/6
f 9055/9/6 9056/9/6 9061/9/6
f 9056/8/6 9057/8/6 9062/8/6
f 9061/9/6 9056/9/6 9062/9/6
f 9057/9/6 9058/9/6 9063/9/6
f 9062/8/6 9057/8/6 9063/8/6
f 9058/8/6 9059/8/6 9064/8/6
f 9063/9/6 9058/9/6 9064/9/6
f 8977/8/6 9053/8/6 9065/8/6
f 9061/8/6 9062/8/6 9065/8/6
f 9063/8/6 9064/8/6 9065/8/6
f 9062/8/6 9063/8/6 9065/8/6
f 9053/8/6 9061/8/6 9065/8/6
f 9064/8/6 9059/8/6 9066/8/6
f 9065/8/6 9064/8/6 9066/8/6
f 9059/9/6 9060/9/6 9066/9/6
f 9060/8/6 9050/8/6 9067/8/6
f 9066/9/6 9060/9/6 9067/9/6
f 9050/8/6 8978/8/6 9068/8/6
f 9067/8/6 9050/8/6 9068/8/6
f 9069/7/6 9070/7/6 9074/7/6
f 9074/7/6 9070/7/6 9075/7/6
f 9075/7/6 9070/7/6 9076/7/6
f 9071/7/6 9072/7/6 9077/7/6
f 9073/7/6 9074/7/6 9079/7/6
f 9074/7/6 9075/7/6 9079/7/6
f 9079/7/6 9075/7/6 9080/7/6
f 9080/7/6 9075/7/6 9081/7/6
f 9076/7/6 9070/7/6 9082/7/6
f 9077/7/6 9078/7/6 9083/7/6
f 9071/7/6 9077/7/6 9083/7/6
f 9083/7/6 9078/7/6 9084/7/6
f 9084/7/6 9078/7/6 9085/7/6
f 9073/7/6 9079/7/6 9086/7/6
f 9086/7/6 9079/7/6 9087/7/6
f 9071/7/6 9083/7/6 9088/7/6
f 9088/7/6 9083/7/6 9089/7/6
f 9089/7/6 9083/7/6 9090/7/6
f 9090/7/6 9083/7/6 9091/7/6
f 9091/7/6 9083/7/6 9092/7/6
f 9092/7/6 9083/7/6 9093/7/6
f 9071/7/6 9088/7/6 9094/7/6
f 9094/7/6 9088/7/6 9095/7/6
f 9089/7/6 9090/7/6 9096/7/6
f 9096/7/6 9090/7/6 9097/7/6
f 9091/7/6 9092/7/6 9098/7/6
f 9098/7/6 9092/7/6 9099/7/6
f 9093/7/6 9083/7/6 9100/7/6
f 9100/7/6 9083/7/6 9101/7/6
f 9080/7/6 9081/7/6 9102/7/6
f 9081/7/6 9082/7/6 9102/7/6
f 9102/7/6 9082/7/6 9103/7/6
f 9082/7/6 9070/7/6 9104/7/6
f 9103/7/6 9082/7/6 9104/7/6
f 9104/7/6 9070/7/6 9105/7/6
f 9080/7/6 9102/7/6 9106/7/6
f 9106/7/6 9102/7/6 9107/7/6
f 9103/7/6 9104/7/6 9108/7/6
f 9108/7/6 9104/7/6 9109/7/6
f 9105/7/6 9070/7/6 9110/7/6
f 9110/7/6 9070/7/6 9111/7/6
f 9071/7/6 9094/7/6 9112/7/6
f 9112/7/6 9094/7/6 9113/7/6
f 9111/7/6 9070/7/6 9114/7/6
f 9114/7/6 9070/7/6 9115/7/6
f 9071/7/6 9112/7/6 9116/7/6
f 9115/7/6 9070/7/6 9119/7/6
f 9071/7/6 9116/7/6 9120/7/6
f 9116/7/6 9117/7/6 9120/7/6
f 9120/7/6 9117/7/6 9121/7/6
f 9118/7/6 9119/7/6 9122/7/6
f 9119/7/6 9070/7/6 9123/7/6
f 9122/7/6 9119/7/6 9123/7/6
f 9071/7/6 9120/7/6 9124/7/6
f 9123/7/6 9070/7/6 9127/7/6
f 9126/7/6 9127/7/6 9128/7/6
f 9127/7/6 9070/7/6 9129/7/6
f 9128/7/6 9127/7/6 9129/7/6
f 9071/7/6 9124/7/6 9130/7/6
f 9124/7/6 9125/7/6 9130/7/6
f 9130/7/6 9125/7/6 9131/7/6
f 9129/7/6 9070/7/6 9133/7/6
f 9071/7/6 9130/7/6 9134/7/6
f 9134/7/6 9135/7/6 9137/7/6
f 9135/7/6 9136/7/6 9137/7/6
f 9137/7/6 9136/7/6 9138/7/6
f 9132/7/6 9133/7/6 9139/7/6
f 9133/7/6 9070/7/6 9140/7/6
f 9139/7/6 9133/7/6 9140/7/6
f 9134/7/6 9137/7/6 9141/7/6
f 9140/7/6 9070/7/6 9144/7/6
f 9134/7/6 9141/7/6 9145/7/6
f 9141/7/6 9142/7/6 9145/7/6
f 9145/7/6 9142/7/6 9146/7/6
f 9143/7/6 9144/7/6 9147/7/6
f 9144/7/6 9070/7/6 9148/7/6
f 9147/7/6 9144/7/6 9148/7/6
f 9134/7/6 9145/7/6 9149/7/6
f 9148/7/6 9070/7/6 9152/7/6
f 9151/7/6 9152/7/6 9153/7/6
f 9152/7/6 9070/7/6 9154/7/6
f 9153/7/6 9152/7/6 9154/7/6
f 9134/7/6 9149/7/6 9155/7/6
f 9149/7/6 9150/7/6 9155/7/6
f 9155/7/6 9150/7/6 9156/7/6
f 9154/7/6 9070/7/6 9158/7/6
f 9134/7/6 9155/7/6 9159/7/6
f 9157/7/6 9158/7/6 9162/7/6
f 9161/7/6 9162/7/6 9163/7/6
f 9162/7/6 9158/7/6 9164/7/6
f 9163/7/6 9162/7/6 9164/7/6
f 9159/7/6 9160/7/6 9165/7/6
f 9134/7/6 9159/7/6 9165/7/6
f 9165/7/6 9160/7/6 9166/7/6
f 9164/7/6 9158/7/6 9168/7/6
f 9134/7/6 9165/7/6 9169/7/6
f 9167/7/6 9168/7/6 9171/7/6
f 9168/7/6 9158/7/6 9172/7/6
f 9171/7/6 9168/7/6 9172/7/6
f 9169/7/6 9170/7/6 9173/7/6
f 9134/7/6 9169/7/6 9173/7/6
f 9173/7/6 9170/7/6 9174/7/6
f 9172/7/6 9158/7/6 9176/7/6
f 9134/7/6 9173/7/6 9177/7/6
f 9175/7/6 9176/7/6 9179/7/6
f 9176/7/6 9158/7/6 9180/7/6
f 9179/7/6 9176/7/6 9180/7/6
f 9180/7/6 9158/7/6 9182/7/6
f 9177/7/6 9178/7/6 9183/7/6
f 9134/7/6 9177/7/6 9183/7/6
f 9183/7/6 9178/7/6 9184/7/6
f 9181/7/6 9182/7/6 9185/7/6
f 9182/7/6 9158/7/6 9186/7/6
f 9185/7/6 9182/7/6 9186/7/6
f 9134/7/6 9183/7/6 9187/7/6
f 9186/7/6 9158/7/6 9190/7/6
f 9189/7/6 9190/7/6 9191/7/6
f 9190/7/6 9158/7/6 9192/7/6
f 9191/7/6 9190/7/6 9192/7/6
f 9192/7/6 9158/7/6 9194/7/6
f 9134/7/6 9187/7/6 9195/7/6
f 9187/7/6 9188/7/6 9195/7/6
f 9195/7/6 9188/7/6 9196/7/6
f 9134/7/6 9195/7/6 9197/7/6
f 9193/7/6 9194/7/6 9199/7/6
f 9194/7/6 9158/7/6 9200/7/6
f 9199/7/6 9194/7/6 9200/7/6
f 9197/7/6 9198/7/6 9201/7/6
f 9134/7/6 9197/7/6 9201/7/6
f 9201/7/6 9198/7/6 9202/7/6
f 9200/7/6 9158/7/6 9204/7/6
f 9134/7/6 9201/7/6 9205/7/6
f 9134/7/6 9205/7/6 9207/7/6
f 9205/7/6 9206/7/6 9207/7/6
f 9207/7/6 9206/7/6 9208/7/6
f 9203/7/6 9204/7/6 9209/7/6
f 9204/7/6 9158/7/6 9210/7/6
f 9209/7/6 9204/7/6 9210/7/6
f 9071/7/6 9134/7/6 9211/7/6
f 9134/7/6 9207/7/6 9211/7/6
f 9211/7/6 9207/7/6 9212/7/6
f 9210/7/6 9158/7/6 9214/7/6
f 9071/7/6 9211/7/6 9215/7/6
f 9213/7/6 9214/7/6 9217/7/6
f 9214/7/6 9158/7/6 9218/7/6
f 9217/7/6 9214/7/6 9218/7/6
f 9215/7/6 9216/7/6 9219/7/6
f 9071/7/6 9215/7/6 9219/7/6
f 9219/7/6 9216/7/6 9220/7/6
f 9218/7/6 9158/7/6 9222/7/6
f 9071/7/6 9219/7/6 9223/7/6
f 9221/7/6 9222/7/6 9225/7/6
f 9222/7/6 9158/7/6 9226/7/6
f 9225/7/6 9222/7/6 9226/7/6
f 9226/7/6 9158/7/6 9227/7/6
f 9158/7/6 9070/7/6 9228/7/6
f 9227/7/6 9158/7/6 9228/7/6
f 9223/7/6 9224/7/6 9229/7/6
f 9071/7/6 9223/7/6 9229/7/6
f 9229/7/6 9224/7/6 9230/7/6
f 9228/7/6 9070/7/6 9232/7/6
f 9071/7/6 9229/7/6 9233/7/6
f 9231/7/6 9232/7/6 9235/7/6
f 9232/7/6 9070/7/6 9236/7/6
f 9235/7/6 9232/7/6 9236/7/6
f 9233/7/6 9234/7/6 9237/7/6
f 9071/7/6 9233/7/6 9237/7/6
f 9237/7/6 9234/7/6 9238/7/6
f 9236/7/6 9070/7/6 9240/7/6
f 9071/7/6 9237/7/6 9241/7/6
f 9241/7/6 9242/7/6 9243/7/6
f 9239/7/6 9240/7/6 9251/7/6
f 9243/7/6 9244/7/6 9252/7/6
f 9245/7/6 9246/7/6 9253/7/6
f 9253/7/6 9246/7/6 9254/7/6
f 9247/7/6 9248/7/6 9256/7/6
f 9249/7/6 9250/7/6 9257/7/6
f 9257/7/6 9250/7/6 9258/7/6
f 9251/7/6 9240/7/6 9259/7/6
f 9254/7/6 9255/7/6 9260/7/6
f 9252/7/6 9253/7/6 9260/7/6
f 9253/7/6 9254/7/6 9260/7/6
f 9257/7/6 9258/7/6 9263/7/6
f 9258/7/6 9259/7/6 9263/7/6
f 9256/7/6 9257/7/6 9263/7/6
f 9263/7/6 9259/7/6 9264/7/6
f 9256/7/6 9263/7/6 9265/7/6
f 9265/7/6 9263/7/6 9266/7/6
f 9264/7/6 9259/7/6 9267/7/6
f 9259/7/6 9240/7/6 9268/7/6
f 9267/7/6 9259/7/6 9268/7/6
f 9256/7/6 9265/7/6 9269/7/6
f 9268/7/6 9240/7/6 9272/7/6
f 9252/7/6 9260/7/6 9273/7/6
f 9261/7/6 9262/7/6 9273/7/6
f 9243/7/6 9252/7/6 9273/7/6
f 9260/7/6 9261/7/6 9273/7/6
f 9273/7/6 9262/7/6 9274/7/6
f 9269/7/6 9270/7/6 9275/7/6
f 9271/7/6 9272/7/6 9276/7/6
f 9241/7/6 9243/7/6 9277/7/6
f 9243/7/6 9273/7/6 9277/7/6
f 9277/7/6 9273/7/6 9278/7/6
f 9274/7/6 9262/7/6 9279/7/6
f 9279/7/6 9262/7/6 9280/7/6
f 9269/7/6 9275/7/6 9281/7/6
f 9247/7/6 9256/7/6 9281/7/6
f 9275/7/6 9276/7/6 9281/7/6
f 9256/7/6 9269/7/6 9281/7/6
f 9241/7/6 9277/7/6 9282/7/6
f 9280/7/6 9262/7/6 9285/7/6
f 9285/7/6 9262/7/6 9286/7/6
f 9286/7/6 9262/7/6 9287/7/6
f 9281/7/6 9276/7/6 9288/7/6
f 9240/7/6 9070/7/6 9289/7/6
f 9288/7/6 9276/7/6 9289/7/6
f 9272/7/6 9240/7/6 9289/7/6
f 9276/7/6 9272/7/6 9289/7/6
f 9282/7/6 9283/7/6 9290/7/6
f 9071/7/6 9241/7/6 9290/7/6
f 9241/7/6 9282/7/6 9290/7/6
f 9290/7/6 9283/7/6 9291/7/6
f 9285/7/6 9286/7/6 9292/7/6
f 9284/7/6 9285/7/6 9292/7/6
f 9292/7/6 9286/7/6 9293/7/6
f 9294/7/6 9295/7/6 9296/7/6
f 9296/7/6 9295/7/6 9297/7/6
f 9298/7/6 9299/7/6 9302/7/6
f 9302/7/6 9299/7/6 9303/7/6
f 9300/7/6 9301/7/6 9304/7/6
f 9304/7/6 9301/7/6 9305/7/6
f 9306/7/6 9307/7/6 9310/7/6
f 9310/7/6 9307/7/6 9311/7/6
f 9308/7/6 9309/7/6 9312/7/6
f 9312/7/6 9309/7/6 9313/7/6
f 9314/7/6 9315/7/6 9316/7/6
f 9316/7/6 9315/7/6 9317/7/6
f 9318/7/6 9319/7/6 9322/7/6
f 9322/7/6 9319/7/6 9323/7/6
f 9320/7/6 9321/7/6 9324/7/6
f 9324/7/6 9321/7/6 9325/7/6
f 9326/7/6 9327/7/6 9328/7/6
f 9328/7/6 9327/7/6 9329/7/6
f 9330/7/6 9331/7/6 9332/7/6
f 9332/7/6 9331/7/6 9333/7/6
f 9334/7/6 9335/7/6 9338/7/6
f 9338/7/6 9335/7/6 9339/7/6
f 9336/7/6 9337/7/6 9340/7/6
f 9340/7/6 9337/7/6 9341/7/6
f 9342/7/6 9343/7/6 9346/7/6
f 9346/7/6 9343/7/6 9347/7/6
f 9344/7/6 9345/7/6 9348/7/6
f 9348/7/6 9345/7/6 9349/7/6
f 9350/7/6 9351/7/6 9352/7/6
f 9352/7/6 9351/7/6 9353/7/6
f 9354/7/6 9355/7/6 9358/7/6
f 9358/7/6 9355/7/6 9359/7/6
f 9356/7/6 9357/7/6 9360/7/6
f 9360/7/6 9357/7/6 9361/7/6
f 9362/7/6 9363/7/6 9364/7/6
f 9364/7/6 9363/7/6 9365/7/6
f 9366/7/6 9367/7/6 9368/7/6
f 9368/7/6 9367/7/6 9369/7/6
f 9370/7/6 9371/7/6 9374/7/6
f 9374/7/6 9371/7/6 9375/7/6
f 9372/7/6 9373/7/6 9376/7/6
f 9376/7/6 9373/7/6 9377/7/6
f 9378/7/6 9379/7/6 9380/7/6
f 9380/7/6 9379/7/6 9381/7/6
f 9382/7/6 9383/7/6 9384/7/6
f 9384/7/6 9383/7/6 9385/7/6
f 9386/7/6 9387/7/6 9388/7/6
f 9388/7/6 9387/7/6 9389/7/6
f 9390/7/6 9391/7/6 9392/7/6
f 9392/7/6 9391/7/6 9393/7/6
f 9394/7/6 9395/7/6 9402/7/6
f 9402/7/6 9395/7/6 9403/7/6
f 9396/7/6 9397/7/6 9404/7/6
f 9404/7/6 9397/7/6 9405/7/6
f 9398/7/6 9399/7/6 9406/7/6
f 9406/7/6 9399/7/6 9407/7/6
f 9400/7/6 9401/7/6 9408/7/6
f 9408/7/6 9401/7/6 9409/7/6
f 9410/12/6 9411/12/6 9413/12/6
f 9413/12/6 9411/12/6 9414/12/6
f 9412/12/6 9413/12/6 9416/12/6
f 9413/3/6 9414/3/6 9417/3/6
f 9416/12/6 9413/12/6 9417/12/6
f 9414/12/6 9415/12/6 9418/12/6
f 9417/3/6 9414/3/6 9418/3/6
f 9418/12/6 9415/12/6 9419/12/6
f 9417/12/6 9418/12/6 9422/12/6
f 9422/12/6 9418/12/6 9423/12/6
f 9420/12/6 9421/12/6 9425/12/6
f 9425/12/6 9421/12/6 9426/12/6
f 9424/12/6 9425/12/6 9428/12/6
f 9425/3/6 9426/3/6 9429/3/6
f 9428/12/6 9425/12/6 9429/12/6
f 9426/12/6 9427/12/6 9430/12/6
f 9429/3/6 9426/3/6 9430/3/6
f 9430/12/6 9427/12/6 9431/12/6
f 9429/12/6 9430/12/6 9432/12/6
f 9432/12/6 9430/12/6 9433/12/6
f 9434/7/6 9435/7/6 9437/7/6
f 9437/7/6 9435/7/6 9438/7/6
f 9436/7/6 9437/7/6 9441/7/6
f 9437/7/6 9438/7/6 9441/7/6
f 9441/7/6 9438/7/6 9442/7/6
f 9439/7/6 9440/7/6 9443/7/6
f 9443/7/6 9440/7/6 9444/7/6
f 9444/7/6 9440/7/6 9445/7/6
f 9436/7/6 9441/7/6 9447/7/6
f 9445/7/6 9446/7/6 9450/7/6
f 9444/7/6 9445/7/6 9450/7/6
f 9436/7/6 9447/7/6 9451/7/6
f 9447/7/6 9448/7/6 9451/7/6
f 9451/7/6 9448/7/6 9452/7/6
f 9436/7/6 9451/7/6 9453/7/6
f 9449/7/6 9450/7/6 9455/7/6
f 9450/7/6 9446/7/6 9456/7/6
f 9455/7/6 9450/7/6 9456/7/6
f 9453/7/6 9454/7/6 9457/7/6
f 9436/7/6 9453/7/6 9457/7/6
f 9457/7/6 9454/7/6 9458/7/6
f 9456/7/6 9446/7/6 9460/7/6
f 9436/7/6 9457/7/6 9461/7/6
f 9459/7/6 9460/7/6 9463/7/6
f 9460/7/6 9446/7/6 9463/7/6
f 9463/7/6 9446/7/6 9464/7/6
f 9461/7/6 9462/7/6 9465/7/6
f 9436/7/6 9461/7/6 9465/7/6
f 9465/7/6 9462/7/6 9466/7/6
f 9459/7/6 9463/7/6 9467/7/6
f 9467/7/6 9463/7/6 9468/7/6
f 9464/7/6 9446/7/6 9469/7/6
f 9469/7/6 9446/7/6 9470/7/6
f 9466/7/6 9462/7/6 9471/7/6
f 9471/7/6 9462/7/6 9472/7/6
f 9459/7/6 9467/7/6 9473/7/6
f 9473/7/6 9467/7/6 9474/7/6
f 9474/7/6 9467/7/6 9475/7/6
f 9470/7/6 9446/7/6 9478/7/6
f 9466/7/6 9471/7/6 9479/7/6
f 9475/7/6 9476/7/6 9482/7/6
f 9474/7/6 9475/7/6 9482/7/6
f 9482/7/6 9476/7/6 9483/7/6
f 9477/7/6 9478/7/6 9484/7/6
f 9466/7/6 9479/7/6 9485/7/6
f 9479/7/6 9480/7/6 9485/7/6
f 9485/7/6 9480/7/6 9486/7/6
f 9466/7/6 9485/7/6 9487/7/6
f 9483/7/6 9484/7/6 9489/7/6
f 9482/7/6 9483/7/6 9489/7/6
f 9481/7/6 9482/7/6 9489/7/6
f 9489/7/6 9484/7/6 9490/7/6
f 9490/7/6 9484/7/6 9492/7/6
f 9487/7/6 9488/7/6 9493/7/6
f 9466/7/6 9487/7/6 9493/7/6
f 9493/7/6 9488/7/6 9494/7/6
f 9466/7/6 9493/7/6 9495/7/6
f 9491/7/6 9492/7/6 9497/7/6
f 9492/7/6 9484/7/6 9498/7/6
f 9497/7/6 9492/7/6 9498/7/6
f 9484/7/6 9478/7/6 9499/7/6
f 9498/7/6 9484/7/6 9499/7/6
f 9478/7/6 9446/7/6 9499/7/6
f 9499/7/6 9446/7/6 9500/7/6
f 9495/7/6 9496/7/6 9501/7/6
f 9466/7/6 9495/7/6 9501/7/6
f 9501/7/6 9496/7/6 9502/7/6
f 9498/7/6 9499/7/6 9504/7/6
f 9466/7/6 9501/7/6 9505/7/6
f 9503/7/6 9504/7/6 9507/7/6
f 9504/7/6 9499/7/6 9508/7/6
f 9507/7/6 9504/7/6 9508/7/6
f 9508/7/6 9499/7/6 9510/7/6
f 9505/7/6 9506/7/6 9511/7/6
f 9466/7/6 9505/7/6 9511/7/6
f 9511/7/6 9506/7/6 9512/7/6
f 9466/7/6 9511/7/6 9513/7/6
f 9509/7/6 9510/7/6 9515/7/6
f 9510/7/6 9499/7/6 9516/7/6
f 9515/7/6 9510/7/6 9516/7/6
f 9513/7/6 9514/7/6 9517/7/6
f 9466/7/6 9513/7/6 9517/7/6
f 9517/7/6 9514/7/6 9518/7/6
f 9516/7/6 9499/7/6 9520/7/6
f 9466/7/6 9517/7/6 9521/7/6
f 9521/7/6 9517/7/6 9522/7/6
f 9522/7/6 9517/7/6 9523/7/6
f 9519/7/6 9520/7/6 9525/7/6
f 9520/7/6 9499/7/6 9526/7/6
f 9525/7/6 9520/7/6 9526/7/6
f 9526/7/6 9499/7/6 9528/7/6
f 9466/7/6 9521/7/6 9529/7/6
f 9523/7/6 9524/7/6 9530/7/6
f 9522/7/6 9523/7/6 9530/7/6
f 9530/7/6 9524/7/6 9531/7/6
f 9531/7/6 9524/7/6 9532/7/6
f 9529/7/6 9530/7/6 9533/7/6
f 9530/7/6 9531/7/6 9533/7/6
f 9527/7/6 9528/7/6 9535/7/6
f 9528/7/6 9499/7/6 9536/7/6
f 9535/7/6 9528/7/6 9536/7/6
f 9536/7/6 9499/7/6 9538/7/6
f 9537/7/6 9538/7/6 9539/7/6
f 9538/7/6 9499/7/6 9540/7/6
f 9539/7/6 9538/7/6 9540/7/6
f 9533/7/6 9534/7/6 9541/7/6
f 9529/7/6 9533/7/6 9541/7/6
f 9541/7/6 9534/7/6 9542/7/6
f 9540/7/6 9499/7/6 9544/7/6
f 9529/7/6 9541/7/6 9545/7/6
f 9543/7/6 9544/7/6 9547/7/6
f 9544/7/6 9499/7/6 9548/7/6
f 9547/7/6 9544/7/6 9548/7/6
f 9548/7/6 9499/7/6 9550/7/6
f 9545/7/6 9546/7/6 9551/7/6
f 9529/7/6 9545/7/6 9551/7/6
f 9551/7/6 9546/7/6 9552/7/6
f 9529/7/6 9551/7/6 9553/7/6
f 9549/7/6 9550/7/6 9555/7/6
f 9550/7/6 9499/7/6 9556/7/6
f 9555/7/6 9550/7/6 9556/7/6
f 9553/7/6 9554/7/6 9557/7/6
f 9529/7/6 9553/7/6 9557/7/6
f 9557/7/6 9554/7/6 9558/7/6
f 9556/7/6 9499/7/6 9560/7/6
f 9466/7/6 9529/7/6 9562/7/6
f 9529/7/6 9557/7/6 9562/7/6
f 9562/7/6 9557/7/6 9563/7/6
f 9559/7/6 9560/7/6 9565/7/6
f 9560/7/6 9499/7/6 9566/7/6
f 9565/7/6 9560/7/6 9566/7/6
f 9566/7/6 9499/7/6 9568/7/6
f 9563/7/6 9564/7/6 9569/7/6
f 9561/7/6 9562/7/6 9569/7/6
f 9562/7/6 9563/7/6 9569/7/6
f 9569/7/6 9564/7/6 9570/7/6
f 9561/7/6 9569/7/6 9571/7/6
f 9567/7/6 9568/7/6 9573/7/6
f 9568/7/6 9499/7/6 9574/7/6
f 9573/7/6 9568/7/6 9574/7/6
f 9574/7/6 9499/7/6 9575/7/6
f 9571/7/6 9572/7/6 9577/7/6
f 9561/7/6 9571/7/6 9577/7/6
f 9577/7/6 9572/7/6 9578/7/6
f 9575/7/6 9576/7/6 9580/7/6
f 9574/7/6 9575/7/6 9580/7/6
f 9561/7/6 9577/7/6 9581/7/6
f 9579/7/6 9580/7/6 9583/7/6
f 9580/7/6 9576/7/6 9583/7/6
f 9583/7/6 9576/7/6 9584/7/6
f 9581/7/6 9582/7/6 9585/7/6
f 9561/7/6 9581/7/6 9585/7/6
f 9585/7/6 9582/7/6 9586/7/6
f 9579/7/6 9583/7/6 9587/7/6
f 9587/7/6 9583/7/6 9588/7/6
f 9584/7/6 9576/7/6 9589/7/6
f 9589/7/6 9576/7/6 9590/7/6
f 9586/7/6 9582/7/6 9591/7/6
f 9591/7/6 9582/7/6 9592/7/6
f 9579/7/6 9587/7/6 9593/7/6
f 9593/7/6 9587/7/6 9594/7/6
f 9594/7/6 9587/7/6 9595/7/6
f 9590/7/6 9576/7/6 9598/7/6
f 9561/7/6 9585/7/6 9599/7/6
f 9586/7/6 9591/7/6 9600/7/6
f 9600/7/6 9591/7/6 9601/7/6
f 9595/7/6 9596/7/6 9604/7/6
f 9594/7/6 9595/7/6 9604/7/6
f 9604/7/6 9596/7/6 9605/7/6
f 9597/7/6 9598/7/6 9606/7/6
f 9600/7/6 9601/7/6 9607/7/6
f 9601/7/6 9602/7/6 9607/7/6
f 9599/7/6 9600/7/6 9607/7/6
f 9607/7/6 9602/7/6 9608/7/6
f 9561/7/6 9599/7/6 9609/7/6
f 9599/7/6 9607/7/6 9609/7/6
f 9609/7/6 9607/7/6 9610/7/6
f 9610/7/6 9607/7/6 9611/7/6
f 9605/7/6 9606/7/6 9613/7/6
f 9604/7/6 9605/7/6 9613/7/6
f 9603/7/6 9604/7/6 9613/7/6
f 9613/7/6 9606/7/6 9614/7/6
f 9606/7/6 9598/7/6 9615/7/6
f 9614/7/6 9606/7/6 9615/7/6
f 9598/7/6 9576/7/6 9615/7/6
f 9615/7/6 9576/7/6 9616/7/6
f 9614/7/6 9615/7/6 9617/7/6
f 9617/7/6 9615/7/6 9618/7/6
f 9611/7/6 9612/7/6 9619/7/6
f 9610/7/6 9611/7/6 9619/7/6
f 9619/7/6 9612/7/6 9620/7/6
f 9621/7/6 9622/7/6 9631/7/6
f 9631/7/6 9622/7/6 9632/7/6
f 9623/7/6 9624/7/6 9633/7/6
f 9633/7/6 9624/7/6 9634/7/6
f 9625/7/6 9626/7/6 9637/7/6
f 9637/7/6 9626/7/6 9638/7/6
f 9627/7/6 9628/7/6 9639/7/6
f 9639/7/6 9628/7/6 9640/7/6
f 9629/7/6 9630/7/6 9641/7/6
f 9641/7/6 9630/7/6 9642/7/6
f 9635/7/6 9636/7/6 9645/7/6
f 9645/7/6 9636/7/6 9646/7/6
f 9643/7/6 9644/7/6 9649/7/6
f 9649/7/6 9644/7/6 9650/7/6
f 9647/7/6 9648/7/6 9653/7/6
f 9653/7/6 9648/7/6 9654/7/6
f 9651/7/6 9652/7/6 9655/7/6
f 9655/7/6 9652/7/6 9656/7/6
f 9657/7/6 9658/7/6 9659/7/6
f 9659/7/6 9658/7/6 9660/7/6
f 9663/7/6 9664/7/6 9667/7/6
f 9667/7/6 9664/7/6 9668/7/6
f 9661/7/6 9662/7/6 9669/7/6
f 9669/7/6 9662/7/6 9670/7/6
f 9665/7/6 9666/7/6 9671/7/6
f 9671/7/6 9666/7/6 9672/7/6
f 9673/12/6 9674/12/6 9676/12/6
f 9676/12/6 9674/12/6 9677/12/6
f 9675/12/6 9676/12/6 9681/12/6
f 9676/3/6 9677/3/6 9682/3/6
f 9681/12/6 9676/12/6 9682/12/6
f 9677/12/6 9678/12/6 9683/12/6
f 9682/3/6 9677/3/6 9683/3/6
f 9683/12/6 9678/12/6 9684/12/6
f 9679/7/6 9680/7/6 9685/7/6
f 9685/7/6 9680/7/6 9686/7/6
f 9682/12/6 9683/12/6 9687/12/6
f 9687/12/6 9683/12/6 9688/12/6
f 9689/7/6 9690/7/6 9691/7/6
f 9691/7/6 9690/7/6 9692/7/6
f 9693/7/6 9694/7/6 9695/7/6
f 9695/7/6 9694/7/6 9696/7/6
f 9697/7/6 9698/7/6 9701/7/6
f 9701/7/6 9698/7/6 9702/7/6
f 9699/7/6 9700/7/6 9703/7/6
f 9703/7/6 9700/7/6 9704/7/6
f 9705/7/6 9706/7/6 9707/7/6
f 9707/7/6 9706/7/6 9708/7/6
f 9709/7/6 9710/7/6 9711/7/6
f 9711/7/6 9710/7/6 9712/7/6
f 9713/7/6 9714/7/6 9715/7/6
f 9715/7/6 9714/7/6 9716/7/6
f 9717/7/6 9718/7/6 9719/7/6
f 9719/7/6 9718/7/6 9720/7/6
f 9721/7/6 9722/7/6 9723/7/6
f 9723/7/6 9722/7/6 9724/7/6
f 9725/7/6 9726/7/6 9727/7/6
f 9727/7/6 9726/7/6 9728/7/6
f 9729/7/6 9730/7/6 9733/7/6
f 9733/7/6 9730/7/6 9734/7/6
f 9731/7/6 9732/7/6 9735/7/6
f 9735/7/6 9732/7/6 9736/7/6
f 9737/7/6 9738/7/6 9739/7/6
f 9739/7/6 9738/7/6 9740/7/6
f 9741/7/6 9742/7/6 9745/7/6
f 9745/7/6 9742/7/6 9746/7/6
f 9743/7/6 9744/7/6 9747/7/6
f 9747/7/6 9744/7/6 9748/7/6
f 9749/7/6 9750/7/6 9751/7/6
f 9751/7/6 9750/7/6 9752/7/6
f 9753/7/6 9754/7/6 9755/7/6
f 9755/7/6 9754/7/6 9756/7/6
f 9757/7/6 9758/7/6 9759/7/6
f 9759/7/6 9758/7/6 9760/7/6
f 9761/2/6 9762/2/6 9766/2/6
f 9766/2/6 9762/2/6 9767/2/6
f 9763/7/6 9764/7/6 9769/7/6
f 9769/7/6 9764/7/6 9770/7/6
f 9765/2/6 9766/2/6 9773/2/6
f 9766/3/6 9767/3/6 9774/3/6
f 9773/2/6 9766/2/6 9774/2/6
f 9767/2/6 9768/2/6 9775/2/6
f 9774/3/6 9767/3/6 9775/3/6
f 9775/2/6 9768/2/6 9776/2/6
f 9771/7/6 9772/7/6 9779/7/6
f 9779/7/6 9772/7/6 9780/7/6
f 9774/2/6 9775/2/6 9781/2/6
f 9781/2/6 9775/2/6 9782/2/6
f 9777/7/6 9778/7/6 9785/7/6
f 9785/7/6 9778/7/6 9786/7/6
f 9783/7/6 9784/7/6 9789/7/6
f 9789/7/6 9784/7/6 9790/7/6
f 9787/7/6 9788/7/6 9791/7/6
f 9791/7/6 9788/7/6 9792/7/6
f 9793/7/6 9794/7/6 9795/7/6
f 9795/7/6 9794/7/6 9796/7/6
f 9797/7/6 9798/7/6 9805/7/6
f 9805/7/6 9798/7/6 9806/7/6
f 9799/7/6 9800/7/6 9807/7/6
f 9807/7/6 9800/7/6 9808/7/6
f 9801/7/6 9802/7/6 9809/7/6
f 9809/7/6 9802/7/6 9810/7/6
f 9803/7/6 9804/7/6 9811/7/6
f 9811/7/6 9804/7/6 9812/7/6
f 9813/7/6 9814/7/6 9815/7/6
f 9815/7/6 9814/7/6 9816/7/6
f 9817/7/6 9818/7/6 9823/7/6
f 9823/7/6 9818/7/6 9824/7/6
f 9819/7/6 9820/7/6 9825/7/6
f 9825/7/6 9820/7/6 9826/7/6
f 9821/7/6 9822/7/6 9827/7/6
f 9827/7/6 9822/7/6 9828/7/6
f 9829/7/6 9830/7/6 9834/7/6
f 9834/7/6 9830/7/6 9835/7/6
f 9831/7/6 9832/7/6 9838/7/6
f 9838/7/6 9832/7/6 9839/7/6
f 9835/7/6 9836/7/6 9841/7/6
f 9833/7/6 9834/7/6 9841/7/6
f 9834/7/6 9835/7/6 9841/7/6
f 9841/7/6 9836/7/6 9842/7/6
f 9842/7/6 9836/7/6 9843/7/6
f 9839/7/6 9840/7/6 9845/7/6
f 9838/7/6 9839/7/6 9845/7/6
f 9837/7/6 9838/7/6 9845/7/6
f 9833/7/6 9841/7/6 9846/7/6
f 9846/7/6 9841/7/6 9847/7/6
f 9842/7/6 9843/7/6 9848/7/6
f 9848/7/6 9843/7/6 9849/7/6
f 9844/7/6 9845/7/6 9851/7/6
f 9833/7/6 9846/7/6 9852/7/6
f 9849/7/6 9843/7/6 9855/7/6
f 9852/7/6 9853/7/6 9856/7/6
f 9854/7/6 9855/7/6 9857/7/6
f 9850/7/6 9851/7/6 9858/7/6
f 9845/7/6 9840/7/6 9858/7/6
f 9851/7/6 9845/7/6 9858/7/6
f 9858/7/6 9840/7/6 9859/7/6
f 9859/7/6 9840/7/6 9860/7/6
f 9860/7/6 9840/7/6 9861/7/6
f 9861/7/6 9840/7/6 9862/7/6
f 9862/7/6 9840/7/6 9863/7/6
f 9850/7/6 9858/7/6 9864/7/6
f 9864/7/6 9858/7/6 9865/7/6
f 9859/7/6 9860/7/6 9866/7/6
f 9866/7/6 9860/7/6 9867/7/6
f 9861/7/6 9862/7/6 9868/7/6
f 9868/7/6 9862/7/6 9869/7/6
f 9863/7/6 9840/7/6 9870/7/6
f 9870/7/6 9840/7/6 9871/7/6
f 9871/7/6 9840/7/6 9872/7/6
f 9856/7/6 9857/7/6 9873/7/6
f 9852/7/6 9856/7/6 9873/7/6
f 9833/7/6 9852/7/6 9873/7/6
f 9873/7/6 9857/7/6 9874/7/6
f 9874/7/6 9857/7/6 9875/7/6
f 9875/7/6 9857/7/6 9876/7/6
f 9850/7/6 9864/7/6 9877/7/6
f 9877/7/6 9864/7/6 9878/7/6
f 9833/7/6 9873/7/6 9879/7/6
f 9879/7/6 9873/7/6 9880/7/6
f 9874/7/6 9875/7/6 9881/7/6
f 9881/7/6 9875/7/6 9882/7/6
f 9876/7/6 9857/7/6 9883/7/6
f 9883/7/6 9857/7/6 9884/7/6
f 9884/7/6 9857/7/6 9885/7/6
f 9850/7/6 9877/7/6 9886/7/6
f 9885/7/6 9857/7/6 9889/7/6
f 9886/7/6 9887/7/6 9890/7/6
f 9850/7/6 9886/7/6 9890/7/6
f 9890/7/6 9887/7/6 9891/7/6
f 9888/7/6 9889/7/6 9892/7/6
f 9889/7/6 9857/7/6 9893/7/6
f 9892/7/6 9889/7/6 9893/7/6
f 9850/7/6 9890/7/6 9894/7/6
f 9893/7/6 9857/7/6 9897/7/6
f 9896/7/6 9897/7/6 9898/7/6
f 9897/7/6 9857/7/6 9899/7/6
f 9898/7/6 9897/7/6 9899/7/6
f 9850/7/6 9894/7/6 9900/7/6
f 9894/7/6 9895/7/6 9900/7/6
f 9900/7/6 9895/7/6 9901/7/6
f 9899/7/6 9857/7/6 9903/7/6
f 9850/7/6 9900/7/6 9904/7/6
f 9850/7/6 9904/7/6 9906/7/6
f 9904/7/6 9905/7/6 9906/7/6
f 9906/7/6 9905/7/6 9907/7/6
f 9902/7/6 9903/7/6 9908/7/6
f 9903/7/6 9857/7/6 9909/7/6
f 9908/7/6 9903/7/6 9909/7/6
f 9850/7/6 9906/7/6 9910/7/6
f 9909/7/6 9857/7/6 9913/7/6
f 9850/7/6 9910/7/6 9914/7/6
f 9910/7/6 9911/7/6 9914/7/6
f 9914/7/6 9911/7/6 9915/7/6
f 9912/7/6 9913/7/6 9916/7/6
f 9913/7/6 9857/7/6 9917/7/6
f 9916/7/6 9913/7/6 9917/7/6
f 9850/7/6 9914/7/6 9918/7/6
f 9917/7/6 9857/7/6 9921/7/6
f 9920/7/6 9921/7/6 9922/7/6
f 9921/7/6 9857/7/6 9923/7/6
f 9922/7/6 9921/7/6 9923/7/6
f 9850/7/6 9918/7/6 9924/7/6
f 9918/7/6 9919/7/6 9924/7/6
f 9924/7/6 9919/7/6 9925/7/6
f 9923/7/6 9857/7/6 9927/7/6
f 9850/7/6 9924/7/6 9928/7/6
f 9926/7/6 9927/7/6 9930/7/6
f 9927/7/6 9857/7/6 9931/7/6
f 9930/7/6 9927/7/6 9931/7/6
f 9931/7/6 9857/7/6 9933/7/6
f 9928/7/6 9929/7/6 9934/7/6
f 9850/7/6 9928/7/6 9934/7/6
f 9934/7/6 9929/7/6 9935/7/6
f 9850/7/6 9934/7/6 9936/7/6
f 9932/7/6 9933/7/6 9938/7/6
f 9933/7/6 9857/7/6 9939/7/6
f 9938/7/6 9933/7/6 9939/7/6
f 9939/7/6 9857/7/6 9941/7/6
f 9936/7/6 9937/7/6 9942/7/6
f 9850/7/6 9936/7/6 9942/7/6
f 9942/7/6 9937/7/6 9943/7/6
f 9940/7/6 9941/7/6 9944/7/6
f 9941/7/6 9857/7/6 9945/7/6
f 9944/7/6 9941/7/6 9945/7/6
f 9850/7/6 9942/7/6 9946/7/6
f 9945/7/6 9857/7/6 9949/7/6
f 9850/7/6 9946/7/6 9950/7/6
f 9946/7/6 9947/7/6 9950/7/6
f 9950/7/6 9947/7/6 9951/7/6
f 9948/7/6 9949/7/6 9952/7/6
f 9949/7/6 9857/7/6 9953/7/6
f 9952/7/6 9949/7/6 9953/7/6
f 9850/7/6 9950/7/6 9954/7/6
f 9953/7/6 9857/7/6 9957/7/6
f 9956/7/6 9957/7/6 9958/7/6
f 9957/7/6 9857/7/6 9959/7/6
f 9958/7/6 9957/7/6 9959/7/6
f 9850/7/6 9954/7/6 9960/7/6
f 9954/7/6 9955/7/6 9960/7/6
f 9960/7/6 9955/7/6 9961/7/6
f 9959/7/6 9857/7/6 9963/7/6
f 9850/7/6 9960/7/6 9964/7/6
f 9964/7/6 9965/7/6 9966/7/6
f 9962/7/6 9963/7/6 9974/7/6
f 9963/7/6 9857/7/6 9975/7/6
f 9974/7/6 9963/7/6 9975/7/6
f 9966/7/6 9967/7/6 9976/7/6
f 9968/7/6 9969/7/6 9977/7/6
f 9977/7/6 9969/7/6 9978/7/6
f 9970/7/6 9971/7/6 9979/7/6
f 9979/7/6 9971/7/6 9980/7/6
f 9972/7/6 9973/7/6 9981/7/6
f 9981/7/6 9973/7/6 9982/7/6
f 9975/7/6 9857/7/6 9986/7/6
f 9985/7/6 9986/7/6 9987/7/6
f 9986/7/6 9857/7/6 9988/7/6
f 9987/7/6 9986/7/6 9988/7/6
f 9988/7/6 9857/7/6 9990/7/6
f 9989/7/6 9990/7/6 9991/7/6
f 9990/7/6 9857/7/6 9992/7/6
f 9991/7/6 9990/7/6 9992/7/6
f 9979/7/6 9980/7/6 9993/7/6
f 9982/7/6 9983/7/6 9993/7/6
f 9977/7/6 9978/7/6 9993/7/6
f 9983/7/6 9984/7/6 9993/7/6
f 9976/7/6 9977/7/6 9993/7/6
f 9978/7/6 9979/7/6 9993/7/6
f 9980/7/6 9981/7/6 9993/7/6
f 9981/7/6 9982/7/6 9993/7/6
f 9993/7/6 9984/7/6 9994/7/6
f 9992/7/6 9857/7/6 9996/7/6
f 9976/7/6 9993/7/6 9997/7/6
f 9966/7/6 9976/7/6 9997/7/6
f 9997/7/6 9993/7/6 9998/7/6
f 9994/7/6 9984/7/6 9999/7/6
f 9999/7/6 9984/7/6 10000/7/6
f 9995/7/6 9996/7/6 10007/7/6
f 9966/7/6 9997/7/6 10008/7/6
f 10000/7/6 9984/7/6 10011/7/6
f 10001/7/6 10002/7/6 10012/7/6
f 10002/7/6 10003/7/6 10012/7/6
f 10004/7/6 10005/7/6 10013/7/6
f 10013/7/6 10005/7/6 10014/7/6
f 10006/7/6 10007/7/6 10015/7/6
f 10008/7/6 10009/7/6 10016/7/6
f 10010/7/6 10011/7/6 10017/7/6
f 9964/7/6 9966/7/6 10018/7/6
f 10016/7/6 10017/7/6 10018/7/6
f 9850/7/6 9964/7/6 10018/7/6
f 10008/7/6 10016/7/6 10018/7/6
f 9966/7/6 10008/7/6 10018/7/6
f 10018/7/6 10017/7/6 10019/7/6
f 10017/7/6 10011/7/6 10020/7/6
f 10019/7/6 10017/7/6 10020/7/6
f 10011/7/6 9984/7/6 10020/7/6
f 10020/7/6 9984/7/6 10021/7/6
f 10001/7/6 10012/7/6 10022/7/6
f 10014/7/6 10015/7/6 10022/7/6
f 10012/7/6 10013/7/6 10022/7/6
f 10013/7/6 10014/7/6 10022/7/6
f 10022/7/6 10015/7/6 10023/7/6
f 10019/7/6 10020/7/6 10024/7/6
f 10024/7/6 10020/7/6 10025/7/6
f 10001/7/6 10022/7/6 10026/7/6
f 10026/7/6 10022/7/6 10027/7/6
f 10023/7/6 10015/7/6 10028/7/6
f 10028/7/6 10015/7/6 10029/7/6
f 10029/7/6 10015/7/6 10033/7/6
f 10030/7/6 10031/7/6 10034/7/6
f 10032/7/6 10033/7/6 10035/7/6
f 10030/7/6 10034/7/6 10036/7/6
f 10034/7/6 10035/7/6 10036/7/6
f 10036/7/6 10035/7/6 10037/7/6
f 9857/7/6 9855/7/6 10038/7/6
f 10037/7/6 10035/7/6 10038/7/6
f 9855/7/6 9843/7/6 10038/7/6
f 10035/7/6 10033/7/6 10038/7/6
f 9996/7/6 9857/7/6 10038/7/6
f 10033/7/6 10015/7/6 10038/7/6
f 10015/7/6 10007/7/6 10038/7/6
f 10007/7/6 9996/7/6 10038/7/6
f 10038/7/6 9843/7/6 10039/7/6
f 10037/7/6 10038/7/6 10040/7/6
f 10040/7/6 10038/7/6 10041/7/6
f 10042/2/6 10043/2/6 10045/2/6
f 10045/2/6 10043/2/6 10046/2/6
f 10044/2/6 10045/2/6 10048/2/6
f 10045/3/6 10046/3/6 10049/3/6
f 10048/2/6 10045/2/6 10049/2/6
f 10046/2/6 10047/2/6 10050/2/6
f 10049/3/6 10046/3/6 10050/3/6
f 10050/2/6 10047/2/6 10051/2/6
f 10049/2/6 10050/2/6 10052/2/6
f 10052/2/6 10050/2/6 10053/2/6
f 10054/7/6 10055/7/6 10060/7/6
f 10060/7/6 10055/7/6 10061/7/6
f 10056/7/6 10057/7/6 10062/7/6
f 10062/7/6 10057/7/6 10063/7/6
f 10058/7/6 10059/7/6 10064/7/6
f 10064/7/6 10059/7/6 10065/7/6
f 10066/7/6 10067/7/6 10072/7/6
f 10072/7/6 10067/7/6 10073/7/6
f 10068/7/6 10069/7/6 10074/7/6
f 10074/7/6 10069/7/6 10075/7/6
f 10070/7/6 10071/7/6 10076/7/6
f 10076/7/6 10071/7/6 10077/7/6
f 10078/7/6 10079/7/6 10082/7/6
f 10082/7/6 10079/7/6 10083/7/6
f 10080/7/6 10081/7/6 10086/7/6
f 10086/7/6 10081/7/6 10087/7/6
f 10084/7/6 10085/7/6 10092/7/6
f 10092/7/6 10085/7/6 10093/7/6
f 10088/7/6 10089/7/6 10094/7/6
f 10094/7/6 10089/7/6 10095/7/6
f 10090/7/6 10091/7/6 10096/7/6
f 10096/7/6 10091/7/6 10097/7/6
f 10098/7/6 10099/7/6 10106/7/6
f 10106/7/6 10099/7/6 10107/7/6
f 10100/7/6 10101/7/6 10108/7/6
f 10108/7/6 10101/7/6 10109/7/6
f 10102/7/6 10103/7/6 10110/7/6
f 10110/7/6 10103/7/6 10111/7/6
f 10104/7/6 10105/7/6 10112/7/6
f 10112/7/6 10105/7/6 10113/7/6
f 10114/7/6 10115/7/6 10116/7/6
f 10116/7/6 10115/7/6 10117/7/6
f 10118/7/6 10119/7/6 10124/7/6
f 10124/7/6 10119/7/6 10125/7/6
f 10120/7/6 10121/7/6 10126/7/6
f 10126/7/6 10121/7/6 10127/7/6
f 10122/7/6 10123/7/6 10128/7/6
f 10128/7/6 10123/7/6 10129/7/6
f 10130/7/6 10131/7/6 10134/7/6
f 10134/7/6 10131/7/6 10135/7/6
f 10132/7/6 10133/7/6 10136/7/6
f 10136/7/6 10133/7/6 10137/7/6
f 10138/7/6 10139/7/6 10140/7/6
f 10140/7/6 10139/7/6 10141/7/6
f 10142/7/6 10143/7/6 10146/7/6
f 10146/7/6 10143/7/6 10147/7/6
f 10144/7/6 10145/7/6 10148/7/6
f 10148/7/6 10145/7/6 10149/7/6
f 10150/7/6 10151/7/6 10152/7/6
f 10152/7/6 10151/7/6 10153/7/6
f 10154/7/6 10155/7/6 10156/7/6
f 10156/7/6 10155/7/6 10157/7/6
f 10158/7/6 10159/7/6 10164/7/6
f 10164/7/6 10159/7/6 10165/7/6
f 10160/7/6 10161/7/6 10166/7/6
f 10166/7/6 10161/7/6 10167/7/6
f 10162/7/6 10163/7/6 10170/7/6
f 10170/7/6 10163/7/6 10171/7/6
f 10168/7/6 10169/7/6 10172/7/6
f 10172/7/6 10169/7/6 10173/7/6
f 10174/7/6 10175/7/6 10180/7/6
f 10180/7/6 10175/7/6 10181/7/6
f 10176/7/6 10177/7/6 10182/7/6
f 10182/7/6 10177/7/6 10183/7/6
f 10178/7/6 10179/7/6 10184/7/6
f 10184/7/6 10179/7/6 10185/7/6
f 10186/7/6 10187/7/6 10192/7/6
f 10192/7/6 10187/7/6 10193/7/6
f 10188/7/6 10189/7/6 10194/7/6
f 10194/7/6 10189/7/6 10195/7/6
f 10190/7/6 10191/7/6 10196/7/6
f 10196/7/6 10191/7/6 10197/7/6
f 10198/7/6 10199/7/6 10206/7/6
f 10206/7/6 10199/7/6 10207/7/6
f 10200/7/6 10201/7/6 10208/7/6
f 10208/7/6 10201/7/6 10209/7/6
f 10202/7/6 10203/7/6 10210/7/6
f 10210/7/6 10203/7/6 10211/7/6
f 10204/7/6 10205/7/6 10214/7/6
f 10214/7/6 10205/7/6 10215/7/6
f 10212/7/6 10213/7/6 10216/7/6
f 10216/7/6 10213/7/6 10217/7/6
f 10218/7/6 10219/7/6 10222/7/6
f 10222/7/6 10219/7/6 10223/7/6
f 10220/2/6 10221/2/6 10225/2/6
f 10225/2/6 10221/2/6 10226/2/6
f 10224/2/6 10225/2/6 10232/2/6
f 10225/3/6 10226/3/6 10233/3/6
f 10232/2/6 10225/2/6 10233/2/6
f 10226/2/6 10227/2/6 10234/2/6
f 10233/3/6 10226/3/6 10234/3/6
f 10234/2/6 10227/2/6 10235/2/6
f 10228/7/6 10229/7/6 10236/7/6
f 10236/7/6 10229/7/6 10237/7/6
f 10230/7/6 10231/7/6 10238/7/6
f 10238/7/6 10231/7/6 10239/7/6
f 10233/2/6 10234/2/6 10240/2/6
f 10240/2/6 10234/2/6 10241/2/6
f 10242/2/6 10243/2/6 10245/2/6
f 10245/2/6 10243/2/6 10246/2/6
f 10244/2/6 10245/2/6 10248/2/6
f 10245/3/6 10246/3/6 10249/3/6
f 10248/2/6 10245/2/6 10249/2/6
f 10246/2/6 10247/2/6 10250/2/6
f 10249/3/6 10246/3/6 10250/3/6
f 10250/2/6 10247/2/6 10251/2/6
f 10249/2/6 10250/2/6 10252/2/6
f 10252/2/6 10250/2/6 10253/2/6
f 10254/10/6 10255/10/6 10258/10/6
f 10258/10/6 10255/10/6 10259/10/6
f 10256/10/6 10257/10/6 10260/10/6
f 10260/10/6 10257/10/6 10261/10/6
f 10262/10/6 10263/10/6 10266/10/6
f 10266/10/6 10263/10/6 10267/10/6
f 10264/10/6 10265/10/6 10268/10/6
f 10268/10/6 10265/10/6 10269/10/6
f 10270/10/6 10271/10/6 10274/10/6
f 10274/10/6 10271/10/6 10275/10/6
f 10272/10/6 10273/10/6 10276/10/6
f 10276/10/6 10273/10/6 10277/10/6
f 10278/10/6 10279/10/6 10282/10/6
f 10282/10/6 10279/10/6 10283/10/6
f 10280/10/6 10281/10/6 10284/10/6
f 10284/10/6 10281/10/6 10285/10/6
f 10286/7/6 10287/7/6 10289/7/6
f 10289/7/6 10287/7/6 10290/7/6
f 10288/7/6 10289/7/6 10294/7/6
f 10289/7/6 10290/7/6 10294/7/6
f 10290/7/6 10291/7/6 10294/7/6
f 10294/7/6 10291/7/6 10295/7/6
f 10292/7/6 10293/7/6 10297/7/6
f 10297/7/6 10293/7/6 10298/7/6
f 10288/7/6 10294/7/6 10300/7/6
f 10295/7/6 10291/7/6 10301/7/6
f 10288/7/6 10300/7/6 10302/7/6
f 10300/7/6 10301/7/6 10302/7/6
f 10301/7/6 10291/7/6 10303/7/6
f 10302/7/6 10301/7/6 10303/7/6
f 10303/7/6 10291/7/6 10304/7/6
f 10304/7/6 10291/7/6 10305/7/6
f 10288/7/6 10302/7/6 10306/7/6
f 10303/7/6 10304/7/6 10307/7/6
f 10307/7/6 10304/7/6 10308/7/6
f 10308/7/6 10304/7/6 10309/7/6
f 10305/7/6 10291/7/6 10310/7/6
f 10310/7/6 10291/7/6 10311/7/6
f 10306/7/6 10307/7/6 10312/7/6
f 10307/7/6 10308/7/6 10312/7/6
f 10311/7/6 10291/7/6 10315/7/6
f 10312/7/6 10313/7/6 10316/7/6
f 10288/7/6 10306/7/6 10316/7/6
f 10306/7/6 10312/7/6 10316/7/6
f 10316/7/6 10313/7/6 10317/7/6
f 10317/7/6 10313/7/6 10318/7/6
f 10314/7/6 10315/7/6 10319/7/6
f 10288/7/6 10316/7/6 10320/7/6
f 10317/7/6 10318/7/6 10321/7/6
f 10318/7/6 10319/7/6 10321/7/6
f 10298/7/6 10299/7/6 10322/7/6
f 10296/7/6 10297/7/6 10322/7/6
f 10297/7/6 10298/7/6 10322/7/6
f 10322/7/6 10299/7/6 10323/7/6
f 10288/7/6 10320/7/6 10324/7/6
f 10320/7/6 10321/7/6 10324/7/6
f 10321/7/6 10319/7/6 10325/7/6
f 10324/7/6 10321/7/6 10325/7/6
f 10296/7/6 10322/7/6 10326/7/6
f 10326/7/6 10322/7/6 10327/7/6
f 10323/7/6 10299/7/6 10328/7/6
f 10328/7/6 10299/7/6 10329/7/6
f 10288/7/6 10324/7/6 10330/7/6
f 10325/7/6 10319/7/6 10331/7/6
f 10296/7/6 10326/7/6 10332/7/6
f 10329/7/6 10299/7/6 10335/7/6
f 10332/7/6 10333/7/6 10336/7/6
f 10334/7/6 10335/7/6 10337/7/6
f 10330/7/6 10331/7/6 10338/7/6
f 10288/7/6 10330/7/6 10338/7/6
f 10331/7/6 10319/7/6 10339/7/6
f 10338/7/6 10331/7/6 10339/7/6
f 10288/7/6 10338/7/6 10340/7/6
f 10339/7/6 10319/7/6 10341/7/6
f 10288/7/6 10340/7/6 10342/7/6
f 10340/7/6 10341/7/6 10342/7/6
f 10341/7/6 10319/7/6 10343/7/6
f 10342/7/6 10341/7/6 10343/7/6
f 10288/7/6 10342/7/6 10346/7/6
f 10343/7/6 10319/7/6 10347/7/6
f 10347/7/6 10319/7/6 10348/7/6
f 10315/7/6 10291/7/6 10349/7/6
f 10348/7/6 10319/7/6 10349/7/6
f 10319/7/6 10315/7/6 10349/7/6
f 10344/11/6 10345/11/6 10351/11/6
f 10351/11/6 10345/11/6 10352/11/6
f 10347/7/6 10348/7/6 10354/7/6
f 10346/7/6 10347/7/6 10354/7/6
f 10288/7/6 10346/7/6 10354/7/6
f 10354/7/6 10348/7/6 10355/7/6
f 10355/7/6 10348/7/6 10356/7/6
f 10349/7/6 10291/7/6 10357/7/6
f 10350/11/6 10351/11/6 10358/11/6
f 10358/11/6 10351/11/6 10359/11/6
f 10352/11/6 10353/11/6 10360/11/6
f 10360/11/6 10353/11/6 10361/11/6
f 10288/7/6 10354/7/6 10362/7/6
f 10356/7/6 10357/7/6 10363/7/6
f 10355/7/6 10356/7/6 10363/7/6
f 10359/11/6 10360/11/6 10364/11/6
f 10364/11/6 10360/11/6 10365/11/6
f 10362/7/6 10363/7/6 10366/7/6
f 10288/7/6 10362/7/6 10366/7/6
f 10363/7/6 10357/7/6 10367/7/6
f 10366/7/6 10363/7/6 10367/7/6
f 10288/7/6 10366/7/6 10368/7/6
f 10367/7/6 10357/7/6 10369/7/6
f 10336/7/6 10337/7/6 10370/7/6
f 10337/7/6 10335/7/6 10370/7/6
f 10335/7/6 10299/7/6 10371/7/6
f 10370/7/6 10335/7/6 10371/7/6
f 10368/7/6 10369/7/6 10372/7/6
f 10288/7/6 10368/7/6 10372/7/6
f 10369/7/6 10357/7/6 10373/7/6
f 10372/7/6 10369/7/6 10373/7/6
f 10336/7/6 10370/7/6 10374/7/6
f 10371/7/6 10299/7/6 10375/7/6
f 10288/7/6 10372/7/6 10376/7/6
f 10373/7/6 10357/7/6 10377/7/6
f 10288/7/6 10376/7/6 10378/7/6
f 10376/7/6 10377/7/6 10378/7/6
f 10377/7/6 10357/7/6 10379/7/6
f 10378/7/6 10377/7/6 10379/7/6
f 10288/7/6 10378/7/6 10380/7/6
f 10379/7/6 10357/7/6 10381/7/6
f 10336/7/6 10374/7/6 10382/7/6
f 10374/7/6 10375/7/6 10382/7/6
f 10382/7/6 10375/7/6 10383/7/6
f 10332/7/6 10336/7/6 10384/7/6
f 10336/7/6 10382/7/6 10384/7/6
f 10384/7/6 10382/7/6 10385/7/6
f 10383/7/6 10375/7/6 10386/7/6
f 10375/7/6 10299/7/6 10387/7/6
f 10386/7/6 10375/7/6 10387/7/6
f 10380/7/6 10381/7/6 10388/7/6
f 10288/7/6 10380/7/6 10388/7/6
f 10381/7/6 10357/7/6 10389/7/6
f 10388/7/6 10381/7/6 10389/7/6
f 10332/7/6 10384/7/6 10390/7/6
f 10387/7/6 10299/7/6 10393/7/6
f 10288/7/6 10388/7/6 10394/7/6
f 10389/7/6 10357/7/6 10395/7/6
f 10390/7/6 10391/7/6 10396/7/6
f 10392/7/6 10393/7/6 10397/7/6
f 10394/7/6 10395/7/6 10398/7/6
f 10288/7/6 10394/7/6 10398/7/6
f 10398/7/6 10395/7/6 10399/7/6
f 10395/7/6 10357/7/6 10400/7/6
f 10399/7/6 10395/7/6 10400/7/6
f 10400/7/6 10357/7/6 10401/7/6
f 10401/7/6 10357/7/6 10402/7/6
f 10402/7/6 10357/7/6 10403/7/6
f 10357/7/6 10291/7/6 10404/7/6
f 10403/7/6 10357/7/6 10404/7/6
f 10404/7/6 10291/7/6 10405/7/6
f 10405/7/6 10291/7/6 10406/7/6
f 10406/7/6 10291/7/6 10407/7/6
f 10400/7/6 10401/7/6 10408/7/6
f 10408/7/6 10401/7/6 10409/7/6
f 10402/7/6 10403/7/6 10410/7/6
f 10410/7/6 10403/7/6 10411/7/6
f 10404/7/6 10405/7/6 10412/7/6
f 10412/7/6 10405/7/6 10413/7/6
f 10396/7/6 10397/7/6 10414/7/6
f 10390/7/6 10396/7/6 10414/7/6
f 10296/7/6 10332/7/6 10414/7/6
f 10332/7/6 10390/7/6 10414/7/6
f 10414/7/6 10397/7/6 10415/7/6
f 10397/7/6 10393/7/6 10416/7/6
f 10415/7/6 10397/7/6 10416/7/6
f 10393/7/6 10299/7/6 10416/7/6
f 10416/7/6 10299/7/6 10417/7/6
f 10415/7/6 10416/7/6 10418/7/6
f 10418/7/6 10416/7/6 10419/7/6
f 10420/11/6 10421/11/6 10423/11/6
f 10423/11/6 10421/11/6 10424/11/6
f 10422/11/6 10423/11/6 10426/11/6
f 10426/11/6 10423/11/6 10427/11/6
f 10424/11/6 10425/11/6 10428/11/6
f 10428/11/6 10425/11/6 10429/11/6
f 10427/11/6 10428/11/6 10430/11/6
f 10430/11/6 10428/11/6 10431/11/6
f 10432/2/6 10433/2/6 10435/2/6
f 10435/2/6 10433/2/6 10436/2/6
f 10434/2/6 10435/2/6 10438/2/6
f 10435/3/6 10436/3/6 10439/3/6
f 10438/2/6 10435/2/6 10439/2/6
f 10436/2/6 10437/2/6 10440/2/6
f 10439/3/6 10436/3/6 10440/3/6
f 10440/2/6 10437/2/6 10441/2/6
f 10439/2/6 10440/2/6 10442/2/6
f 10442/2/6 10440/2/6 10443/2/6
f 10444/12/6 10445/12/6 10447/12/6
f 10447/12/6 10445/12/6 10448/12/6
f 10446/12/6 10447/12/6 10450/12/6
f 10447/3/6 10448/3/6 10451/3/6
f 10450/12/6 10447/12/6 10451/12/6
f 10448/12/6 10449/12/6 10452/12/6
f 10451/3/6 10448/3/6 10452/3/6
f 10452/12/6 10449/12/6 10453/12/6
f 10451/12/6 10452/12/6 10454/12/6
f 10454/12/6 10452/12/6 10455/12/6
f 10456/10/6 10457/10/6 10458/10/6
f 10458/10/6 10457/10/6 10459/10/6
f 10460/12/6 10461/12/6 10463/12/6
f 10463/12/6 10461/12/6 10464/12/6
f 10462/12/6 10463/12/6 10466/12/6
f 10463/3/6 10464/3/6 10467/3/6
f 10466/12/6 10463/12/6 10467/12/6
f 10464/12/6 10465/12/6 10468/12/6
f 10467/3/6 10464/3/6 10468/3/6
f 10468/12/6 10465/12/6 10469/12/6
f 10467/12/6 10468/12/6 10470/12/6
f 10470/12/6 10468/12/6 10471/12/6
f 10472/10/6 10473/10/6 10476/10/6
f 10476/10/6 10473/10/6 10477/10/6
f 10474/10/6 10475/10/6 10478/10/6
f 10478/10/6 10475/10/6 10479/10/6
f 10480/10/6 10481/10/6 10484/10/6
f 10484/10/6 10481/10/6 10485/10/6
f 10482/10/6 10483/10/6 10486/10/6
f 10486/10/6 10483/10/6 10487/10/6
f 10488/10/6 10489/10/6 10490/10/6
f 10490/10/6 10489/10/6 10491/10/6
f 10492/6/6 10493/6/6 10494/6/6
f 10494/6/6 10493/6/6 10495/6/6
f 10496/6/6 10497/6/6 10498/6/6
f 10498/6/6 10497/6/6 10499/6/6
f 10500/6/6 10501/6/6 10502/6/6
f 10502/6/6 10501/6/6 10503/6/6
f 10504/6/6 10505/6/6 10506/6/6
f 10506/6/6 10505/6/6 10507/6/6
f 10508/6/6 10509/6/6 10510/6/6
f 10510/6/6 10509/6/6 10511/6/6
f 10512/6/6 10513/6/6 10514/6/6
f 10514/6/6 10513/6/6 10515/6/6
f 10516/6/6 10517/6/6 10518/6/6
f 10518/6/6 10517/6/6 10519/6/6
f 10520/6/6 10521/6/6 10522/6/6
f 10522/6/6 10521/6/6 10523/6/6
f 10524/6/6 10525/6/6 10526/6/6
f 10526/6/6 10525/6/6 10527/6/6
f 10528/6/6 10529/6/6 10530/6/6
f 10530/6/6 10529/6/6 10531/6/6
f 10532/6/6 10533/6/6 10534/6/6
f 10534/6/6 10533/6/6 10535/6/6
f 10535/6/6 10536/6/6 10541/6/6
f 10541/6/6 10536/6/6 10542/6/6
f 10537/6/6 10538/6/6 10543/6/6
f 10543/6/6 10538/6/6 10544/6/6
f 10539/6/6 10540/6/6 10545/6/6
f 10545/6/6 10540/6/6 10546/6/6
f 10547/10/6 10548/10/6 10550/10/6
f 10550/10/6 10548/10/6 10551/10/6
f 10549/10/6 10550/10/6 10553/10/6
f 10553/10/6 10550/10/6 10554/10/6
f 10551/10/6 10552/10/6 10555/10/6
f 10555/10/6 10552/10/6 10556/10/6
f 10554/10/6 10555/10/6 10557/10/6
f 10557/10/6 10555/10/6 10558/10/6
f 10559/6/6 10560/6/6 10561/6/6
f 10561/6/6 10560/6/6 10562/6/6
f 10563/6/6 10564/6/6 10565/6/6
f 10565/6/6 10564/6/6 10566/6/6
f 10567/6/6 10568/6/6 10569/6/6
f 10569/6/6 10568/6/6 10570/6/6
f 10571/6/6 10572/6/6 10573/6/6
f 10573/6/6 10572/6/6 10574/6/6
f 10575/6/6 10576/6/6 10577/6/6
f 10577/6/6 10576/6/6 10578/6/6
f 10579/6/6 10580/6/6 10581/6/6
f 10581/6/6 10580/6/6 10582/6/6
f 10583/6/6 10584/6/6 10585/6/6
f 10585/6/6 10584/6/6 10586/6/6
f 10587/6/6 10588/6/6 10589/6/6
f 10589/6/6 10588/6/6 10590/6/6
f 10591/6/6 10592/6/6 10593/6/6
f 10593/6/6 10592/6/6 10594/6/6
f 10595/6/6 10596/6/6 10597/6/6
f 10597/6/6 10596/6/6 10598/6/6
f 10599/6/6 10600/6/6 10601/6/6
f 10601/6/6 10600/6/6 10602/6/6
f 10603/6/6 10604/6/6 10611/6/6
f 10611/6/6 10604/6/6 10612/6/6
f 10605/6/6 10606/6/6 10613/6/6
f 10613/6/6 10606/6/6 10614/6/6
f 10607/6/6 10608/6/6 10615/6/6
f 10615/6/6 10608/6/6 10616/6/6
f 10609/6/6 10610/6/6 10617/6/6
f 10617/6/6 10610/6/6 10618/6/6
f 10619/11/6 10620/11/6 10621/11/6
f 10621/11/6 10620/11/6 10622/11/6
f 10623/10/6 10624/10/6 10627/10/6
f 10627/10/6 10624/10/6 10628/10/6
f 10625/10/6 10626/10/6 10629/10/6
f 10629/10/6 10626/10/6 10630/10/6
f 10631/10/6 10632/10/6 10635/10/6
f 10635/10/6 10632/10/6 10636/10/6
f 10633/10/6 10634/10/6 10637/10/6
f 10637/10/6 10634/10/6 10638/10/6
f 10639/10/6 10640/10/6 10642/10/6
f 10642/10/6 10640/10/6 10643/10/6
f 10641/10/6 10642/10/6 10645/10/6
f 10645/10/6 10642/10/6 10646/10/6
f 10643/10/6 10644/10/6 10647/10/6
f 10647/10/6 10644/10/6 10648/10/6
f 10646/10/6 10647/10/6 10649/10/6
f 10649/10/6 10647/10/6 10650/10/6
f 10651/10/6 10652/10/6 10653/10/6
f 10653/10/6 10652/10/6 10654/10/6
f 10655/10/6 10656/10/6 10659/10/6
f 10659/10/6 10656/10/6 10660/10/6
f 10657/10/6 10658/10/6 10661/10/6
f 10661/10/6 10658/10/6 10662/10/6
f 10663/10/6 10664/10/6 10667/10/6
f 10667/10/6 10664/10/6 10668/10/6
f 10665/10/6 10666/10/6 10669/10/6
f 10669/10/6 10666/10/6 10670/10/6
f 10671/10/6 10672/10/6 10674/10/6
f 10674/10/6 10672/10/6 10675/10/6
f 10673/10/6 10674/10/6 10677/10/6
f 10677/10/6 10674/10/6 10678/10/6
f 10675/10/6 10676/10/6 10679/10/6
f 10679/10/6 10676/10/6 10680/10/6
f 10678/10/6 10679/10/6 10681/10/6
f 10681/10/6 10679/10/6 10682/10/6
f 10683/11/6 10684/11/6 10685/11/6
f 10685/11/6 10684/11/6 10686/11/6
